customer_id,customer_name,gender,age,region,city,signup_date
1,Customer_00001,Female,30,South,Lucknow,21-09-2025
2,Customer_00002,Female,41,Central,Pune,05-12-2025
3,Customer_00003,Male,35,West,Mumbai,02-02-2025
4,Customer_00004,Male,30,East,Pune,11-12-2024
5,Customer_00005,Female,46,North,Hyderabad,13-07-2024
6,Customer_00006,Female,29,North,Mumbai,16-06-2024
7,Customer_00007,Male,26,North,Bengaluru,11-01-2025
8,Customer_00008,Male,40,Central,Delhi,03-05-2025
9,Customer_00009,Female,29,East,Ahmedabad,27-12-2024
10,Customer_00010,Female,35,West,Mumbai,26-04-2025
11,Customer_00011,Female,51,North,Pune,31-08-2024
12,Customer_00012,Female,29,Central,Kochi,03-08-2025
13,Customer_00013,Male,24,West,Hyderabad,29-08-2025
14,Customer_00014,Female,32,South,Delhi,11-08-2025
15,Customer_00015,Female,31,North,Chennai,19-06-2024
16,Customer_00016,Male,42,North,Chennai,27-05-2025
17,Customer_00017,Female,20,South,Hyderabad,09-02-2025
18,Customer_00018,Female,61,East,Jaipur,27-07-2025
19,Customer_00019,Male,27,South,Chennai,25-07-2024
20,Customer_00020,Female,39,South,Jaipur,02-06-2024
21,Customer_00021,Female,43,East,Kolkata,17-02-2024
22,Customer_00022,Female,36,North,Chennai,10-10-2025
23,Customer_00023,Female,40,South,Jaipur,01-01-2024
24,Customer_00024,Male,35,South,Chennai,10-02-2025
25,Customer_00025,Female,40,East,Kochi,16-04-2024
26,Customer_00026,Male,30,West,Jaipur,21-06-2024
27,Customer_00027,Female,27,North,Chennai,20-05-2025
28,Customer_00028,Male,18,East,Hyderabad,09-05-2024
29,Customer_00029,Male,38,East,Kolkata,01-02-2025
30,Customer_00030,Male,31,North,Chennai,20-10-2024
31,Customer_00031,Male,38,East,Chennai,05-07-2025
32,Customer_00032,Male,31,North,Pune,22-03-2025
33,Customer_00033,Male,46,North,Pune,16-01-2024
34,Customer_00034,Female,32,Central,Kolkata,30-09-2025
35,Customer_00035,Female,28,Central,Indore,14-12-2024
36,Customer_00036,Female,30,West,Ahmedabad,21-07-2024
37,Customer_00037,Female,39,South,Hyderabad,13-05-2024
38,Customer_00038,Female,63,North,Kochi,09-06-2025
39,Customer_00039,Male,48,West,Lucknow,22-05-2025
40,Customer_00040,Female,22,South,Mumbai,06-03-2024
41,Customer_00041,Female,36,North,Pune,24-04-2025
42,Customer_00042,Male,26,East,Hyderabad,03-04-2025
43,Customer_00043,Female,30,North,Chennai,07-12-2024
44,Customer_00044,Male,31,Central,Chennai,07-12-2025
45,Customer_00045,Female,33,South,Kochi,17-09-2025
46,Customer_00046,Female,43,West,Jaipur,07-06-2024
47,Customer_00047,Female,31,South,Lucknow,09-06-2024
48,Customer_00048,Male,36,East,Bengaluru,10-09-2024
49,Customer_00049,Male,34,East,Kolkata,10-06-2025
50,Customer_00050,Other,27,North,Jaipur,02-07-2025
51,Customer_00051,Male,29,Central,Ahmedabad,03-06-2024
52,Customer_00052,Male,28,West,Hyderabad,30-04-2025
53,Customer_00053,Female,41,Central,Hyderabad,07-03-2025
54,Customer_00054,Female,30,Central,Indore,27-01-2024
55,Customer_00055,Male,52,East,Bengaluru,12-01-2024
56,Customer_00056,Male,26,Central,Hyderabad,07-03-2024
57,Customer_00057,Female,26,North,Ahmedabad,25-06-2025
58,Customer_00058,Male,23,North,Kolkata,05-04-2024
59,Customer_00059,Male,33,North,Pune,02-08-2024
60,Customer_00060,Female,29,South,Bengaluru,12-07-2024
61,Customer_00061,Female,30,South,Lucknow,08-10-2025
62,Customer_00062,Female,44,South,Jaipur,16-10-2024
63,Customer_00063,Male,32,West,Hyderabad,27-06-2025
64,Customer_00064,Female,30,South,Hyderabad,08-02-2024
65,Customer_00065,Other,37,South,Bengaluru,24-07-2024
66,Customer_00066,Female,36,East,Kolkata,08-07-2025
67,Customer_00067,Male,42,North,Kochi,28-04-2025
68,Customer_00068,Other,42,West,Indore,02-12-2024
69,Customer_00069,Female,39,North,Hyderabad,10-05-2025
70,Customer_00070,Female,43,Central,Mumbai,05-09-2024
71,Customer_00071,Male,27,West,Kochi,14-03-2024
72,Customer_00072,Female,33,North,Ahmedabad,07-01-2025
73,Customer_00073,Female,35,North,Indore,02-12-2025
74,Customer_00074,Female,35,West,Kolkata,17-05-2024
75,Customer_00075,Male,65,West,Ahmedabad,01-04-2025
76,Customer_00076,Male,45,West,Indore,19-03-2025
77,Customer_00077,Male,45,West,Pune,18-12-2024
78,Customer_00078,Male,31,North,Ahmedabad,14-02-2025
79,Customer_00079,Female,33,South,Chennai,08-11-2025
80,Customer_00080,Male,42,North,Jaipur,21-06-2025
81,Customer_00081,Male,49,Central,Kochi,28-03-2025
82,Customer_00082,Male,25,East,Lucknow,22-02-2025
83,Customer_00083,Male,29,South,Hyderabad,25-03-2025
84,Customer_00084,Female,32,North,Kolkata,07-08-2025
85,Customer_00085,Female,37,South,Pune,24-04-2024
86,Customer_00086,Female,42,South,Ahmedabad,20-02-2024
87,Customer_00087,Male,41,West,Bengaluru,03-01-2025
88,Customer_00088,Female,39,West,Hyderabad,13-11-2025
89,Customer_00089,Male,26,Central,Hyderabad,29-05-2025
90,Customer_00090,Male,32,East,Bengaluru,28-07-2024
91,Customer_00091,Female,21,North,Chennai,18-09-2025
92,Customer_00092,Female,44,West,Kolkata,09-11-2025
93,Customer_00093,Male,34,West,Jaipur,10-03-2025
94,Customer_00094,Male,22,East,Delhi,14-08-2024
95,Customer_00095,Female,58,West,Jaipur,24-10-2025
96,Customer_00096,Female,18,East,Lucknow,24-09-2024
97,Customer_00097,Male,33,East,Mumbai,25-04-2024
98,Customer_00098,Female,47,South,Indore,22-08-2025
99,Customer_00099,Female,29,North,Pune,25-12-2024
100,Customer_00100,Male,36,North,Jaipur,24-11-2024
101,Customer_00101,Male,39,North,Lucknow,09-02-2024
102,Customer_00102,Male,18,West,Hyderabad,30-06-2024
103,Customer_00103,Female,23,South,Indore,04-05-2025
104,Customer_00104,Male,33,East,Delhi,27-07-2024
105,Customer_00105,Other,33,Central,Chennai,29-09-2024
106,Customer_00106,Female,21,South,Lucknow,28-04-2024
107,Customer_00107,Male,34,South,Pune,16-01-2025
108,Customer_00108,Male,39,West,Lucknow,19-06-2025
109,Customer_00109,Female,47,South,Ahmedabad,14-09-2024
110,Customer_00110,Male,36,North,Indore,27-04-2025
111,Customer_00111,Female,25,South,Bengaluru,23-05-2025
112,Customer_00112,Male,40,North,Pune,01-04-2024
113,Customer_00113,Male,41,Central,Kolkata,09-06-2024
114,Customer_00114,Female,32,West,Pune,28-05-2024
115,Customer_00115,Male,30,West,Delhi,26-04-2024
116,Customer_00116,Female,29,Central,Pune,02-04-2025
117,Customer_00117,Male,40,West,Delhi,18-07-2025
118,Customer_00118,Female,33,North,Jaipur,14-02-2024
119,Customer_00119,Female,37,Central,Hyderabad,21-08-2024
120,Customer_00120,Female,27,East,Indore,09-01-2025
121,Customer_00121,Female,35,West,Jaipur,30-06-2025
122,Customer_00122,Male,23,Central,Lucknow,15-07-2024
123,Customer_00123,Male,28,South,Delhi,25-01-2024
124,Customer_00124,Male,34,North,Mumbai,29-01-2025
125,Customer_00125,Male,27,South,Lucknow,14-12-2025
126,Customer_00126,Other,30,South,Chennai,05-02-2024
127,Customer_00127,Male,42,West,Mumbai,18-04-2025
128,Customer_00128,Female,31,Central,Hyderabad,10-08-2024
129,Customer_00129,Male,30,North,Ahmedabad,13-06-2025
130,Customer_00130,Female,25,East,Jaipur,06-07-2024
131,Customer_00131,Female,29,South,Pune,05-02-2025
132,Customer_00132,Male,34,South,Bengaluru,13-09-2024
133,Customer_00133,Female,40,North,Pune,15-10-2025
134,Customer_00134,Male,19,South,Pune,15-05-2024
135,Customer_00135,Male,42,Central,Pune,13-08-2025
136,Customer_00136,Female,30,South,Kochi,19-03-2025
137,Customer_00137,Male,33,East,Lucknow,21-02-2025
138,Customer_00138,Female,41,West,Indore,18-10-2024
139,Customer_00139,Male,56,South,Jaipur,27-07-2025
140,Customer_00140,Female,39,Central,Delhi,08-05-2024
141,Customer_00141,Male,29,Central,Bengaluru,06-12-2024
142,Customer_00142,Female,36,South,Ahmedabad,13-09-2024
143,Customer_00143,Female,38,East,Pune,24-12-2025
144,Customer_00144,Male,20,South,Kochi,19-07-2025
145,Customer_00145,Male,23,South,Hyderabad,17-11-2025
146,Customer_00146,Female,38,North,Pune,09-04-2024
147,Customer_00147,Male,39,East,Bengaluru,08-02-2024
148,Customer_00148,Female,38,East,Delhi,19-09-2024
149,Customer_00149,Female,41,North,Bengaluru,29-05-2024
150,Customer_00150,Female,30,South,Delhi,24-09-2025
151,Customer_00151,Male,45,Central,Kolkata,20-11-2025
152,Customer_00152,Male,52,South,Ahmedabad,25-11-2024
153,Customer_00153,Male,28,North,Mumbai,29-04-2024
154,Customer_00154,Male,21,East,Hyderabad,06-08-2025
155,Customer_00155,Male,33,Central,Kochi,06-08-2024
156,Customer_00156,Female,43,South,Hyderabad,02-05-2024
157,Customer_00157,Male,41,West,Kochi,31-08-2024
158,Customer_00158,Female,35,West,Lucknow,09-08-2025
159,Customer_00159,Female,18,South,Kolkata,01-06-2025
160,Customer_00160,Female,27,West,Indore,21-01-2024
161,Customer_00161,Male,45,South,Hyderabad,08-07-2024
162,Customer_00162,Female,18,West,Mumbai,12-08-2024
163,Customer_00163,Male,34,West,Lucknow,06-09-2025
164,Customer_00164,Male,28,East,Chennai,10-04-2025
165,Customer_00165,Female,41,North,Lucknow,08-04-2024
166,Customer_00166,Female,18,West,Chennai,28-12-2024
167,Customer_00167,Male,31,South,Lucknow,23-03-2024
168,Customer_00168,Male,36,North,Delhi,23-11-2025
169,Customer_00169,Male,30,North,Ahmedabad,25-10-2025
170,Customer_00170,Female,40,East,Mumbai,25-02-2024
171,Customer_00171,Female,19,West,Ahmedabad,02-12-2025
172,Customer_00172,Male,23,North,Pune,22-01-2024
173,Customer_00173,Male,31,East,Delhi,02-08-2025
174,Customer_00174,Female,37,South,Kochi,03-07-2024
175,Customer_00175,Male,39,West,Lucknow,05-06-2025
176,Customer_00176,Female,36,North,Mumbai,31-07-2025
177,Customer_00177,Male,25,West,Kochi,20-09-2024
178,Customer_00178,Male,28,South,Indore,12-08-2024
179,Customer_00179,Female,45,Central,Kochi,26-09-2025
180,Customer_00180,Female,54,North,Bengaluru,07-02-2024
181,Customer_00181,Male,40,South,Pune,02-05-2024
182,Customer_00182,Male,37,North,Hyderabad,04-06-2024
183,Customer_00183,Male,22,Central,Kochi,27-10-2024
184,Customer_00184,Female,36,Central,Ahmedabad,07-03-2024
185,Customer_00185,Female,18,South,Chennai,06-10-2025
186,Customer_00186,Female,47,West,Kolkata,28-01-2025
187,Customer_00187,Male,40,West,Indore,13-10-2025
188,Customer_00188,Female,33,East,Indore,16-08-2025
189,Customer_00189,Male,22,East,Kolkata,23-07-2025
190,Customer_00190,Male,36,South,Lucknow,22-10-2025
191,Customer_00191,Female,19,North,Kochi,08-02-2025
192,Customer_00192,Male,31,Central,Pune,24-03-2025
193,Customer_00193,Male,38,Central,Chennai,10-05-2024
194,Customer_00194,Male,27,West,Bengaluru,09-03-2024
195,Customer_00195,Female,34,South,Mumbai,10-12-2024
196,Customer_00196,Female,57,South,Mumbai,15-11-2024
197,Customer_00197,Male,18,West,Chennai,25-06-2024
198,Customer_00198,Female,26,Central,Bengaluru,06-08-2025
199,Customer_00199,Female,31,Central,Lucknow,12-06-2025
200,Customer_00200,Female,29,West,Hyderabad,08-06-2024
201,Customer_00201,Male,39,West,Delhi,04-08-2025
202,Customer_00202,Male,39,North,Kochi,16-09-2025
203,Customer_00203,Male,34,North,Mumbai,16-06-2025
204,Customer_00204,Female,35,Central,Lucknow,14-05-2024
205,Customer_00205,Female,18,East,Mumbai,20-04-2024
206,Customer_00206,Other,39,North,Indore,09-10-2024
207,Customer_00207,Male,36,North,Kochi,03-06-2025
208,Customer_00208,Male,27,West,Lucknow,19-12-2025
209,Customer_00209,Male,50,North,Pune,12-07-2024
210,Customer_00210,Male,33,North,Indore,16-02-2024
211,Customer_00211,Female,36,East,Jaipur,07-12-2024
212,Customer_00212,Other,34,West,Kochi,29-08-2024
213,Customer_00213,Female,18,West,Kochi,05-06-2025
214,Customer_00214,Female,24,South,Lucknow,04-01-2025
215,Customer_00215,Female,31,West,Bengaluru,10-05-2024
216,Customer_00216,Male,44,South,Chennai,26-09-2024
217,Customer_00217,Female,29,South,Bengaluru,01-03-2024
218,Customer_00218,Female,36,West,Pune,12-06-2024
219,Customer_00219,Male,39,West,Hyderabad,08-06-2025
220,Customer_00220,Female,26,West,Hyderabad,28-09-2024
221,Customer_00221,Female,25,West,Jaipur,20-12-2025
222,Customer_00222,Male,27,East,Kochi,12-05-2024
223,Customer_00223,Male,27,North,Chennai,31-08-2024
224,Customer_00224,Male,23,South,Jaipur,09-03-2025
225,Customer_00225,Male,43,South,Indore,07-02-2024
226,Customer_00226,Male,40,South,Indore,21-07-2025
227,Customer_00227,Female,23,Central,Ahmedabad,14-11-2024
228,Customer_00228,Male,36,South,Jaipur,24-05-2025
229,Customer_00229,Female,31,Central,Jaipur,10-01-2025
230,Customer_00230,Female,33,West,Ahmedabad,13-07-2025
231,Customer_00231,Female,34,West,Mumbai,08-09-2025
232,Customer_00232,Female,19,East,Kolkata,18-04-2025
233,Customer_00233,Female,18,East,Delhi,28-02-2024
234,Customer_00234,Female,34,East,Ahmedabad,11-08-2025
235,Customer_00235,Male,30,North,Kolkata,13-05-2025
236,Customer_00236,Male,32,West,Indore,05-08-2024
237,Customer_00237,Female,28,South,Jaipur,20-07-2025
238,Customer_00238,Female,34,North,Ahmedabad,20-07-2025
239,Customer_00239,Other,18,West,Mumbai,08-05-2024
240,Customer_00240,Female,34,North,Chennai,17-01-2025
241,Customer_00241,Female,18,Central,Mumbai,22-01-2025
242,Customer_00242,Male,27,Central,Lucknow,25-03-2024
243,Customer_00243,Female,29,Central,Indore,24-05-2025
244,Customer_00244,Female,18,South,Jaipur,26-12-2025
245,Customer_00245,Male,47,North,Hyderabad,18-09-2025
246,Customer_00246,Male,33,Central,Kolkata,12-03-2025
247,Customer_00247,Male,26,South,Jaipur,19-10-2024
248,Customer_00248,Female,53,Central,Mumbai,18-02-2024
249,Customer_00249,Male,36,Central,Kolkata,07-03-2024
250,Customer_00250,Female,37,Central,Kolkata,08-05-2024
251,Customer_00251,Male,32,South,Lucknow,29-01-2024
252,Customer_00252,Male,28,South,Bengaluru,08-12-2024
253,Customer_00253,Female,36,Central,Chennai,28-06-2025
254,Customer_00254,Male,18,South,Kochi,28-04-2024
255,Customer_00255,Male,18,North,Kolkata,22-11-2025
256,Customer_00256,Male,19,East,Bengaluru,24-10-2025
257,Customer_00257,Female,18,Central,Kochi,12-05-2024
258,Customer_00258,Male,38,West,Kochi,22-11-2024
259,Customer_00259,Female,26,East,Bengaluru,03-07-2024
260,Customer_00260,Female,45,North,Lucknow,20-05-2025
261,Customer_00261,Male,31,East,Pune,07-10-2025
262,Customer_00262,Male,24,Central,Bengaluru,19-11-2025
263,Customer_00263,Male,32,North,Kochi,17-06-2025
264,Customer_00264,Female,43,East,Hyderabad,28-08-2024
265,Customer_00265,Male,30,Central,Mumbai,11-08-2025
266,Customer_00266,Female,45,West,Indore,16-12-2025
267,Customer_00267,Other,43,West,Hyderabad,30-05-2025
268,Customer_00268,Male,27,West,Pune,13-06-2024
269,Customer_00269,Female,27,South,Delhi,01-10-2025
270,Customer_00270,Male,27,South,Bengaluru,10-07-2025
271,Customer_00271,Female,20,West,Indore,05-08-2024
272,Customer_00272,Male,18,West,Kolkata,09-10-2025
273,Customer_00273,Female,27,Central,Kolkata,10-11-2025
274,Customer_00274,Female,18,Central,Ahmedabad,27-08-2025
275,Customer_00275,Male,21,East,Indore,05-01-2024
276,Customer_00276,Female,37,East,Indore,29-10-2025
277,Customer_00277,Female,18,West,Kolkata,21-03-2024
278,Customer_00278,Male,45,West,Hyderabad,03-09-2024
279,Customer_00279,Female,38,West,Mumbai,07-05-2025
280,Customer_00280,Male,51,West,Hyderabad,10-10-2025
281,Customer_00281,Female,53,Central,Bengaluru,20-01-2025
282,Customer_00282,Male,39,South,Hyderabad,28-07-2025
283,Customer_00283,Female,26,South,Indore,02-11-2024
284,Customer_00284,Male,18,North,Jaipur,19-09-2025
285,Customer_00285,Male,18,East,Kolkata,16-09-2025
286,Customer_00286,Male,52,North,Jaipur,26-06-2025
287,Customer_00287,Female,18,East,Ahmedabad,07-01-2024
288,Customer_00288,Female,30,East,Kochi,29-05-2025
289,Customer_00289,Female,44,South,Bengaluru,21-07-2025
290,Customer_00290,Female,23,East,Hyderabad,13-03-2024
291,Customer_00291,Female,45,North,Chennai,10-01-2024
292,Customer_00292,Female,31,North,Kolkata,26-07-2025
293,Customer_00293,Female,34,West,Bengaluru,15-07-2025
294,Customer_00294,Male,29,South,Delhi,01-05-2024
295,Customer_00295,Female,23,North,Kolkata,17-11-2025
296,Customer_00296,Female,39,East,Jaipur,27-05-2025
297,Customer_00297,Male,38,West,Pune,16-03-2025
298,Customer_00298,Female,39,South,Kolkata,07-02-2024
299,Customer_00299,Female,42,East,Ahmedabad,02-12-2025
300,Customer_00300,Male,28,North,Indore,13-08-2025
301,Customer_00301,Male,38,North,Indore,10-12-2024
302,Customer_00302,Male,41,East,Ahmedabad,03-12-2024
303,Customer_00303,Male,36,East,Jaipur,02-12-2025
304,Customer_00304,Male,28,West,Indore,02-07-2024
305,Customer_00305,Male,36,West,Kochi,07-03-2024
306,Customer_00306,Male,18,Central,Bengaluru,17-01-2024
307,Customer_00307,Female,36,East,Kolkata,17-01-2025
308,Customer_00308,Male,21,South,Bengaluru,02-01-2025
309,Customer_00309,Male,32,West,Kolkata,11-11-2024
310,Customer_00310,Male,28,South,Lucknow,11-05-2025
311,Customer_00311,Male,33,South,Jaipur,21-12-2025
312,Customer_00312,Other,18,North,Delhi,10-12-2024
313,Customer_00313,Female,39,North,Indore,06-07-2025
314,Customer_00314,Female,41,Central,Chennai,17-04-2025
315,Customer_00315,Male,22,West,Chennai,24-04-2024
316,Customer_00316,Female,18,West,Indore,09-04-2024
317,Customer_00317,Male,23,South,Bengaluru,13-03-2025
318,Customer_00318,Male,40,North,Mumbai,10-12-2024
319,Customer_00319,Male,31,North,Kochi,14-12-2024
320,Customer_00320,Other,30,South,Hyderabad,18-05-2024
321,Customer_00321,Male,31,East,Mumbai,19-11-2024
322,Customer_00322,Female,25,West,Chennai,28-10-2024
323,Customer_00323,Male,35,West,Jaipur,20-10-2024
324,Customer_00324,Male,47,South,Hyderabad,12-06-2025
325,Customer_00325,Female,23,Central,Pune,18-10-2024
326,Customer_00326,Male,38,West,Indore,14-03-2024
327,Customer_00327,Female,32,East,Bengaluru,28-04-2025
328,Customer_00328,Male,31,East,Indore,16-01-2024
329,Customer_00329,Male,46,South,Pune,09-06-2025
330,Customer_00330,Female,42,South,Kochi,01-12-2024
331,Customer_00331,Female,32,South,Pune,30-05-2025
332,Customer_00332,Male,41,West,Hyderabad,06-05-2024
333,Customer_00333,Female,18,North,Chennai,01-06-2025
334,Customer_00334,Female,18,North,Kochi,08-05-2024
335,Customer_00335,Male,25,North,Bengaluru,25-05-2025
336,Customer_00336,Female,22,North,Hyderabad,26-02-2025
337,Customer_00337,Male,30,Central,Lucknow,19-01-2025
338,Customer_00338,Male,44,West,Jaipur,19-08-2024
339,Customer_00339,Female,30,East,Pune,13-07-2024
340,Customer_00340,Male,42,North,Hyderabad,05-03-2024
341,Customer_00341,Female,41,East,Kochi,06-09-2025
342,Customer_00342,Male,18,East,Jaipur,03-10-2024
343,Customer_00343,Male,39,North,Indore,31-10-2025
344,Customer_00344,Female,44,South,Jaipur,11-08-2024
345,Customer_00345,Female,45,South,Kolkata,04-10-2024
346,Customer_00346,Female,31,East,Jaipur,24-11-2025
347,Customer_00347,Male,33,West,Hyderabad,31-12-2024
348,Customer_00348,Male,34,North,Mumbai,30-05-2025
349,Customer_00349,Female,32,South,Ahmedabad,02-08-2024
350,Customer_00350,Female,22,East,Mumbai,14-03-2025
351,Customer_00351,Male,24,East,Ahmedabad,03-03-2025
352,Customer_00352,Male,39,Central,Mumbai,29-12-2025
353,Customer_00353,Male,31,West,Delhi,30-01-2025
354,Customer_00354,Male,34,North,Indore,27-07-2024
355,Customer_00355,Female,44,North,Indore,15-05-2025
356,Customer_00356,Male,33,West,Delhi,07-04-2025
357,Customer_00357,Male,21,North,Chennai,08-08-2025
358,Customer_00358,Male,55,East,Kochi,14-08-2024
359,Customer_00359,Male,30,Central,Kochi,09-01-2025
360,Customer_00360,Male,29,East,Lucknow,14-05-2025
361,Customer_00361,Female,36,South,Delhi,02-04-2024
362,Customer_00362,Female,31,West,Kolkata,04-04-2025
363,Customer_00363,Male,32,East,Lucknow,30-07-2025
364,Customer_00364,Female,27,East,Delhi,16-11-2024
365,Customer_00365,Female,42,Central,Lucknow,10-01-2024
366,Customer_00366,Male,44,South,Hyderabad,29-10-2024
367,Customer_00367,Male,51,Central,Chennai,17-11-2024
368,Customer_00368,Male,52,Central,Indore,31-03-2025
369,Customer_00369,Male,18,North,Ahmedabad,04-10-2024
370,Customer_00370,Female,39,North,Pune,20-08-2025
371,Customer_00371,Male,21,North,Delhi,21-06-2025
372,Customer_00372,Female,46,North,Delhi,30-12-2025
373,Customer_00373,Female,36,North,Hyderabad,27-01-2025
374,Customer_00374,Male,25,West,Kochi,04-04-2024
375,Customer_00375,Female,21,North,Hyderabad,16-04-2024
376,Customer_00376,Male,26,South,Mumbai,24-01-2025
377,Customer_00377,Male,25,West,Delhi,09-06-2025
378,Customer_00378,Female,46,North,Delhi,03-11-2025
379,Customer_00379,Male,33,West,Bengaluru,11-03-2024
380,Customer_00380,Male,23,South,Lucknow,25-10-2025
381,Customer_00381,Female,37,North,Jaipur,09-08-2025
382,Customer_00382,Female,37,West,Ahmedabad,10-01-2025
383,Customer_00383,Male,31,East,Mumbai,27-12-2025
384,Customer_00384,Male,45,Central,Lucknow,02-01-2025
385,Customer_00385,Female,39,West,Bengaluru,20-02-2024
386,Customer_00386,Female,38,West,Hyderabad,22-05-2024
387,Customer_00387,Male,18,South,Kochi,22-02-2025
388,Customer_00388,Female,30,North,Jaipur,01-07-2025
389,Customer_00389,Female,40,West,Chennai,14-05-2025
390,Customer_00390,Female,37,West,Ahmedabad,15-06-2024
391,Customer_00391,Female,34,Central,Delhi,16-09-2024
392,Customer_00392,Female,40,South,Bengaluru,10-07-2024
393,Customer_00393,Male,38,South,Chennai,20-07-2024
394,Customer_00394,Male,41,West,Ahmedabad,03-07-2024
395,Customer_00395,Female,37,South,Pune,06-06-2024
396,Customer_00396,Female,41,Central,Ahmedabad,13-09-2025
397,Customer_00397,Female,40,Central,Lucknow,08-04-2024
398,Customer_00398,Male,33,South,Mumbai,28-08-2024
399,Customer_00399,Female,34,West,Chennai,05-05-2025
400,Customer_00400,Male,35,West,Bengaluru,20-07-2024
401,Customer_00401,Other,22,North,Indore,25-09-2025
402,Customer_00402,Male,19,Central,Lucknow,23-05-2025
403,Customer_00403,Female,39,East,Indore,20-09-2025
404,Customer_00404,Male,40,West,Mumbai,05-04-2024
405,Customer_00405,Female,34,South,Kolkata,04-05-2025
406,Customer_00406,Male,38,Central,Hyderabad,01-08-2025
407,Customer_00407,Female,41,South,Ahmedabad,05-08-2024
408,Customer_00408,Female,38,North,Chennai,10-06-2025
409,Customer_00409,Female,40,Central,Bengaluru,29-09-2024
410,Customer_00410,Female,21,North,Mumbai,06-08-2024
411,Customer_00411,Male,50,South,Delhi,20-10-2025
412,Customer_00412,Male,37,Central,Bengaluru,27-11-2024
413,Customer_00413,Female,43,Central,Kochi,28-03-2025
414,Customer_00414,Male,40,East,Chennai,31-05-2024
415,Customer_00415,Female,24,West,Kolkata,12-12-2024
416,Customer_00416,Female,27,South,Jaipur,17-02-2025
417,Customer_00417,Male,29,South,Hyderabad,10-06-2025
418,Customer_00418,Male,45,South,Kochi,06-03-2025
419,Customer_00419,Male,24,West,Pune,13-01-2025
420,Customer_00420,Male,21,West,Pune,03-03-2025
421,Customer_00421,Female,38,West,Hyderabad,24-03-2024
422,Customer_00422,Female,52,West,Bengaluru,10-07-2024
423,Customer_00423,Male,26,North,Lucknow,10-02-2024
424,Customer_00424,Male,48,East,Ahmedabad,04-11-2024
425,Customer_00425,Female,41,North,Pune,12-01-2025
426,Customer_00426,Male,30,East,Hyderabad,15-05-2024
427,Customer_00427,Male,21,South,Kochi,15-04-2024
428,Customer_00428,Male,31,Central,Kochi,02-06-2025
429,Customer_00429,Female,26,South,Lucknow,25-06-2025
430,Customer_00430,Male,46,North,Pune,05-05-2024
431,Customer_00431,Male,34,North,Kochi,22-12-2024
432,Customer_00432,Female,39,West,Kolkata,03-02-2025
433,Customer_00433,Male,39,East,Bengaluru,19-03-2024
434,Customer_00434,Female,28,North,Lucknow,23-01-2025
435,Customer_00435,Male,35,North,Delhi,01-08-2025
436,Customer_00436,Male,44,West,Kolkata,18-06-2025
437,Customer_00437,Male,33,North,Lucknow,01-12-2025
438,Customer_00438,Male,31,West,Pune,14-03-2024
439,Customer_00439,Male,41,West,Lucknow,05-01-2024
440,Customer_00440,Male,21,North,Ahmedabad,07-04-2025
441,Customer_00441,Male,18,North,Pune,22-03-2024
442,Customer_00442,Male,37,Central,Bengaluru,20-06-2025
443,Customer_00443,Female,44,South,Hyderabad,08-02-2025
444,Customer_00444,Female,52,South,Chennai,28-05-2025
445,Customer_00445,Female,36,West,Lucknow,04-10-2024
446,Customer_00446,Female,42,Central,Kochi,11-08-2024
447,Customer_00447,Female,47,Central,Indore,06-08-2025
448,Customer_00448,Male,34,West,Kochi,08-03-2024
449,Customer_00449,Male,28,South,Jaipur,15-11-2024
450,Customer_00450,Male,27,North,Bengaluru,28-08-2025
451,Customer_00451,Female,31,West,Kolkata,19-01-2024
452,Customer_00452,Female,48,East,Jaipur,01-10-2025
453,Customer_00453,Female,43,South,Delhi,08-12-2024
454,Customer_00454,Male,32,Central,Delhi,16-08-2025
455,Customer_00455,Female,46,North,Kochi,08-12-2024
456,Customer_00456,Male,39,East,Chennai,06-04-2024
457,Customer_00457,Male,32,North,Pune,21-02-2024
458,Customer_00458,Female,36,East,Indore,23-06-2024
459,Customer_00459,Male,38,North,Kolkata,03-12-2024
460,Customer_00460,Male,35,North,Jaipur,24-11-2025
461,Customer_00461,Female,51,North,Pune,18-12-2024
462,Customer_00462,Female,33,West,Mumbai,25-01-2025
463,Customer_00463,Male,20,West,Bengaluru,24-04-2024
464,Customer_00464,Male,37,East,Pune,13-12-2024
465,Customer_00465,Female,31,Central,Jaipur,01-01-2024
466,Customer_00466,Male,21,South,Mumbai,03-03-2024
467,Customer_00467,Male,41,South,Delhi,13-08-2024
468,Customer_00468,Male,18,Central,Mumbai,26-02-2025
469,Customer_00469,Female,37,South,Kolkata,19-01-2024
470,Customer_00470,Male,18,Central,Delhi,31-01-2024
471,Customer_00471,Male,34,North,Indore,24-09-2025
472,Customer_00472,Male,40,Central,Pune,24-01-2024
473,Customer_00473,Male,41,North,Pune,29-07-2024
474,Customer_00474,Male,42,Central,Jaipur,09-06-2024
475,Customer_00475,Female,23,East,Chennai,11-09-2024
476,Customer_00476,Female,36,Central,Kolkata,24-07-2025
477,Customer_00477,Female,27,North,Hyderabad,23-04-2024
478,Customer_00478,Female,26,East,Ahmedabad,18-05-2025
479,Customer_00479,Female,33,Central,Bengaluru,02-11-2025
480,Customer_00480,Female,30,East,Delhi,07-08-2024
481,Customer_00481,Female,24,East,Kochi,22-12-2024
482,Customer_00482,Female,37,West,Kolkata,17-06-2024
483,Customer_00483,Male,39,East,Indore,07-06-2025
484,Customer_00484,Male,25,East,Pune,29-08-2024
485,Customer_00485,Other,32,East,Delhi,09-01-2025
486,Customer_00486,Female,32,Central,Ahmedabad,18-05-2024
487,Customer_00487,Female,32,North,Indore,06-04-2024
488,Customer_00488,Other,33,South,Kolkata,26-05-2024
489,Customer_00489,Female,37,Central,Pune,30-06-2024
490,Customer_00490,Female,46,Central,Chennai,26-02-2024
491,Customer_00491,Male,35,East,Chennai,11-02-2024
492,Customer_00492,Female,29,East,Lucknow,11-12-2025
493,Customer_00493,Female,34,South,Kolkata,26-06-2025
494,Customer_00494,Other,23,North,Lucknow,22-11-2025
495,Customer_00495,Male,25,East,Pune,02-01-2024
496,Customer_00496,Female,38,South,Delhi,14-10-2024
497,Customer_00497,Female,18,East,Kolkata,17-05-2024
498,Customer_00498,Male,32,North,Chennai,08-09-2025
499,Customer_00499,Male,43,Central,Kolkata,26-05-2025
500,Customer_00500,Female,38,Central,Kolkata,30-12-2025
501,Customer_00501,Male,43,West,Lucknow,09-08-2024
502,Customer_00502,Female,37,East,Bengaluru,26-11-2024
503,Customer_00503,Male,54,South,Indore,08-09-2025
504,Customer_00504,Male,22,West,Delhi,07-02-2025
505,Customer_00505,Male,35,West,Kochi,22-05-2025
506,Customer_00506,Male,41,North,Delhi,06-05-2024
507,Customer_00507,Male,30,Central,Kolkata,21-09-2024
508,Customer_00508,Other,46,West,Ahmedabad,12-12-2025
509,Customer_00509,Male,40,Central,Lucknow,15-01-2024
510,Customer_00510,Female,19,West,Hyderabad,13-08-2024
511,Customer_00511,Other,38,East,Kolkata,14-04-2024
512,Customer_00512,Female,40,South,Lucknow,07-05-2025
513,Customer_00513,Male,50,Central,Pune,14-11-2024
514,Customer_00514,Female,32,Central,Kochi,06-08-2024
515,Customer_00515,Male,40,North,Hyderabad,03-10-2024
516,Customer_00516,Male,37,North,Ahmedabad,06-12-2024
517,Customer_00517,Female,28,South,Chennai,27-03-2025
518,Customer_00518,Male,31,West,Kolkata,03-01-2025
519,Customer_00519,Other,18,Central,Ahmedabad,18-04-2025
520,Customer_00520,Female,29,North,Kolkata,08-07-2024
521,Customer_00521,Male,50,East,Lucknow,22-02-2025
522,Customer_00522,Male,32,South,Indore,10-12-2025
523,Customer_00523,Female,42,Central,Indore,09-05-2025
524,Customer_00524,Female,36,West,Kochi,08-02-2024
525,Customer_00525,Female,38,West,Indore,10-06-2024
526,Customer_00526,Male,54,East,Hyderabad,30-04-2024
527,Customer_00527,Male,30,South,Pune,02-02-2025
528,Customer_00528,Male,30,South,Lucknow,18-09-2024
529,Customer_00529,Male,45,North,Lucknow,28-12-2025
530,Customer_00530,Male,33,Central,Lucknow,14-07-2025
531,Customer_00531,Male,31,West,Indore,26-08-2025
532,Customer_00532,Male,44,Central,Hyderabad,08-05-2024
533,Customer_00533,Female,37,Central,Delhi,23-06-2025
534,Customer_00534,Female,32,East,Delhi,21-12-2024
535,Customer_00535,Male,31,West,Ahmedabad,21-10-2025
536,Customer_00536,Female,26,Central,Pune,07-03-2025
537,Customer_00537,Female,19,West,Kolkata,05-03-2024
538,Customer_00538,Female,45,South,Indore,05-08-2024
539,Customer_00539,Female,30,East,Kochi,16-07-2025
540,Customer_00540,Male,18,North,Kolkata,02-03-2025
541,Customer_00541,Male,52,Central,Kolkata,14-03-2024
542,Customer_00542,Male,35,East,Kochi,04-04-2025
543,Customer_00543,Male,34,South,Bengaluru,28-02-2025
544,Customer_00544,Female,18,West,Pune,11-12-2025
545,Customer_00545,Female,40,East,Ahmedabad,10-07-2024
546,Customer_00546,Male,29,South,Ahmedabad,07-07-2024
547,Customer_00547,Female,29,North,Delhi,12-01-2024
548,Customer_00548,Female,38,West,Kolkata,26-08-2024
549,Customer_00549,Male,35,East,Jaipur,15-08-2025
550,Customer_00550,Female,24,West,Ahmedabad,28-03-2025
551,Customer_00551,Male,20,East,Bengaluru,17-01-2025
552,Customer_00552,Female,36,Central,Lucknow,17-02-2024
553,Customer_00553,Male,35,East,Ahmedabad,12-11-2024
554,Customer_00554,Male,60,East,Mumbai,27-07-2024
555,Customer_00555,Female,18,Central,Delhi,30-06-2025
556,Customer_00556,Female,35,South,Mumbai,28-04-2024
557,Customer_00557,Male,18,North,Ahmedabad,30-07-2025
558,Customer_00558,Female,30,North,Delhi,10-11-2024
559,Customer_00559,Female,30,West,Lucknow,05-02-2024
560,Customer_00560,Male,39,East,Hyderabad,07-04-2025
561,Customer_00561,Male,40,West,Jaipur,07-07-2025
562,Customer_00562,Male,48,South,Jaipur,03-08-2025
563,Customer_00563,Male,36,North,Hyderabad,06-02-2025
564,Customer_00564,Female,44,North,Ahmedabad,16-04-2024
565,Customer_00565,Female,48,South,Bengaluru,08-02-2024
566,Customer_00566,Female,37,East,Kolkata,03-08-2025
567,Customer_00567,Other,46,South,Hyderabad,28-06-2024
568,Customer_00568,Male,36,South,Pune,12-01-2024
569,Customer_00569,Male,34,Central,Kochi,04-12-2024
570,Customer_00570,Female,28,South,Indore,16-12-2025
571,Customer_00571,Female,38,East,Lucknow,01-07-2025
572,Customer_00572,Male,37,West,Lucknow,05-05-2024
573,Customer_00573,Male,38,South,Kochi,03-03-2024
574,Customer_00574,Female,45,East,Ahmedabad,22-03-2024
575,Customer_00575,Male,43,Central,Lucknow,25-10-2024
576,Customer_00576,Male,19,Central,Pune,03-02-2024
577,Customer_00577,Female,19,North,Jaipur,31-08-2025
578,Customer_00578,Other,35,Central,Lucknow,18-02-2024
579,Customer_00579,Female,24,East,Hyderabad,19-10-2025
580,Customer_00580,Female,33,South,Jaipur,28-09-2025
581,Customer_00581,Male,25,East,Mumbai,01-12-2025
582,Customer_00582,Female,35,Central,Bengaluru,26-02-2024
583,Customer_00583,Male,24,East,Indore,18-04-2024
584,Customer_00584,Other,38,South,Ahmedabad,31-05-2025
585,Customer_00585,Male,23,West,Kochi,24-01-2024
586,Customer_00586,Female,35,South,Chennai,08-08-2024
587,Customer_00587,Female,18,North,Hyderabad,10-11-2024
588,Customer_00588,Male,23,North,Hyderabad,20-10-2024
589,Customer_00589,Other,41,North,Bengaluru,10-01-2024
590,Customer_00590,Male,47,North,Kolkata,07-11-2025
591,Customer_00591,Male,43,North,Bengaluru,25-04-2025
592,Customer_00592,Male,42,West,Jaipur,27-12-2025
593,Customer_00593,Female,49,North,Pune,29-09-2025
594,Customer_00594,Female,44,South,Delhi,23-09-2024
595,Customer_00595,Male,19,Central,Indore,28-03-2024
596,Customer_00596,Male,44,East,Delhi,30-03-2025
597,Customer_00597,Female,43,West,Mumbai,17-09-2025
598,Customer_00598,Male,18,North,Jaipur,16-06-2025
599,Customer_00599,Female,27,North,Bengaluru,27-05-2024
600,Customer_00600,Female,50,North,Jaipur,29-12-2025
601,Customer_00601,Female,33,North,Mumbai,06-03-2025
602,Customer_00602,Female,23,South,Delhi,29-08-2024
603,Customer_00603,Male,43,North,Jaipur,02-12-2025
604,Customer_00604,Other,31,North,Mumbai,06-03-2024
605,Customer_00605,Male,30,North,Pune,12-01-2025
606,Customer_00606,Male,43,East,Indore,22-01-2025
607,Customer_00607,Male,38,North,Chennai,27-07-2024
608,Customer_00608,Other,33,South,Pune,18-02-2025
609,Customer_00609,Female,37,East,Chennai,16-01-2024
610,Customer_00610,Male,32,West,Lucknow,23-10-2024
611,Customer_00611,Female,43,North,Mumbai,07-08-2024
612,Customer_00612,Male,20,West,Bengaluru,01-01-2025
613,Customer_00613,Female,32,East,Kochi,16-08-2024
614,Customer_00614,Male,30,North,Jaipur,22-09-2025
615,Customer_00615,Female,37,Central,Delhi,15-03-2025
616,Customer_00616,Female,23,Central,Kochi,20-11-2025
617,Customer_00617,Male,49,North,Indore,15-06-2025
618,Customer_00618,Female,27,South,Pune,25-03-2025
619,Customer_00619,Male,45,West,Jaipur,05-02-2024
620,Customer_00620,Female,40,West,Chennai,25-02-2025
621,Customer_00621,Female,36,North,Kolkata,11-09-2025
622,Customer_00622,Female,36,North,Indore,07-07-2024
623,Customer_00623,Male,18,South,Chennai,26-06-2024
624,Customer_00624,Other,29,East,Indore,30-08-2025
625,Customer_00625,Male,67,East,Jaipur,10-11-2024
626,Customer_00626,Female,36,South,Bengaluru,20-01-2024
627,Customer_00627,Female,38,East,Mumbai,06-11-2025
628,Customer_00628,Female,18,West,Chennai,16-01-2025
629,Customer_00629,Female,32,North,Bengaluru,31-08-2025
630,Customer_00630,Male,30,South,Indore,22-05-2024
631,Customer_00631,Female,27,West,Pune,02-03-2024
632,Customer_00632,Male,40,Central,Kochi,29-08-2024
633,Customer_00633,Male,30,East,Mumbai,25-08-2024
634,Customer_00634,Female,27,East,Chennai,10-05-2024
635,Customer_00635,Female,19,North,Chennai,27-08-2025
636,Customer_00636,Male,23,South,Kochi,25-08-2025
637,Customer_00637,Female,24,East,Ahmedabad,06-10-2025
638,Customer_00638,Male,31,South,Jaipur,02-05-2024
639,Customer_00639,Male,29,South,Delhi,15-03-2025
640,Customer_00640,Male,28,South,Kochi,07-12-2024
641,Customer_00641,Female,18,North,Hyderabad,22-02-2025
642,Customer_00642,Female,24,South,Chennai,21-09-2025
643,Customer_00643,Female,35,South,Delhi,30-03-2025
644,Customer_00644,Male,49,South,Chennai,16-07-2024
645,Customer_00645,Female,50,North,Lucknow,08-10-2024
646,Customer_00646,Male,54,Central,Jaipur,01-01-2024
647,Customer_00647,Female,37,East,Ahmedabad,23-12-2025
648,Customer_00648,Female,33,West,Lucknow,27-11-2024
649,Customer_00649,Male,40,West,Lucknow,30-07-2024
650,Customer_00650,Female,30,East,Lucknow,27-03-2024
651,Customer_00651,Female,42,North,Ahmedabad,26-10-2025
652,Customer_00652,Male,32,East,Ahmedabad,29-11-2025
653,Customer_00653,Female,37,East,Hyderabad,01-03-2024
654,Customer_00654,Female,27,West,Indore,04-04-2024
655,Customer_00655,Male,44,South,Kolkata,06-07-2025
656,Customer_00656,Female,24,North,Delhi,26-05-2024
657,Customer_00657,Female,28,South,Pune,02-09-2024
658,Customer_00658,Male,31,South,Delhi,05-10-2025
659,Customer_00659,Male,26,West,Indore,23-10-2024
660,Customer_00660,Other,40,East,Chennai,02-05-2024
661,Customer_00661,Female,35,South,Chennai,16-10-2025
662,Customer_00662,Male,24,Central,Hyderabad,24-11-2025
663,Customer_00663,Male,29,East,Pune,04-12-2025
664,Customer_00664,Female,35,South,Kochi,31-03-2025
665,Customer_00665,Male,36,North,Ahmedabad,02-02-2025
666,Customer_00666,Male,24,North,Chennai,19-12-2025
667,Customer_00667,Female,34,South,Kochi,18-08-2024
668,Customer_00668,Female,40,North,Indore,17-06-2025
669,Customer_00669,Male,31,North,Pune,05-02-2025
670,Customer_00670,Male,24,South,Chennai,14-08-2025
671,Customer_00671,Male,47,North,Hyderabad,09-05-2024
672,Customer_00672,Male,40,Central,Chennai,18-10-2024
673,Customer_00673,Male,30,North,Bengaluru,02-10-2024
674,Customer_00674,Male,35,East,Delhi,10-01-2025
675,Customer_00675,Male,30,South,Bengaluru,24-02-2024
676,Customer_00676,Male,24,Central,Ahmedabad,31-07-2025
677,Customer_00677,Female,41,North,Kolkata,26-01-2024
678,Customer_00678,Male,51,South,Jaipur,16-03-2025
679,Customer_00679,Male,43,Central,Delhi,15-07-2024
680,Customer_00680,Male,36,Central,Chennai,03-10-2025
681,Customer_00681,Male,31,West,Jaipur,30-08-2024
682,Customer_00682,Female,18,South,Jaipur,24-12-2025
683,Customer_00683,Male,50,North,Bengaluru,08-07-2024
684,Customer_00684,Female,27,West,Indore,21-07-2025
685,Customer_00685,Male,42,Central,Lucknow,20-07-2025
686,Customer_00686,Female,43,East,Hyderabad,02-10-2024
687,Customer_00687,Male,43,East,Mumbai,12-02-2025
688,Customer_00688,Male,20,South,Kochi,05-12-2024
689,Customer_00689,Male,44,West,Hyderabad,01-06-2024
690,Customer_00690,Male,29,North,Pune,18-07-2025
691,Customer_00691,Female,33,South,Ahmedabad,01-02-2025
692,Customer_00692,Male,33,South,Delhi,19-03-2025
693,Customer_00693,Female,28,East,Lucknow,14-09-2025
694,Customer_00694,Male,31,South,Delhi,02-03-2025
695,Customer_00695,Male,35,North,Lucknow,01-05-2025
696,Customer_00696,Male,25,East,Kochi,22-07-2024
697,Customer_00697,Female,18,South,Hyderabad,21-04-2024
698,Customer_00698,Male,43,East,Jaipur,20-11-2024
699,Customer_00699,Male,37,North,Kochi,14-09-2024
700,Customer_00700,Male,18,East,Ahmedabad,11-06-2025
701,Customer_00701,Female,38,East,Mumbai,15-12-2024
702,Customer_00702,Female,32,North,Mumbai,08-11-2025
703,Customer_00703,Male,21,South,Kochi,10-03-2025
704,Customer_00704,Male,29,North,Delhi,01-03-2025
705,Customer_00705,Male,38,North,Delhi,06-10-2024
706,Customer_00706,Male,24,Central,Bengaluru,05-01-2025
707,Customer_00707,Female,24,South,Delhi,31-10-2025
708,Customer_00708,Male,28,West,Bengaluru,05-09-2024
709,Customer_00709,Male,25,South,Lucknow,29-06-2024
710,Customer_00710,Female,23,West,Lucknow,03-12-2025
711,Customer_00711,Male,23,West,Kolkata,12-10-2025
712,Customer_00712,Male,38,East,Chennai,18-03-2024
713,Customer_00713,Male,25,East,Kolkata,01-12-2024
714,Customer_00714,Male,45,South,Pune,19-02-2024
715,Customer_00715,Female,56,South,Bengaluru,25-03-2024
716,Customer_00716,Female,32,Central,Indore,25-11-2025
717,Customer_00717,Male,54,West,Bengaluru,25-11-2025
718,Customer_00718,Male,39,Central,Hyderabad,04-01-2024
719,Customer_00719,Male,36,North,Hyderabad,12-11-2024
720,Customer_00720,Male,33,West,Chennai,20-04-2024
721,Customer_00721,Female,18,Central,Chennai,29-11-2024
722,Customer_00722,Male,29,North,Kolkata,12-05-2024
723,Customer_00723,Female,23,North,Hyderabad,03-09-2025
724,Customer_00724,Female,43,West,Chennai,14-11-2025
725,Customer_00725,Female,51,East,Bengaluru,28-04-2024
726,Customer_00726,Female,36,West,Kochi,15-12-2024
727,Customer_00727,Female,37,North,Hyderabad,17-11-2025
728,Customer_00728,Female,44,West,Kolkata,25-06-2025
729,Customer_00729,Female,35,North,Mumbai,24-02-2024
730,Customer_00730,Male,46,North,Lucknow,26-12-2024
731,Customer_00731,Female,58,North,Jaipur,08-12-2025
732,Customer_00732,Female,48,West,Chennai,28-03-2025
733,Customer_00733,Male,28,West,Chennai,06-07-2025
734,Customer_00734,Other,42,East,Chennai,15-11-2025
735,Customer_00735,Female,27,South,Jaipur,25-11-2024
736,Customer_00736,Female,32,Central,Kochi,06-08-2024
737,Customer_00737,Male,50,South,Hyderabad,26-07-2024
738,Customer_00738,Other,24,West,Chennai,31-10-2025
739,Customer_00739,Female,30,South,Kochi,25-03-2024
740,Customer_00740,Female,45,South,Pune,15-11-2025
741,Customer_00741,Female,25,East,Jaipur,01-09-2024
742,Customer_00742,Male,18,South,Mumbai,15-11-2025
743,Customer_00743,Male,19,West,Hyderabad,30-11-2024
744,Customer_00744,Female,28,East,Indore,30-07-2024
745,Customer_00745,Male,34,South,Lucknow,18-08-2025
746,Customer_00746,Female,31,Central,Lucknow,15-11-2025
747,Customer_00747,Male,29,South,Ahmedabad,01-07-2024
748,Customer_00748,Male,35,East,Jaipur,12-05-2024
749,Customer_00749,Male,29,Central,Indore,15-12-2024
750,Customer_00750,Male,27,East,Lucknow,08-10-2024
751,Customer_00751,Male,36,North,Pune,19-10-2024
752,Customer_00752,Male,35,Central,Chennai,25-09-2024
753,Customer_00753,Male,44,East,Indore,15-07-2024
754,Customer_00754,Female,54,South,Ahmedabad,20-06-2025
755,Customer_00755,Female,18,North,Indore,14-10-2025
756,Customer_00756,Male,39,West,Pune,20-01-2024
757,Customer_00757,Female,36,East,Pune,13-12-2025
758,Customer_00758,Male,47,East,Jaipur,08-02-2025
759,Customer_00759,Male,29,Central,Jaipur,24-04-2024
760,Customer_00760,Female,30,West,Hyderabad,01-12-2025
761,Customer_00761,Male,21,North,Indore,26-01-2024
762,Customer_00762,Male,44,South,Bengaluru,19-07-2025
763,Customer_00763,Male,35,South,Hyderabad,12-11-2025
764,Customer_00764,Female,45,West,Bengaluru,29-01-2025
765,Customer_00765,Male,30,North,Mumbai,15-01-2025
766,Customer_00766,Female,27,East,Bengaluru,06-06-2025
767,Customer_00767,Male,41,West,Pune,22-06-2025
768,Customer_00768,Male,31,Central,Delhi,23-03-2024
769,Customer_00769,Female,40,South,Chennai,03-07-2025
770,Customer_00770,Male,39,West,Kochi,20-03-2025
771,Customer_00771,Female,35,North,Jaipur,27-03-2024
772,Customer_00772,Female,28,West,Bengaluru,21-01-2025
773,Customer_00773,Male,38,North,Mumbai,29-10-2025
774,Customer_00774,Male,26,South,Kochi,01-02-2025
775,Customer_00775,Female,35,West,Hyderabad,12-10-2024
776,Customer_00776,Male,51,North,Bengaluru,28-11-2025
777,Customer_00777,Male,46,South,Hyderabad,24-11-2025
778,Customer_00778,Male,29,West,Jaipur,03-01-2025
779,Customer_00779,Female,37,West,Mumbai,16-10-2025
780,Customer_00780,Female,29,West,Mumbai,25-02-2025
781,Customer_00781,Female,37,West,Kolkata,18-12-2025
782,Customer_00782,Male,25,East,Hyderabad,15-10-2025
783,Customer_00783,Female,27,South,Jaipur,27-11-2025
784,Customer_00784,Male,53,South,Kolkata,18-03-2025
785,Customer_00785,Male,35,North,Jaipur,03-06-2025
786,Customer_00786,Female,30,Central,Ahmedabad,06-08-2025
787,Customer_00787,Female,18,East,Chennai,14-10-2024
788,Customer_00788,Female,36,South,Indore,04-04-2024
789,Customer_00789,Male,56,East,Mumbai,30-10-2025
790,Customer_00790,Female,28,Central,Lucknow,10-02-2024
791,Customer_00791,Female,30,North,Jaipur,26-11-2024
792,Customer_00792,Male,34,East,Chennai,03-06-2024
793,Customer_00793,Male,28,East,Jaipur,18-05-2025
794,Customer_00794,Male,56,East,Mumbai,01-10-2024
795,Customer_00795,Male,44,North,Pune,27-10-2025
796,Customer_00796,Female,41,Central,Bengaluru,18-07-2025
797,Customer_00797,Male,55,Central,Mumbai,27-06-2024
798,Customer_00798,Female,51,East,Bengaluru,16-05-2024
799,Customer_00799,Female,35,West,Indore,28-06-2024
800,Customer_00800,Female,31,Central,Bengaluru,30-06-2024
801,Customer_00801,Male,31,West,Chennai,15-09-2024
802,Customer_00802,Other,29,North,Kochi,30-08-2024
803,Customer_00803,Male,32,East,Delhi,05-04-2024
804,Customer_00804,Female,29,East,Lucknow,15-07-2024
805,Customer_00805,Female,23,South,Delhi,09-06-2025
806,Customer_00806,Male,18,West,Ahmedabad,23-09-2025
807,Customer_00807,Female,44,Central,Pune,21-01-2025
808,Customer_00808,Male,18,Central,Kochi,11-02-2025
809,Customer_00809,Female,38,East,Bengaluru,25-09-2024
810,Customer_00810,Female,44,North,Hyderabad,19-06-2024
811,Customer_00811,Female,38,Central,Chennai,06-08-2025
812,Customer_00812,Male,33,West,Kolkata,21-11-2025
813,Customer_00813,Female,36,North,Chennai,18-06-2024
814,Customer_00814,Female,30,Central,Indore,07-06-2024
815,Customer_00815,Male,33,Central,Delhi,23-05-2025
816,Customer_00816,Female,31,East,Chennai,22-03-2025
817,Customer_00817,Female,27,East,Lucknow,27-10-2025
818,Customer_00818,Female,46,South,Kochi,22-03-2024
819,Customer_00819,Male,43,North,Ahmedabad,26-02-2024
820,Customer_00820,Male,33,South,Chennai,02-06-2025
821,Customer_00821,Male,34,West,Jaipur,21-04-2024
822,Customer_00822,Male,27,North,Kochi,17-02-2024
823,Customer_00823,Female,38,South,Kolkata,14-08-2025
824,Customer_00824,Male,33,South,Lucknow,10-01-2025
825,Customer_00825,Male,31,East,Lucknow,02-02-2024
826,Customer_00826,Female,37,Central,Bengaluru,18-05-2025
827,Customer_00827,Male,35,South,Jaipur,18-09-2025
828,Customer_00828,Male,26,South,Bengaluru,03-01-2024
829,Customer_00829,Female,43,West,Pune,30-04-2025
830,Customer_00830,Female,44,East,Ahmedabad,30-05-2025
831,Customer_00831,Female,27,South,Bengaluru,11-02-2024
832,Customer_00832,Female,66,East,Pune,09-01-2024
833,Customer_00833,Male,25,North,Chennai,18-10-2025
834,Customer_00834,Female,40,North,Kolkata,31-08-2025
835,Customer_00835,Male,40,East,Kochi,21-05-2024
836,Customer_00836,Male,41,South,Chennai,11-03-2025
837,Customer_00837,Male,51,Central,Mumbai,27-01-2024
838,Customer_00838,Male,31,South,Pune,12-02-2024
839,Customer_00839,Male,34,East,Kolkata,10-05-2024
840,Customer_00840,Female,38,West,Hyderabad,03-08-2024
841,Customer_00841,Female,18,North,Ahmedabad,28-08-2025
842,Customer_00842,Male,35,West,Ahmedabad,03-06-2025
843,Customer_00843,Female,38,North,Delhi,20-08-2025
844,Customer_00844,Female,27,Central,Ahmedabad,10-12-2024
845,Customer_00845,Male,56,North,Mumbai,22-05-2025
846,Customer_00846,Male,37,South,Chennai,11-10-2025
847,Customer_00847,Male,27,North,Mumbai,16-02-2025
848,Customer_00848,Male,28,Central,Bengaluru,02-09-2024
849,Customer_00849,Female,26,East,Chennai,24-03-2025
850,Customer_00850,Male,26,East,Ahmedabad,21-01-2024
851,Customer_00851,Male,37,North,Jaipur,11-02-2025
852,Customer_00852,Male,38,West,Chennai,01-04-2025
853,Customer_00853,Female,39,North,Mumbai,19-03-2025
854,Customer_00854,Male,41,Central,Indore,21-09-2024
855,Customer_00855,Female,38,North,Mumbai,21-10-2025
856,Customer_00856,Male,56,North,Ahmedabad,02-07-2024
857,Customer_00857,Female,43,North,Mumbai,14-08-2024
858,Customer_00858,Female,24,East,Jaipur,01-07-2025
859,Customer_00859,Male,34,East,Kochi,02-09-2024
860,Customer_00860,Female,23,North,Hyderabad,13-03-2024
861,Customer_00861,Female,34,West,Hyderabad,29-05-2024
862,Customer_00862,Female,20,East,Chennai,27-05-2025
863,Customer_00863,Female,32,East,Delhi,09-03-2024
864,Customer_00864,Male,33,South,Mumbai,17-08-2024
865,Customer_00865,Male,21,South,Hyderabad,23-12-2025
866,Customer_00866,Female,34,East,Kolkata,12-03-2024
867,Customer_00867,Male,30,North,Hyderabad,30-08-2025
868,Customer_00868,Other,23,North,Pune,31-01-2025
869,Customer_00869,Female,43,Central,Kochi,24-03-2024
870,Customer_00870,Male,31,Central,Bengaluru,25-10-2024
871,Customer_00871,Female,45,South,Delhi,19-10-2024
872,Customer_00872,Female,36,South,Ahmedabad,10-08-2024
873,Customer_00873,Male,30,West,Mumbai,03-08-2024
874,Customer_00874,Male,24,South,Jaipur,18-08-2024
875,Customer_00875,Female,22,North,Chennai,08-02-2025
876,Customer_00876,Female,36,North,Pune,17-06-2024
877,Customer_00877,Female,38,West,Bengaluru,24-11-2024
878,Customer_00878,Male,26,West,Hyderabad,01-03-2025
879,Customer_00879,Male,22,North,Chennai,07-07-2025
880,Customer_00880,Female,41,South,Hyderabad,14-07-2024
881,Customer_00881,Male,41,South,Delhi,30-08-2025
882,Customer_00882,Female,26,West,Ahmedabad,09-06-2025
883,Customer_00883,Male,32,North,Indore,16-09-2025
884,Customer_00884,Male,39,North,Bengaluru,17-03-2024
885,Customer_00885,Male,23,West,Pune,03-10-2024
886,Customer_00886,Male,25,North,Indore,10-04-2025
887,Customer_00887,Female,42,West,Kochi,23-03-2025
888,Customer_00888,Male,25,South,Chennai,15-11-2024
889,Customer_00889,Male,35,North,Hyderabad,08-06-2024
890,Customer_00890,Male,35,South,Ahmedabad,06-05-2025
891,Customer_00891,Female,22,West,Chennai,08-11-2024
892,Customer_00892,Female,44,Central,Jaipur,22-09-2025
893,Customer_00893,Male,18,West,Bengaluru,09-06-2024
894,Customer_00894,Male,37,South,Pune,03-11-2024
895,Customer_00895,Female,29,West,Kolkata,25-05-2024
896,Customer_00896,Female,35,North,Hyderabad,05-11-2025
897,Customer_00897,Male,32,South,Kochi,30-01-2025
898,Customer_00898,Male,23,Central,Delhi,21-11-2025
899,Customer_00899,Female,31,North,Bengaluru,29-03-2024
900,Customer_00900,Female,39,North,Kolkata,03-11-2024
901,Customer_00901,Female,32,North,Mumbai,29-06-2025
902,Customer_00902,Male,29,North,Jaipur,05-01-2025
903,Customer_00903,Male,18,North,Ahmedabad,26-03-2025
904,Customer_00904,Male,25,East,Indore,15-06-2024
905,Customer_00905,Male,27,South,Kochi,26-01-2025
906,Customer_00906,Other,42,Central,Kolkata,28-09-2025
907,Customer_00907,Male,30,West,Ahmedabad,05-05-2025
908,Customer_00908,Female,39,South,Hyderabad,29-05-2024
909,Customer_00909,Female,26,South,Kochi,12-04-2025
910,Customer_00910,Male,18,South,Indore,01-12-2025
911,Customer_00911,Female,44,East,Pune,12-02-2024
912,Customer_00912,Female,26,South,Kolkata,29-01-2024
913,Customer_00913,Other,43,East,Kolkata,23-09-2025
914,Customer_00914,Male,32,South,Jaipur,31-01-2024
915,Customer_00915,Male,48,East,Kolkata,23-11-2025
916,Customer_00916,Male,66,South,Indore,04-11-2025
917,Customer_00917,Male,38,South,Kolkata,07-05-2024
918,Customer_00918,Male,20,Central,Pune,20-10-2024
919,Customer_00919,Female,39,West,Mumbai,16-03-2025
920,Customer_00920,Male,38,North,Pune,22-01-2025
921,Customer_00921,Female,22,Central,Jaipur,03-10-2025
922,Customer_00922,Male,27,East,Lucknow,07-06-2025
923,Customer_00923,Female,30,Central,Kochi,30-06-2025
924,Customer_00924,Male,38,West,Mumbai,10-12-2025
925,Customer_00925,Male,25,South,Mumbai,19-04-2024
926,Customer_00926,Female,24,North,Lucknow,23-11-2024
927,Customer_00927,Male,22,South,Kolkata,08-02-2025
928,Customer_00928,Female,18,East,Kolkata,01-09-2024
929,Customer_00929,Female,40,West,Chennai,11-06-2024
930,Customer_00930,Female,35,South,Ahmedabad,13-07-2025
931,Customer_00931,Female,42,North,Ahmedabad,02-02-2025
932,Customer_00932,Male,27,West,Lucknow,05-08-2025
933,Customer_00933,Female,27,Central,Lucknow,02-02-2025
934,Customer_00934,Male,37,East,Bengaluru,07-05-2025
935,Customer_00935,Male,43,North,Lucknow,07-10-2025
936,Customer_00936,Male,44,South,Pune,26-08-2024
937,Customer_00937,Male,23,North,Chennai,09-04-2025
938,Customer_00938,Male,43,Central,Delhi,02-08-2025
939,Customer_00939,Female,49,North,Kolkata,01-02-2024
940,Customer_00940,Female,38,East,Delhi,02-05-2024
941,Customer_00941,Female,46,South,Chennai,17-06-2025
942,Customer_00942,Male,39,East,Ahmedabad,28-10-2025
943,Customer_00943,Female,23,West,Chennai,19-04-2024
944,Customer_00944,Male,43,West,Lucknow,27-09-2024
945,Customer_00945,Male,38,North,Lucknow,14-01-2025
946,Customer_00946,Female,24,North,Jaipur,26-10-2024
947,Customer_00947,Other,28,North,Kochi,18-09-2025
948,Customer_00948,Male,38,Central,Bengaluru,05-09-2024
949,Customer_00949,Female,58,Central,Bengaluru,04-06-2025
950,Customer_00950,Female,52,East,Jaipur,03-02-2024
951,Customer_00951,Female,18,East,Bengaluru,15-08-2024
952,Customer_00952,Female,34,West,Mumbai,07-08-2025
953,Customer_00953,Female,49,North,Pune,02-02-2025
954,Customer_00954,Female,30,Central,Delhi,24-12-2025
955,Customer_00955,Male,29,South,Ahmedabad,06-08-2025
956,Customer_00956,Male,29,South,Ahmedabad,23-07-2025
957,Customer_00957,Male,42,East,Bengaluru,07-08-2024
958,Customer_00958,Female,38,North,Bengaluru,05-01-2025
959,Customer_00959,Female,39,North,Mumbai,11-06-2025
960,Customer_00960,Female,32,West,Lucknow,15-03-2024
961,Customer_00961,Female,51,North,Bengaluru,09-09-2025
962,Customer_00962,Male,31,East,Chennai,15-05-2024
963,Customer_00963,Male,43,South,Hyderabad,14-03-2024
964,Customer_00964,Male,18,South,Kolkata,10-09-2024
965,Customer_00965,Female,34,South,Ahmedabad,18-01-2024
966,Customer_00966,Male,29,South,Indore,12-02-2024
967,Customer_00967,Male,35,West,Delhi,19-02-2024
968,Customer_00968,Male,18,South,Kolkata,29-05-2025
969,Customer_00969,Male,50,East,Jaipur,24-07-2025
970,Customer_00970,Male,36,East,Kolkata,29-07-2025
971,Customer_00971,Male,56,West,Bengaluru,04-08-2025
972,Customer_00972,Female,42,Central,Bengaluru,29-10-2024
973,Customer_00973,Male,37,West,Kochi,21-05-2024
974,Customer_00974,Female,34,South,Kochi,20-07-2024
975,Customer_00975,Male,41,North,Kochi,25-07-2024
976,Customer_00976,Female,42,South,Pune,18-02-2025
977,Customer_00977,Female,39,East,Ahmedabad,08-08-2024
978,Customer_00978,Female,57,North,Indore,27-12-2024
979,Customer_00979,Female,46,East,Kochi,21-03-2024
980,Customer_00980,Female,28,East,Lucknow,16-07-2025
981,Customer_00981,Female,26,South,Kochi,11-10-2024
982,Customer_00982,Female,38,West,Lucknow,03-01-2025
983,Customer_00983,Female,36,North,Indore,06-05-2025
984,Customer_00984,Male,37,North,Mumbai,11-12-2024
985,Customer_00985,Female,18,West,Hyderabad,22-07-2024
986,Customer_00986,Female,43,East,Hyderabad,25-01-2024
987,Customer_00987,Male,30,West,Lucknow,06-07-2025
988,Customer_00988,Female,56,South,Bengaluru,09-03-2024
989,Customer_00989,Female,36,South,Kochi,30-05-2025
990,Customer_00990,Female,33,West,Pune,06-05-2025
991,Customer_00991,Female,39,West,Bengaluru,27-08-2024
992,Customer_00992,Male,27,West,Pune,26-12-2024
993,Customer_00993,Male,51,South,Lucknow,16-03-2025
994,Customer_00994,Female,58,East,Hyderabad,31-01-2024
995,Customer_00995,Male,41,South,Jaipur,20-09-2025
996,Customer_00996,Male,41,North,Indore,07-12-2025
997,Customer_00997,Female,28,Central,Kolkata,24-08-2025
998,Customer_00998,Male,34,North,Hyderabad,20-11-2025
999,Customer_00999,Male,39,Central,Jaipur,18-10-2025
1000,Customer_01000,Male,23,South,Jaipur,14-12-2025
1001,Customer_01001,Female,50,North,Lucknow,17-11-2024
1002,Customer_01002,Male,19,East,Kochi,09-12-2024
1003,Customer_01003,Male,18,Central,Lucknow,15-12-2025
1004,Customer_01004,Female,51,West,Pune,19-06-2025
1005,Customer_01005,Male,42,West,Bengaluru,20-12-2024
1006,Customer_01006,Female,25,West,Bengaluru,15-04-2025
1007,Customer_01007,Male,36,West,Indore,14-04-2024
1008,Customer_01008,Female,36,West,Ahmedabad,17-11-2024
1009,Customer_01009,Male,35,South,Jaipur,25-07-2025
1010,Customer_01010,Female,24,East,Delhi,10-06-2025
1011,Customer_01011,Male,37,South,Bengaluru,18-05-2025
1012,Customer_01012,Male,46,Central,Chennai,25-03-2024
1013,Customer_01013,Female,18,Central,Kolkata,09-12-2025
1014,Customer_01014,Male,29,North,Delhi,22-08-2024
1015,Customer_01015,Female,22,West,Indore,19-09-2024
1016,Customer_01016,Male,26,Central,Jaipur,06-01-2024
1017,Customer_01017,Female,38,North,Indore,08-05-2025
1018,Customer_01018,Female,21,East,Delhi,15-10-2024
1019,Customer_01019,Other,51,Central,Ahmedabad,23-07-2025
1020,Customer_01020,Male,35,North,Mumbai,18-10-2025
1021,Customer_01021,Male,30,West,Indore,07-07-2025
1022,Customer_01022,Other,18,South,Indore,15-12-2024
1023,Customer_01023,Female,35,Central,Pune,18-07-2024
1024,Customer_01024,Male,35,Central,Pune,16-11-2025
1025,Customer_01025,Female,21,Central,Mumbai,30-11-2024
1026,Customer_01026,Male,24,East,Bengaluru,29-08-2025
1027,Customer_01027,Other,51,Central,Pune,04-08-2024
1028,Customer_01028,Male,30,West,Kolkata,14-09-2025
1029,Customer_01029,Female,34,South,Kolkata,18-12-2024
1030,Customer_01030,Female,40,West,Kochi,22-11-2025
1031,Customer_01031,Female,32,North,Lucknow,05-11-2025
1032,Customer_01032,Female,48,East,Hyderabad,22-09-2025
1033,Customer_01033,Male,27,South,Indore,20-11-2024
1034,Customer_01034,Female,30,North,Pune,15-08-2024
1035,Customer_01035,Female,30,North,Jaipur,24-05-2024
1036,Customer_01036,Female,26,West,Jaipur,03-11-2024
1037,Customer_01037,Female,25,South,Indore,15-10-2025
1038,Customer_01038,Female,34,West,Bengaluru,25-09-2025
1039,Customer_01039,Male,47,North,Delhi,11-10-2024
1040,Customer_01040,Female,22,South,Pune,26-01-2025
1041,Customer_01041,Male,32,East,Delhi,25-12-2024
1042,Customer_01042,Male,42,West,Indore,13-06-2024
1043,Customer_01043,Female,54,South,Jaipur,03-08-2025
1044,Customer_01044,Male,43,East,Bengaluru,11-08-2024
1045,Customer_01045,Male,32,Central,Kochi,03-05-2024
1046,Customer_01046,Male,28,East,Pune,09-12-2024
1047,Customer_01047,Male,45,South,Hyderabad,07-06-2025
1048,Customer_01048,Female,43,North,Jaipur,21-02-2024
1049,Customer_01049,Female,34,Central,Hyderabad,08-05-2024
1050,Customer_01050,Male,32,North,Indore,14-05-2024
1051,Customer_01051,Male,54,Central,Ahmedabad,18-10-2025
1052,Customer_01052,Male,53,East,Jaipur,06-05-2024
1053,Customer_01053,Male,38,Central,Hyderabad,11-03-2024
1054,Customer_01054,Female,36,West,Hyderabad,29-09-2024
1055,Customer_01055,Male,23,Central,Kochi,05-07-2024
1056,Customer_01056,Female,34,South,Kolkata,03-01-2024
1057,Customer_01057,Male,46,West,Kochi,11-10-2024
1058,Customer_01058,Male,18,South,Chennai,22-01-2024
1059,Customer_01059,Male,40,East,Lucknow,14-06-2024
1060,Customer_01060,Male,41,East,Mumbai,05-11-2024
1061,Customer_01061,Female,41,Central,Jaipur,21-04-2025
1062,Customer_01062,Male,27,Central,Bengaluru,12-05-2025
1063,Customer_01063,Male,31,West,Pune,09-03-2025
1064,Customer_01064,Female,28,South,Delhi,21-08-2024
1065,Customer_01065,Female,54,South,Chennai,31-10-2025
1066,Customer_01066,Male,50,West,Bengaluru,24-10-2025
1067,Customer_01067,Other,38,South,Hyderabad,25-12-2025
1068,Customer_01068,Male,34,North,Jaipur,10-01-2025
1069,Customer_01069,Female,34,South,Mumbai,30-12-2025
1070,Customer_01070,Male,31,South,Pune,02-09-2024
1071,Customer_01071,Female,18,South,Jaipur,29-10-2024
1072,Customer_01072,Female,34,South,Hyderabad,08-02-2025
1073,Customer_01073,Male,54,North,Indore,24-10-2025
1074,Customer_01074,Female,37,North,Chennai,08-12-2025
1075,Customer_01075,Female,28,Central,Delhi,21-01-2024
1076,Customer_01076,Female,37,South,Mumbai,13-09-2024
1077,Customer_01077,Female,32,South,Bengaluru,02-02-2025
1078,Customer_01078,Female,24,West,Mumbai,12-06-2025
1079,Customer_01079,Male,23,South,Hyderabad,20-02-2024
1080,Customer_01080,Female,34,Central,Hyderabad,22-03-2025
1081,Customer_01081,Female,19,West,Ahmedabad,26-09-2024
1082,Customer_01082,Male,34,North,Chennai,17-08-2025
1083,Customer_01083,Female,33,South,Bengaluru,27-09-2025
1084,Customer_01084,Female,41,Central,Mumbai,18-09-2024
1085,Customer_01085,Other,32,Central,Bengaluru,30-12-2024
1086,Customer_01086,Female,23,East,Kochi,18-02-2024
1087,Customer_01087,Male,36,East,Bengaluru,01-06-2025
1088,Customer_01088,Female,44,North,Delhi,20-09-2025
1089,Customer_01089,Female,29,Central,Indore,27-04-2024
1090,Customer_01090,Female,50,South,Delhi,28-03-2025
1091,Customer_01091,Female,35,Central,Kolkata,02-10-2025
1092,Customer_01092,Female,30,West,Bengaluru,31-01-2025
1093,Customer_01093,Male,28,East,Jaipur,13-11-2025
1094,Customer_01094,Female,36,East,Kolkata,27-01-2024
1095,Customer_01095,Female,33,South,Delhi,11-12-2025
1096,Customer_01096,Male,21,North,Indore,06-01-2025
1097,Customer_01097,Male,50,South,Kolkata,06-04-2024
1098,Customer_01098,Female,31,North,Kochi,12-06-2025
1099,Customer_01099,Female,50,West,Lucknow,15-11-2025
1100,Customer_01100,Other,23,South,Hyderabad,04-09-2025
1101,Customer_01101,Other,44,North,Kolkata,04-07-2024
1102,Customer_01102,Male,48,Central,Pune,26-11-2025
1103,Customer_01103,Female,47,Central,Jaipur,02-08-2024
1104,Customer_01104,Male,38,Central,Ahmedabad,07-09-2024
1105,Customer_01105,Female,44,Central,Bengaluru,03-08-2024
1106,Customer_01106,Male,39,North,Lucknow,29-01-2024
1107,Customer_01107,Male,24,South,Mumbai,11-04-2024
1108,Customer_01108,Female,38,West,Mumbai,02-05-2024
1109,Customer_01109,Male,23,West,Indore,23-02-2024
1110,Customer_01110,Female,22,North,Pune,09-10-2024
1111,Customer_01111,Male,37,West,Bengaluru,05-09-2025
1112,Customer_01112,Male,28,South,Lucknow,26-04-2024
1113,Customer_01113,Male,50,South,Bengaluru,07-09-2025
1114,Customer_01114,Female,51,East,Delhi,10-07-2025
1115,Customer_01115,Male,61,East,Hyderabad,23-04-2024
1116,Customer_01116,Male,20,East,Hyderabad,26-06-2025
1117,Customer_01117,Female,23,North,Hyderabad,06-11-2025
1118,Customer_01118,Male,43,Central,Chennai,01-12-2025
1119,Customer_01119,Male,31,South,Jaipur,19-10-2024
1120,Customer_01120,Female,27,North,Delhi,13-07-2024
1121,Customer_01121,Male,30,Central,Ahmedabad,18-10-2024
1122,Customer_01122,Male,33,Central,Kolkata,17-09-2024
1123,Customer_01123,Female,41,Central,Pune,25-07-2024
1124,Customer_01124,Female,18,West,Jaipur,17-07-2025
1125,Customer_01125,Female,38,West,Kochi,18-02-2024
1126,Customer_01126,Other,32,East,Hyderabad,06-01-2024
1127,Customer_01127,Male,26,North,Kolkata,13-01-2025
1128,Customer_01128,Other,48,South,Jaipur,28-01-2025
1129,Customer_01129,Female,30,South,Kochi,11-08-2024
1130,Customer_01130,Female,31,South,Bengaluru,23-01-2024
1131,Customer_01131,Male,31,West,Delhi,18-10-2025
1132,Customer_01132,Female,50,East,Chennai,19-04-2024
1133,Customer_01133,Male,35,North,Lucknow,24-12-2025
1134,Customer_01134,Female,33,South,Chennai,06-07-2025
1135,Customer_01135,Male,43,West,Lucknow,02-02-2025
1136,Customer_01136,Female,18,North,Kolkata,20-06-2024
1137,Customer_01137,Female,36,Central,Kochi,28-11-2025
1138,Customer_01138,Male,36,East,Ahmedabad,26-12-2025
1139,Customer_01139,Female,42,East,Jaipur,01-11-2024
1140,Customer_01140,Female,37,East,Chennai,17-07-2025
1141,Customer_01141,Female,23,West,Bengaluru,04-08-2025
1142,Customer_01142,Male,18,South,Bengaluru,08-12-2025
1143,Customer_01143,Female,40,West,Chennai,30-05-2024
1144,Customer_01144,Female,29,East,Chennai,03-03-2025
1145,Customer_01145,Male,31,South,Chennai,12-09-2025
1146,Customer_01146,Female,25,Central,Pune,11-04-2025
1147,Customer_01147,Female,34,West,Indore,21-09-2025
1148,Customer_01148,Female,33,West,Ahmedabad,29-08-2025
1149,Customer_01149,Male,22,Central,Lucknow,09-07-2025
1150,Customer_01150,Male,42,Central,Chennai,07-03-2024
1151,Customer_01151,Female,27,West,Mumbai,04-06-2024
1152,Customer_01152,Female,48,West,Jaipur,24-07-2024
1153,Customer_01153,Female,36,West,Delhi,03-06-2024
1154,Customer_01154,Male,33,West,Indore,21-11-2025
1155,Customer_01155,Male,19,East,Ahmedabad,23-05-2025
1156,Customer_01156,Female,39,West,Jaipur,25-07-2025
1157,Customer_01157,Female,34,North,Lucknow,14-03-2024
1158,Customer_01158,Male,36,Central,Kolkata,18-02-2024
1159,Customer_01159,Female,47,Central,Mumbai,11-04-2025
1160,Customer_01160,Male,43,North,Kochi,07-08-2025
1161,Customer_01161,Male,45,West,Lucknow,08-12-2025
1162,Customer_01162,Male,18,North,Pune,27-06-2024
1163,Customer_01163,Female,32,South,Kolkata,17-02-2024
1164,Customer_01164,Female,18,West,Indore,12-03-2024
1165,Customer_01165,Male,39,North,Kolkata,22-04-2024
1166,Customer_01166,Female,18,West,Ahmedabad,07-06-2024
1167,Customer_01167,Male,45,West,Kochi,30-01-2024
1168,Customer_01168,Female,50,East,Chennai,06-04-2024
1169,Customer_01169,Female,32,North,Chennai,07-09-2024
1170,Customer_01170,Male,37,South,Bengaluru,02-06-2025
1171,Customer_01171,Male,50,East,Indore,01-04-2024
1172,Customer_01172,Female,55,Central,Lucknow,22-04-2024
1173,Customer_01173,Female,51,West,Bengaluru,15-09-2024
1174,Customer_01174,Male,39,South,Delhi,16-04-2024
1175,Customer_01175,Female,50,West,Kolkata,28-07-2025
1176,Customer_01176,Female,24,East,Ahmedabad,24-01-2025
1177,Customer_01177,Female,27,West,Mumbai,23-12-2024
1178,Customer_01178,Male,43,North,Hyderabad,17-07-2024
1179,Customer_01179,Female,34,West,Delhi,02-03-2025
1180,Customer_01180,Female,41,East,Pune,22-04-2025
1181,Customer_01181,Female,43,Central,Pune,17-05-2025
1182,Customer_01182,Female,43,South,Jaipur,19-10-2025
1183,Customer_01183,Male,18,West,Kolkata,26-07-2025
1184,Customer_01184,Female,41,Central,Indore,29-04-2024
1185,Customer_01185,Male,28,North,Jaipur,26-07-2025
1186,Customer_01186,Male,37,Central,Kochi,04-11-2024
1187,Customer_01187,Female,30,West,Lucknow,21-06-2025
1188,Customer_01188,Female,30,North,Chennai,18-09-2025
1189,Customer_01189,Male,28,South,Chennai,19-04-2025
1190,Customer_01190,Female,42,West,Chennai,05-07-2025
1191,Customer_01191,Male,32,North,Chennai,09-12-2024
1192,Customer_01192,Male,32,East,Delhi,19-09-2025
1193,Customer_01193,Male,31,South,Pune,15-05-2024
1194,Customer_01194,Female,40,East,Indore,03-10-2024
1195,Customer_01195,Female,25,North,Hyderabad,16-06-2025
1196,Customer_01196,Male,50,Central,Bengaluru,31-01-2024
1197,Customer_01197,Male,27,Central,Jaipur,03-09-2024
1198,Customer_01198,Female,30,Central,Pune,14-02-2025
1199,Customer_01199,Female,34,West,Pune,27-01-2024
1200,Customer_01200,Male,39,North,Kochi,13-03-2024
1201,Customer_01201,Female,32,West,Delhi,06-04-2024
1202,Customer_01202,Female,32,North,Chennai,03-11-2025
1203,Customer_01203,Male,45,North,Jaipur,11-12-2024
1204,Customer_01204,Male,18,South,Bengaluru,20-04-2025
1205,Customer_01205,Female,28,East,Mumbai,26-10-2024
1206,Customer_01206,Male,26,West,Kochi,25-10-2024
1207,Customer_01207,Female,30,West,Ahmedabad,13-10-2024
1208,Customer_01208,Male,48,South,Jaipur,24-03-2025
1209,Customer_01209,Female,27,South,Indore,30-07-2024
1210,Customer_01210,Male,33,Central,Chennai,16-03-2024
1211,Customer_01211,Other,39,South,Mumbai,04-02-2025
1212,Customer_01212,Female,26,East,Hyderabad,16-10-2025
1213,Customer_01213,Female,18,North,Indore,03-02-2024
1214,Customer_01214,Male,18,West,Bengaluru,12-05-2025
1215,Customer_01215,Female,47,West,Delhi,30-05-2025
1216,Customer_01216,Female,39,South,Delhi,23-11-2024
1217,Customer_01217,Female,31,North,Chennai,07-04-2024
1218,Customer_01218,Male,31,West,Jaipur,31-12-2024
1219,Customer_01219,Female,25,West,Indore,29-12-2025
1220,Customer_01220,Female,36,South,Bengaluru,07-04-2025
1221,Customer_01221,Male,41,Central,Bengaluru,28-01-2024
1222,Customer_01222,Male,25,North,Chennai,13-12-2025
1223,Customer_01223,Male,37,South,Indore,20-01-2025
1224,Customer_01224,Male,25,Central,Bengaluru,29-09-2024
1225,Customer_01225,Female,33,South,Kochi,06-05-2024
1226,Customer_01226,Female,28,West,Chennai,20-07-2024
1227,Customer_01227,Male,43,South,Indore,04-06-2025
1228,Customer_01228,Female,34,South,Chennai,13-10-2024
1229,Customer_01229,Male,22,Central,Kolkata,25-03-2025
1230,Customer_01230,Male,33,South,Delhi,28-03-2024
1231,Customer_01231,Female,44,Central,Bengaluru,13-11-2024
1232,Customer_01232,Male,22,South,Ahmedabad,19-01-2024
1233,Customer_01233,Female,31,South,Hyderabad,15-08-2025
1234,Customer_01234,Male,30,North,Kochi,16-04-2024
1235,Customer_01235,Female,36,West,Hyderabad,02-04-2025
1236,Customer_01236,Male,32,South,Indore,06-11-2024
1237,Customer_01237,Other,38,Central,Indore,15-02-2025
1238,Customer_01238,Female,27,East,Lucknow,15-09-2025
1239,Customer_01239,Male,32,Central,Indore,26-09-2025
1240,Customer_01240,Male,32,North,Kolkata,12-05-2025
1241,Customer_01241,Male,52,Central,Delhi,31-08-2024
1242,Customer_01242,Female,37,West,Mumbai,20-11-2025
1243,Customer_01243,Male,42,West,Hyderabad,30-07-2025
1244,Customer_01244,Female,52,West,Indore,14-01-2025
1245,Customer_01245,Male,37,West,Ahmedabad,29-05-2025
1246,Customer_01246,Male,32,East,Ahmedabad,25-07-2024
1247,Customer_01247,Male,24,North,Indore,28-01-2025
1248,Customer_01248,Male,22,North,Delhi,21-01-2024
1249,Customer_01249,Female,18,Central,Bengaluru,10-06-2025
1250,Customer_01250,Male,43,East,Delhi,08-12-2024
1251,Customer_01251,Female,39,West,Kolkata,18-12-2025
1252,Customer_01252,Female,32,East,Delhi,20-07-2024
1253,Customer_01253,Male,31,North,Lucknow,29-04-2024
1254,Customer_01254,Male,24,North,Lucknow,10-10-2025
1255,Customer_01255,Male,39,West,Mumbai,23-01-2025
1256,Customer_01256,Female,28,South,Kochi,20-06-2025
1257,Customer_01257,Male,31,North,Indore,21-08-2024
1258,Customer_01258,Male,23,East,Hyderabad,24-09-2025
1259,Customer_01259,Male,25,North,Jaipur,24-08-2025
1260,Customer_01260,Male,43,East,Chennai,15-11-2024
1261,Customer_01261,Other,45,South,Bengaluru,12-12-2025
1262,Customer_01262,Female,22,West,Pune,28-06-2024
1263,Customer_01263,Male,40,South,Bengaluru,02-01-2025
1264,Customer_01264,Female,27,East,Indore,16-03-2024
1265,Customer_01265,Female,29,North,Pune,10-10-2025
1266,Customer_01266,Male,46,North,Jaipur,11-10-2025
1267,Customer_01267,Female,31,South,Bengaluru,10-05-2025
1268,Customer_01268,Male,31,East,Hyderabad,05-06-2025
1269,Customer_01269,Female,18,East,Kolkata,19-07-2024
1270,Customer_01270,Female,31,South,Ahmedabad,11-12-2024
1271,Customer_01271,Other,28,West,Bengaluru,27-04-2025
1272,Customer_01272,Male,39,Central,Delhi,06-08-2024
1273,Customer_01273,Female,29,West,Ahmedabad,29-02-2024
1274,Customer_01274,Male,46,North,Indore,20-10-2025
1275,Customer_01275,Male,38,East,Delhi,10-09-2025
1276,Customer_01276,Other,36,North,Indore,03-07-2025
1277,Customer_01277,Female,41,South,Jaipur,07-10-2025
1278,Customer_01278,Male,36,Central,Hyderabad,08-08-2024
1279,Customer_01279,Female,41,North,Kochi,16-05-2025
1280,Customer_01280,Male,33,East,Kolkata,12-05-2024
1281,Customer_01281,Male,33,East,Mumbai,22-02-2024
1282,Customer_01282,Female,26,West,Lucknow,25-03-2025
1283,Customer_01283,Female,27,East,Indore,02-03-2024
1284,Customer_01284,Male,47,North,Kochi,23-01-2024
1285,Customer_01285,Female,39,South,Lucknow,13-02-2024
1286,Customer_01286,Male,19,East,Lucknow,11-07-2025
1287,Customer_01287,Male,45,North,Mumbai,20-10-2025
1288,Customer_01288,Male,35,South,Lucknow,28-12-2025
1289,Customer_01289,Female,26,North,Kolkata,16-02-2024
1290,Customer_01290,Female,52,North,Pune,24-01-2024
1291,Customer_01291,Male,47,South,Mumbai,18-10-2025
1292,Customer_01292,Male,42,North,Bengaluru,29-03-2024
1293,Customer_01293,Female,36,East,Lucknow,22-06-2024
1294,Customer_01294,Female,37,West,Lucknow,29-07-2025
1295,Customer_01295,Male,18,West,Pune,28-04-2024
1296,Customer_01296,Male,41,North,Kochi,29-10-2025
1297,Customer_01297,Other,36,North,Kolkata,26-06-2024
1298,Customer_01298,Female,36,North,Jaipur,07-12-2024
1299,Customer_01299,Male,36,West,Jaipur,21-07-2025
1300,Customer_01300,Female,29,West,Jaipur,28-02-2024
1301,Customer_01301,Male,25,North,Lucknow,13-03-2025
1302,Customer_01302,Male,35,Central,Kochi,03-03-2025
1303,Customer_01303,Female,21,North,Hyderabad,01-03-2025
1304,Customer_01304,Male,37,East,Delhi,15-01-2025
1305,Customer_01305,Male,24,West,Delhi,30-04-2025
1306,Customer_01306,Female,44,Central,Kochi,03-07-2024
1307,Customer_01307,Female,20,West,Ahmedabad,12-07-2025
1308,Customer_01308,Female,34,West,Mumbai,04-04-2025
1309,Customer_01309,Male,35,South,Hyderabad,11-04-2024
1310,Customer_01310,Female,46,West,Mumbai,09-07-2025
1311,Customer_01311,Female,37,North,Pune,15-01-2024
1312,Customer_01312,Male,26,Central,Kolkata,20-02-2024
1313,Customer_01313,Female,25,East,Jaipur,04-11-2024
1314,Customer_01314,Male,48,West,Chennai,03-02-2024
1315,Customer_01315,Other,34,East,Chennai,27-09-2025
1316,Customer_01316,Female,32,West,Mumbai,11-08-2025
1317,Customer_01317,Male,27,East,Indore,26-09-2025
1318,Customer_01318,Female,22,West,Mumbai,23-07-2024
1319,Customer_01319,Male,53,North,Jaipur,10-03-2024
1320,Customer_01320,Female,35,North,Mumbai,17-08-2024
1321,Customer_01321,Male,23,South,Mumbai,24-04-2025
1322,Customer_01322,Male,41,North,Jaipur,16-06-2025
1323,Customer_01323,Female,40,Central,Delhi,17-04-2024
1324,Customer_01324,Female,22,South,Pune,28-08-2024
1325,Customer_01325,Male,28,Central,Hyderabad,07-09-2024
1326,Customer_01326,Female,39,South,Lucknow,14-05-2024
1327,Customer_01327,Female,41,North,Bengaluru,30-03-2024
1328,Customer_01328,Male,26,West,Lucknow,13-08-2025
1329,Customer_01329,Male,18,West,Mumbai,15-03-2025
1330,Customer_01330,Female,36,East,Bengaluru,19-11-2025
1331,Customer_01331,Male,43,East,Lucknow,24-10-2024
1332,Customer_01332,Female,33,West,Kochi,10-02-2025
1333,Customer_01333,Female,31,South,Mumbai,03-11-2024
1334,Customer_01334,Female,50,Central,Indore,11-04-2024
1335,Customer_01335,Male,18,Central,Chennai,26-12-2024
1336,Customer_01336,Female,41,West,Indore,15-09-2025
1337,Customer_01337,Male,42,North,Hyderabad,23-11-2025
1338,Customer_01338,Female,26,West,Hyderabad,07-09-2025
1339,Customer_01339,Male,18,North,Lucknow,11-06-2025
1340,Customer_01340,Male,42,North,Kolkata,30-08-2025
1341,Customer_01341,Male,37,South,Jaipur,19-10-2024
1342,Customer_01342,Male,48,East,Jaipur,25-05-2024
1343,Customer_01343,Female,28,Central,Kolkata,07-02-2025
1344,Customer_01344,Female,36,West,Lucknow,02-01-2024
1345,Customer_01345,Female,18,West,Lucknow,28-04-2024
1346,Customer_01346,Male,41,South,Bengaluru,28-08-2025
1347,Customer_01347,Male,19,South,Lucknow,09-07-2024
1348,Customer_01348,Female,34,South,Kolkata,03-01-2024
1349,Customer_01349,Female,24,Central,Indore,01-05-2025
1350,Customer_01350,Male,37,North,Jaipur,14-09-2025
1351,Customer_01351,Female,32,Central,Kolkata,25-06-2024
1352,Customer_01352,Female,32,East,Bengaluru,13-09-2024
1353,Customer_01353,Female,33,South,Kolkata,17-06-2025
1354,Customer_01354,Male,34,West,Delhi,21-04-2025
1355,Customer_01355,Female,48,East,Ahmedabad,01-02-2025
1356,Customer_01356,Male,39,Central,Mumbai,10-05-2025
1357,Customer_01357,Female,27,Central,Indore,07-08-2024
1358,Customer_01358,Male,28,South,Chennai,21-06-2024
1359,Customer_01359,Female,44,South,Mumbai,24-01-2025
1360,Customer_01360,Female,23,East,Kolkata,16-05-2025
1361,Customer_01361,Male,34,Central,Mumbai,30-07-2025
1362,Customer_01362,Female,18,South,Kochi,16-09-2024
1363,Customer_01363,Female,33,East,Chennai,10-05-2024
1364,Customer_01364,Male,23,West,Hyderabad,22-04-2024
1365,Customer_01365,Male,28,West,Delhi,23-12-2025
1366,Customer_01366,Male,36,North,Pune,20-01-2024
1367,Customer_01367,Female,40,West,Bengaluru,02-08-2024
1368,Customer_01368,Female,27,Central,Pune,05-11-2024
1369,Customer_01369,Female,45,North,Kochi,07-09-2024
1370,Customer_01370,Male,22,South,Kolkata,02-05-2025
1371,Customer_01371,Male,42,Central,Ahmedabad,16-01-2025
1372,Customer_01372,Male,30,North,Mumbai,12-02-2025
1373,Customer_01373,Other,44,Central,Indore,27-09-2024
1374,Customer_01374,Male,30,East,Kochi,10-02-2025
1375,Customer_01375,Male,27,South,Lucknow,22-11-2025
1376,Customer_01376,Female,40,Central,Mumbai,12-07-2024
1377,Customer_01377,Female,38,South,Chennai,16-03-2025
1378,Customer_01378,Male,29,East,Mumbai,08-11-2024
1379,Customer_01379,Male,39,South,Jaipur,19-03-2024
1380,Customer_01380,Female,33,East,Kolkata,28-06-2024
1381,Customer_01381,Female,35,North,Chennai,05-11-2025
1382,Customer_01382,Male,37,South,Chennai,14-12-2025
1383,Customer_01383,Female,20,Central,Hyderabad,14-01-2024
1384,Customer_01384,Female,34,South,Jaipur,02-09-2024
1385,Customer_01385,Female,19,West,Bengaluru,14-01-2024
1386,Customer_01386,Male,24,South,Kolkata,08-04-2024
1387,Customer_01387,Male,33,West,Kolkata,02-02-2024
1388,Customer_01388,Female,44,North,Bengaluru,11-03-2025
1389,Customer_01389,Female,32,Central,Ahmedabad,13-09-2024
1390,Customer_01390,Female,30,East,Ahmedabad,03-02-2024
1391,Customer_01391,Female,29,South,Jaipur,19-01-2024
1392,Customer_01392,Male,38,North,Bengaluru,25-10-2025
1393,Customer_01393,Male,23,North,Hyderabad,16-09-2024
1394,Customer_01394,Male,20,East,Jaipur,06-11-2025
1395,Customer_01395,Female,48,South,Mumbai,11-08-2025
1396,Customer_01396,Male,38,West,Kochi,19-02-2025
1397,Customer_01397,Male,27,South,Bengaluru,16-05-2024
1398,Customer_01398,Male,28,South,Kochi,24-12-2024
1399,Customer_01399,Female,28,East,Bengaluru,20-12-2025
1400,Customer_01400,Female,21,West,Bengaluru,01-08-2025
1401,Customer_01401,Female,31,North,Ahmedabad,25-04-2024
1402,Customer_01402,Male,34,North,Mumbai,07-02-2025
1403,Customer_01403,Female,48,North,Hyderabad,20-07-2024
1404,Customer_01404,Male,35,West,Ahmedabad,10-01-2025
1405,Customer_01405,Male,41,West,Bengaluru,06-09-2024
1406,Customer_01406,Male,31,East,Pune,21-03-2025
1407,Customer_01407,Male,29,West,Ahmedabad,04-10-2024
1408,Customer_01408,Female,34,West,Kochi,21-04-2024
1409,Customer_01409,Female,43,East,Jaipur,17-04-2025
1410,Customer_01410,Male,28,Central,Hyderabad,18-11-2025
1411,Customer_01411,Female,36,North,Jaipur,26-01-2025
1412,Customer_01412,Male,36,North,Ahmedabad,22-05-2024
1413,Customer_01413,Male,34,South,Pune,01-02-2024
1414,Customer_01414,Male,43,North,Indore,29-06-2024
1415,Customer_01415,Male,34,East,Chennai,01-08-2025
1416,Customer_01416,Male,33,Central,Pune,30-05-2025
1417,Customer_01417,Female,33,North,Bengaluru,25-09-2024
1418,Customer_01418,Female,18,North,Lucknow,23-08-2024
1419,Customer_01419,Female,32,East,Mumbai,03-10-2024
1420,Customer_01420,Male,23,Central,Jaipur,06-07-2025
1421,Customer_01421,Female,32,South,Mumbai,24-09-2025
1422,Customer_01422,Female,34,East,Kochi,01-10-2024
1423,Customer_01423,Female,39,North,Kolkata,26-03-2024
1424,Customer_01424,Male,54,North,Lucknow,03-03-2024
1425,Customer_01425,Other,47,Central,Delhi,07-02-2025
1426,Customer_01426,Female,34,Central,Indore,10-07-2024
1427,Customer_01427,Female,40,North,Lucknow,19-10-2024
1428,Customer_01428,Male,30,Central,Jaipur,31-01-2024
1429,Customer_01429,Male,36,West,Indore,25-11-2024
1430,Customer_01430,Female,36,Central,Delhi,19-10-2025
1431,Customer_01431,Male,24,East,Kochi,16-04-2024
1432,Customer_01432,Male,29,East,Kochi,13-09-2025
1433,Customer_01433,Female,18,East,Pune,02-10-2024
1434,Customer_01434,Male,32,West,Indore,22-12-2025
1435,Customer_01435,Male,34,North,Bengaluru,12-10-2025
1436,Customer_01436,Female,33,North,Kolkata,20-08-2025
1437,Customer_01437,Male,24,South,Mumbai,09-07-2025
1438,Customer_01438,Female,33,West,Hyderabad,22-03-2024
1439,Customer_01439,Female,36,North,Indore,04-03-2024
1440,Customer_01440,Male,39,West,Kolkata,20-07-2025
1441,Customer_01441,Female,37,Central,Chennai,08-08-2025
1442,Customer_01442,Male,31,North,Lucknow,08-05-2024
1443,Customer_01443,Female,33,West,Indore,12-09-2024
1444,Customer_01444,Female,37,South,Kolkata,18-08-2024
1445,Customer_01445,Male,30,Central,Hyderabad,11-05-2025
1446,Customer_01446,Female,25,North,Chennai,16-05-2024
1447,Customer_01447,Female,30,West,Bengaluru,30-03-2025
1448,Customer_01448,Male,38,West,Hyderabad,20-12-2024
1449,Customer_01449,Male,41,Central,Pune,15-09-2025
1450,Customer_01450,Male,43,West,Indore,29-04-2025
1451,Customer_01451,Female,26,East,Chennai,25-05-2024
1452,Customer_01452,Male,53,East,Delhi,02-02-2024
1453,Customer_01453,Male,27,Central,Hyderabad,16-09-2024
1454,Customer_01454,Male,32,East,Chennai,27-03-2024
1455,Customer_01455,Female,46,North,Kolkata,21-09-2024
1456,Customer_01456,Female,18,Central,Hyderabad,25-06-2025
1457,Customer_01457,Female,35,West,Delhi,26-01-2025
1458,Customer_01458,Male,31,West,Pune,19-08-2024
1459,Customer_01459,Male,20,South,Ahmedabad,10-08-2025
1460,Customer_01460,Male,20,West,Kolkata,22-03-2025
1461,Customer_01461,Male,45,South,Kolkata,08-05-2024
1462,Customer_01462,Female,39,West,Ahmedabad,27-09-2024
1463,Customer_01463,Male,43,North,Kolkata,29-03-2024
1464,Customer_01464,Female,24,West,Delhi,10-04-2025
1465,Customer_01465,Female,37,Central,Lucknow,18-06-2024
1466,Customer_01466,Female,57,North,Pune,07-05-2024
1467,Customer_01467,Female,32,Central,Indore,22-06-2024
1468,Customer_01468,Female,35,South,Bengaluru,26-01-2024
1469,Customer_01469,Male,34,Central,Ahmedabad,26-07-2025
1470,Customer_01470,Female,33,West,Mumbai,25-05-2025
1471,Customer_01471,Female,26,East,Delhi,02-05-2025
1472,Customer_01472,Female,34,West,Bengaluru,01-08-2025
1473,Customer_01473,Male,50,Central,Jaipur,09-02-2025
1474,Customer_01474,Male,33,South,Bengaluru,26-01-2024
1475,Customer_01475,Other,46,South,Pune,23-03-2024
1476,Customer_01476,Male,63,West,Mumbai,29-12-2024
1477,Customer_01477,Male,26,West,Indore,01-01-2025
1478,Customer_01478,Male,39,West,Pune,29-02-2024
1479,Customer_01479,Female,22,West,Delhi,04-07-2025
1480,Customer_01480,Male,33,South,Ahmedabad,26-09-2025
1481,Customer_01481,Female,59,West,Mumbai,18-10-2024
1482,Customer_01482,Male,40,North,Ahmedabad,09-07-2024
1483,Customer_01483,Male,37,East,Mumbai,05-04-2025
1484,Customer_01484,Male,22,North,Chennai,25-10-2025
1485,Customer_01485,Female,28,South,Lucknow,20-08-2024
1486,Customer_01486,Male,26,South,Bengaluru,18-04-2025
1487,Customer_01487,Male,24,South,Pune,08-02-2025
1488,Customer_01488,Male,42,West,Kolkata,19-10-2025
1489,Customer_01489,Male,41,South,Ahmedabad,27-09-2024
1490,Customer_01490,Female,32,South,Delhi,13-05-2024
1491,Customer_01491,Male,29,South,Jaipur,19-06-2024
1492,Customer_01492,Male,41,South,Bengaluru,18-02-2025
1493,Customer_01493,Male,51,South,Ahmedabad,28-01-2024
1494,Customer_01494,Male,44,North,Pune,15-05-2024
1495,Customer_01495,Female,35,East,Delhi,08-02-2025
1496,Customer_01496,Male,43,West,Bengaluru,19-05-2025
1497,Customer_01497,Male,44,East,Delhi,28-08-2024
1498,Customer_01498,Male,36,East,Mumbai,19-03-2025
1499,Customer_01499,Female,36,South,Delhi,09-03-2025
1500,Customer_01500,Female,29,Central,Delhi,15-08-2024
1501,Customer_01501,Male,42,East,Lucknow,23-05-2025
1502,Customer_01502,Female,32,East,Kolkata,29-10-2024
1503,Customer_01503,Female,24,North,Hyderabad,03-02-2024
1504,Customer_01504,Male,25,South,Jaipur,02-01-2024
1505,Customer_01505,Male,34,South,Chennai,27-12-2024
1506,Customer_01506,Female,25,South,Mumbai,13-07-2024
1507,Customer_01507,Female,61,East,Kolkata,28-08-2025
1508,Customer_01508,Female,39,East,Kolkata,03-11-2024
1509,Customer_01509,Male,29,East,Ahmedabad,08-10-2025
1510,Customer_01510,Female,36,West,Kochi,16-12-2025
1511,Customer_01511,Male,41,West,Delhi,06-09-2024
1512,Customer_01512,Female,36,West,Jaipur,26-05-2024
1513,Customer_01513,Female,24,Central,Bengaluru,11-12-2024
1514,Customer_01514,Female,33,North,Pune,13-12-2024
1515,Customer_01515,Male,32,North,Mumbai,10-09-2024
1516,Customer_01516,Male,29,North,Ahmedabad,02-02-2025
1517,Customer_01517,Female,26,West,Ahmedabad,29-11-2024
1518,Customer_01518,Male,43,Central,Pune,24-06-2024
1519,Customer_01519,Male,39,South,Delhi,04-05-2024
1520,Customer_01520,Male,39,Central,Ahmedabad,01-02-2025
1521,Customer_01521,Male,18,North,Pune,10-05-2024
1522,Customer_01522,Female,30,Central,Indore,15-07-2025
1523,Customer_01523,Male,46,South,Jaipur,27-08-2025
1524,Customer_01524,Male,38,North,Kolkata,10-02-2025
1525,Customer_01525,Male,22,East,Jaipur,29-11-2024
1526,Customer_01526,Female,51,South,Ahmedabad,20-01-2024
1527,Customer_01527,Female,18,South,Delhi,23-07-2024
1528,Customer_01528,Male,35,South,Indore,25-08-2025
1529,Customer_01529,Female,51,West,Pune,20-12-2024
1530,Customer_01530,Male,18,East,Kolkata,21-06-2024
1531,Customer_01531,Female,29,South,Delhi,07-07-2024
1532,Customer_01532,Female,20,East,Delhi,02-01-2024
1533,Customer_01533,Male,48,West,Kochi,16-06-2024
1534,Customer_01534,Male,26,South,Mumbai,02-01-2025
1535,Customer_01535,Female,44,South,Kochi,19-06-2025
1536,Customer_01536,Female,48,North,Pune,02-08-2025
1537,Customer_01537,Female,21,North,Lucknow,04-01-2025
1538,Customer_01538,Female,19,West,Bengaluru,06-12-2025
1539,Customer_01539,Male,39,North,Lucknow,18-08-2025
1540,Customer_01540,Male,42,East,Delhi,12-03-2025
1541,Customer_01541,Female,33,West,Ahmedabad,25-07-2024
1542,Customer_01542,Male,34,North,Mumbai,18-02-2024
1543,Customer_01543,Female,49,East,Indore,27-06-2025
1544,Customer_01544,Male,32,South,Ahmedabad,12-11-2025
1545,Customer_01545,Male,48,Central,Kolkata,08-05-2024
1546,Customer_01546,Male,28,East,Kolkata,22-03-2025
1547,Customer_01547,Female,58,West,Lucknow,05-09-2025
1548,Customer_01548,Male,25,East,Jaipur,04-02-2024
1549,Customer_01549,Female,46,North,Delhi,17-07-2024
1550,Customer_01550,Female,24,West,Lucknow,17-03-2024
1551,Customer_01551,Female,42,Central,Ahmedabad,03-01-2025
1552,Customer_01552,Male,34,East,Bengaluru,09-06-2025
1553,Customer_01553,Female,37,West,Mumbai,14-12-2024
1554,Customer_01554,Female,41,Central,Delhi,20-05-2025
1555,Customer_01555,Male,36,South,Jaipur,04-10-2025
1556,Customer_01556,Female,36,South,Hyderabad,25-08-2024
1557,Customer_01557,Male,18,East,Kolkata,06-10-2024
1558,Customer_01558,Male,48,South,Bengaluru,30-07-2025
1559,Customer_01559,Male,49,West,Chennai,07-03-2025
1560,Customer_01560,Female,33,Central,Hyderabad,17-05-2024
1561,Customer_01561,Female,40,South,Pune,25-09-2024
1562,Customer_01562,Male,48,South,Indore,19-07-2024
1563,Customer_01563,Female,40,West,Mumbai,21-05-2024
1564,Customer_01564,Male,29,South,Pune,03-09-2025
1565,Customer_01565,Female,22,West,Ahmedabad,11-10-2025
1566,Customer_01566,Female,40,South,Ahmedabad,10-11-2025
1567,Customer_01567,Male,35,West,Indore,02-09-2025
1568,Customer_01568,Female,34,North,Delhi,20-12-2024
1569,Customer_01569,Female,26,East,Kolkata,31-07-2025
1570,Customer_01570,Female,31,East,Indore,24-11-2024
1571,Customer_01571,Male,37,East,Pune,12-07-2025
1572,Customer_01572,Male,31,North,Bengaluru,18-08-2024
1573,Customer_01573,Female,34,West,Pune,03-11-2024
1574,Customer_01574,Male,34,Central,Bengaluru,19-10-2025
1575,Customer_01575,Male,41,South,Delhi,19-12-2025
1576,Customer_01576,Female,20,North,Chennai,25-05-2024
1577,Customer_01577,Male,30,North,Jaipur,31-05-2024
1578,Customer_01578,Female,23,West,Mumbai,19-05-2024
1579,Customer_01579,Male,36,East,Indore,24-10-2025
1580,Customer_01580,Female,26,East,Chennai,21-01-2024
1581,Customer_01581,Other,43,South,Bengaluru,10-09-2024
1582,Customer_01582,Female,30,South,Mumbai,04-03-2024
1583,Customer_01583,Male,28,East,Chennai,05-08-2024
1584,Customer_01584,Female,26,East,Kolkata,12-03-2024
1585,Customer_01585,Male,37,Central,Pune,10-06-2024
1586,Customer_01586,Male,21,North,Bengaluru,09-05-2024
1587,Customer_01587,Female,33,West,Jaipur,03-08-2025
1588,Customer_01588,Other,33,South,Ahmedabad,12-08-2024
1589,Customer_01589,Other,29,South,Jaipur,02-08-2025
1590,Customer_01590,Male,36,West,Jaipur,29-03-2025
1591,Customer_01591,Female,29,West,Chennai,18-01-2025
1592,Customer_01592,Female,37,Central,Lucknow,16-04-2024
1593,Customer_01593,Male,29,North,Kolkata,12-09-2025
1594,Customer_01594,Female,27,North,Kolkata,12-04-2024
1595,Customer_01595,Male,37,West,Kochi,20-05-2024
1596,Customer_01596,Male,42,East,Jaipur,30-07-2025
1597,Customer_01597,Female,63,South,Jaipur,13-05-2024
1598,Customer_01598,Male,31,North,Pune,17-07-2024
1599,Customer_01599,Male,42,North,Mumbai,24-05-2025
1600,Customer_01600,Male,30,Central,Ahmedabad,28-10-2025
1601,Customer_01601,Female,42,North,Hyderabad,19-03-2024
1602,Customer_01602,Male,47,South,Kochi,26-04-2025
1603,Customer_01603,Male,35,South,Lucknow,26-05-2025
1604,Customer_01604,Female,41,South,Delhi,06-09-2024
1605,Customer_01605,Male,38,North,Kochi,21-08-2025
1606,Customer_01606,Female,34,East,Bengaluru,22-08-2025
1607,Customer_01607,Male,30,North,Chennai,27-04-2025
1608,Customer_01608,Male,30,West,Indore,20-06-2024
1609,Customer_01609,Male,21,South,Indore,17-01-2024
1610,Customer_01610,Male,44,East,Kolkata,20-10-2024
1611,Customer_01611,Female,53,Central,Lucknow,28-01-2025
1612,Customer_01612,Male,20,West,Hyderabad,12-05-2025
1613,Customer_01613,Female,44,East,Delhi,06-08-2024
1614,Customer_01614,Male,34,South,Mumbai,21-08-2024
1615,Customer_01615,Female,28,South,Delhi,24-01-2025
1616,Customer_01616,Female,35,West,Pune,04-09-2024
1617,Customer_01617,Male,26,Central,Kochi,21-02-2024
1618,Customer_01618,Female,36,West,Pune,15-01-2024
1619,Customer_01619,Female,31,East,Indore,19-11-2024
1620,Customer_01620,Female,31,West,Hyderabad,16-03-2025
1621,Customer_01621,Male,46,East,Mumbai,21-04-2024
1622,Customer_01622,Male,18,North,Hyderabad,26-11-2025
1623,Customer_01623,Male,28,East,Hyderabad,07-01-2024
1624,Customer_01624,Female,18,Central,Hyderabad,16-07-2025
1625,Customer_01625,Female,35,North,Mumbai,01-09-2024
1626,Customer_01626,Female,29,West,Bengaluru,23-03-2025
1627,Customer_01627,Male,27,North,Indore,30-12-2024
1628,Customer_01628,Male,37,East,Delhi,01-01-2025
1629,Customer_01629,Male,40,North,Kolkata,28-11-2025
1630,Customer_01630,Male,46,East,Lucknow,13-10-2024
1631,Customer_01631,Male,63,West,Lucknow,26-08-2025
1632,Customer_01632,Male,28,South,Bengaluru,15-04-2024
1633,Customer_01633,Female,27,West,Bengaluru,13-01-2024
1634,Customer_01634,Male,34,West,Indore,25-05-2024
1635,Customer_01635,Male,35,Central,Indore,22-04-2025
1636,Customer_01636,Female,51,South,Lucknow,22-09-2025
1637,Customer_01637,Other,39,South,Kolkata,15-12-2025
1638,Customer_01638,Male,25,North,Indore,14-10-2025
1639,Customer_01639,Female,24,Central,Jaipur,24-04-2024
1640,Customer_01640,Male,41,Central,Lucknow,23-05-2025
1641,Customer_01641,Male,32,East,Mumbai,31-05-2024
1642,Customer_01642,Female,48,West,Kochi,26-02-2024
1643,Customer_01643,Female,39,East,Ahmedabad,16-01-2025
1644,Customer_01644,Female,24,East,Pune,05-06-2024
1645,Customer_01645,Female,22,North,Pune,12-05-2024
1646,Customer_01646,Male,37,West,Mumbai,11-06-2024
1647,Customer_01647,Female,31,North,Kochi,01-10-2024
1648,Customer_01648,Male,45,West,Jaipur,25-11-2025
1649,Customer_01649,Male,37,West,Jaipur,17-03-2024
1650,Customer_01650,Male,37,West,Delhi,13-02-2024
1651,Customer_01651,Male,22,North,Kochi,18-12-2025
1652,Customer_01652,Female,29,South,Indore,03-07-2025
1653,Customer_01653,Female,34,South,Pune,13-11-2024
1654,Customer_01654,Female,18,South,Chennai,17-06-2025
1655,Customer_01655,Male,40,North,Delhi,07-08-2025
1656,Customer_01656,Female,43,Central,Bengaluru,02-06-2024
1657,Customer_01657,Female,29,East,Delhi,24-08-2024
1658,Customer_01658,Other,47,South,Kolkata,31-05-2025
1659,Customer_01659,Male,46,South,Mumbai,08-08-2024
1660,Customer_01660,Male,39,South,Mumbai,05-11-2024
1661,Customer_01661,Female,33,East,Lucknow,20-08-2025
1662,Customer_01662,Female,44,East,Mumbai,25-06-2024
1663,Customer_01663,Male,19,Central,Jaipur,07-08-2024
1664,Customer_01664,Male,35,East,Hyderabad,07-02-2024
1665,Customer_01665,Female,26,Central,Chennai,15-10-2025
1666,Customer_01666,Female,27,Central,Jaipur,06-03-2025
1667,Customer_01667,Female,38,North,Kolkata,21-07-2024
1668,Customer_01668,Male,26,Central,Indore,23-03-2025
1669,Customer_01669,Male,19,North,Indore,09-05-2025
1670,Customer_01670,Male,56,West,Hyderabad,14-11-2025
1671,Customer_01671,Female,28,South,Delhi,04-05-2024
1672,Customer_01672,Male,26,Central,Pune,05-03-2024
1673,Customer_01673,Male,46,Central,Chennai,31-08-2024
1674,Customer_01674,Male,28,West,Bengaluru,10-06-2025
1675,Customer_01675,Male,21,West,Hyderabad,13-08-2024
1676,Customer_01676,Male,25,South,Lucknow,09-04-2025
1677,Customer_01677,Male,30,North,Delhi,04-10-2025
1678,Customer_01678,Female,23,South,Indore,07-12-2025
1679,Customer_01679,Male,26,North,Kochi,19-10-2024
1680,Customer_01680,Male,30,West,Chennai,21-12-2025
1681,Customer_01681,Male,44,South,Delhi,15-01-2025
1682,Customer_01682,Female,55,Central,Mumbai,16-09-2025
1683,Customer_01683,Male,45,West,Kochi,14-06-2024
1684,Customer_01684,Male,32,West,Ahmedabad,03-12-2025
1685,Customer_01685,Male,20,North,Indore,05-08-2024
1686,Customer_01686,Female,41,Central,Pune,01-10-2024
1687,Customer_01687,Female,24,Central,Lucknow,21-02-2024
1688,Customer_01688,Male,30,East,Indore,08-01-2025
1689,Customer_01689,Male,50,East,Mumbai,31-10-2025
1690,Customer_01690,Male,51,West,Pune,28-12-2024
1691,Customer_01691,Female,36,North,Kochi,20-07-2025
1692,Customer_01692,Female,46,East,Ahmedabad,14-01-2024
1693,Customer_01693,Male,46,South,Kolkata,05-12-2024
1694,Customer_01694,Female,41,North,Hyderabad,24-08-2025
1695,Customer_01695,Male,31,South,Pune,22-06-2025
1696,Customer_01696,Female,28,North,Hyderabad,29-03-2024
1697,Customer_01697,Female,34,North,Delhi,10-02-2024
1698,Customer_01698,Female,21,North,Kochi,30-10-2024
1699,Customer_01699,Male,29,Central,Mumbai,24-09-2024
1700,Customer_01700,Female,40,East,Kolkata,17-05-2024
1701,Customer_01701,Male,28,Central,Bengaluru,06-01-2024
1702,Customer_01702,Male,49,South,Indore,29-08-2024
1703,Customer_01703,Male,36,South,Delhi,10-06-2024
1704,Customer_01704,Male,42,East,Chennai,22-11-2025
1705,Customer_01705,Male,32,South,Bengaluru,01-06-2025
1706,Customer_01706,Female,40,North,Jaipur,04-02-2025
1707,Customer_01707,Female,23,West,Bengaluru,04-06-2024
1708,Customer_01708,Male,38,South,Pune,25-03-2024
1709,Customer_01709,Male,39,East,Indore,12-12-2025
1710,Customer_01710,Male,47,West,Ahmedabad,10-01-2024
1711,Customer_01711,Male,18,North,Indore,17-05-2024
1712,Customer_01712,Male,27,North,Kolkata,13-12-2025
1713,Customer_01713,Male,18,West,Pune,04-06-2024
1714,Customer_01714,Female,26,East,Ahmedabad,11-02-2025
1715,Customer_01715,Female,33,North,Chennai,12-08-2024
1716,Customer_01716,Female,40,Central,Kochi,02-08-2025
1717,Customer_01717,Female,56,North,Jaipur,02-07-2024
1718,Customer_01718,Male,48,West,Bengaluru,13-07-2024
1719,Customer_01719,Male,29,Central,Pune,07-07-2025
1720,Customer_01720,Male,41,South,Indore,30-01-2025
1721,Customer_01721,Female,46,North,Kochi,24-10-2025
1722,Customer_01722,Male,33,North,Indore,18-08-2025
1723,Customer_01723,Male,33,South,Indore,13-05-2024
1724,Customer_01724,Female,32,North,Lucknow,04-11-2024
1725,Customer_01725,Male,39,West,Kolkata,25-06-2025
1726,Customer_01726,Female,38,North,Jaipur,09-01-2024
1727,Customer_01727,Female,35,East,Chennai,18-06-2024
1728,Customer_01728,Male,51,Central,Pune,16-10-2024
1729,Customer_01729,Female,44,West,Jaipur,16-06-2024
1730,Customer_01730,Female,18,East,Kochi,09-12-2024
1731,Customer_01731,Female,18,South,Pune,11-05-2025
1732,Customer_01732,Male,38,East,Lucknow,24-05-2024
1733,Customer_01733,Female,33,East,Indore,16-02-2025
1734,Customer_01734,Male,18,South,Hyderabad,10-08-2025
1735,Customer_01735,Female,18,North,Delhi,19-11-2025
1736,Customer_01736,Male,32,Central,Delhi,01-04-2025
1737,Customer_01737,Male,37,South,Mumbai,01-12-2025
1738,Customer_01738,Male,37,North,Ahmedabad,28-10-2024
1739,Customer_01739,Male,28,South,Pune,15-02-2024
1740,Customer_01740,Male,28,South,Kolkata,17-01-2024
1741,Customer_01741,Male,29,West,Jaipur,31-07-2025
1742,Customer_01742,Male,39,West,Ahmedabad,25-12-2024
1743,Customer_01743,Male,19,West,Mumbai,17-09-2024
1744,Customer_01744,Male,34,North,Delhi,02-05-2024
1745,Customer_01745,Male,44,South,Hyderabad,18-08-2024
1746,Customer_01746,Female,30,East,Delhi,28-09-2025
1747,Customer_01747,Female,36,North,Indore,21-04-2024
1748,Customer_01748,Male,38,South,Jaipur,15-08-2025
1749,Customer_01749,Female,27,West,Chennai,02-09-2024
1750,Customer_01750,Female,33,North,Mumbai,25-01-2025
1751,Customer_01751,Male,21,East,Bengaluru,26-01-2025
1752,Customer_01752,Male,39,South,Pune,23-11-2024
1753,Customer_01753,Male,36,North,Delhi,02-08-2024
1754,Customer_01754,Female,46,South,Pune,01-01-2025
1755,Customer_01755,Male,43,Central,Mumbai,22-03-2024
1756,Customer_01756,Female,46,West,Mumbai,16-03-2024
1757,Customer_01757,Male,46,Central,Hyderabad,10-06-2025
1758,Customer_01758,Female,27,East,Jaipur,17-05-2025
1759,Customer_01759,Male,39,North,Kolkata,23-04-2025
1760,Customer_01760,Male,41,East,Jaipur,06-01-2025
1761,Customer_01761,Male,28,East,Lucknow,21-09-2024
1762,Customer_01762,Female,46,West,Hyderabad,20-09-2024
1763,Customer_01763,Male,33,North,Ahmedabad,19-04-2024
1764,Customer_01764,Male,40,East,Bengaluru,02-11-2024
1765,Customer_01765,Female,45,North,Mumbai,18-07-2024
1766,Customer_01766,Female,38,South,Hyderabad,13-08-2024
1767,Customer_01767,Male,52,West,Kolkata,03-07-2024
1768,Customer_01768,Male,58,East,Indore,31-01-2024
1769,Customer_01769,Male,34,South,Lucknow,05-09-2025
1770,Customer_01770,Male,44,South,Chennai,08-04-2024
1771,Customer_01771,Female,58,East,Lucknow,04-12-2024
1772,Customer_01772,Male,28,West,Mumbai,22-09-2024
1773,Customer_01773,Female,18,Central,Delhi,13-10-2025
1774,Customer_01774,Male,44,Central,Indore,15-12-2024
1775,Customer_01775,Male,30,West,Indore,28-12-2025
1776,Customer_01776,Female,22,South,Kochi,27-06-2025
1777,Customer_01777,Female,27,West,Pune,01-04-2025
1778,Customer_01778,Male,18,South,Pune,28-03-2024
1779,Customer_01779,Female,51,South,Bengaluru,03-03-2024
1780,Customer_01780,Female,49,West,Kolkata,21-01-2025
1781,Customer_01781,Male,32,North,Indore,03-04-2025
1782,Customer_01782,Male,33,Central,Bengaluru,08-08-2025
1783,Customer_01783,Male,36,East,Jaipur,27-09-2025
1784,Customer_01784,Female,51,West,Bengaluru,25-09-2024
1785,Customer_01785,Male,23,West,Chennai,24-09-2025
1786,Customer_01786,Female,32,Central,Ahmedabad,11-12-2024
1787,Customer_01787,Female,46,West,Ahmedabad,24-12-2025
1788,Customer_01788,Female,31,East,Lucknow,21-10-2025
1789,Customer_01789,Female,26,North,Delhi,18-03-2024
1790,Customer_01790,Male,36,East,Kolkata,30-12-2024
1791,Customer_01791,Female,18,North,Ahmedabad,14-01-2024
1792,Customer_01792,Female,38,West,Ahmedabad,15-05-2024
1793,Customer_01793,Male,31,East,Chennai,30-10-2024
1794,Customer_01794,Female,40,West,Kochi,31-01-2025
1795,Customer_01795,Female,27,North,Bengaluru,19-03-2024
1796,Customer_01796,Male,39,North,Bengaluru,05-12-2025
1797,Customer_01797,Male,36,West,Chennai,21-02-2025
1798,Customer_01798,Male,22,North,Delhi,29-08-2024
1799,Customer_01799,Other,25,North,Delhi,20-02-2024
1800,Customer_01800,Female,46,North,Mumbai,18-01-2025
1801,Customer_01801,Male,44,Central,Jaipur,09-01-2025
1802,Customer_01802,Female,18,West,Ahmedabad,30-12-2025
1803,Customer_01803,Male,30,South,Delhi,24-07-2024
1804,Customer_01804,Male,37,South,Kolkata,03-05-2025
1805,Customer_01805,Male,39,South,Ahmedabad,15-01-2025
1806,Customer_01806,Female,37,West,Pune,06-11-2024
1807,Customer_01807,Other,38,West,Bengaluru,09-01-2025
1808,Customer_01808,Other,30,North,Ahmedabad,23-09-2025
1809,Customer_01809,Male,36,North,Mumbai,14-08-2025
1810,Customer_01810,Female,24,North,Delhi,11-02-2024
1811,Customer_01811,Female,30,West,Delhi,16-06-2025
1812,Customer_01812,Male,18,West,Kolkata,05-06-2025
1813,Customer_01813,Female,23,South,Ahmedabad,01-06-2024
1814,Customer_01814,Female,25,North,Jaipur,07-11-2024
1815,Customer_01815,Female,26,North,Hyderabad,20-10-2024
1816,Customer_01816,Male,41,Central,Hyderabad,20-08-2025
1817,Customer_01817,Female,18,South,Indore,22-04-2024
1818,Customer_01818,Female,28,West,Kolkata,01-12-2025
1819,Customer_01819,Female,40,East,Delhi,21-04-2024
1820,Customer_01820,Male,21,South,Kochi,23-06-2024
1821,Customer_01821,Female,47,North,Ahmedabad,28-10-2024
1822,Customer_01822,Male,36,North,Chennai,30-05-2025
1823,Customer_01823,Male,41,East,Hyderabad,08-08-2024
1824,Customer_01824,Female,25,West,Bengaluru,19-06-2024
1825,Customer_01825,Other,26,West,Kochi,13-11-2024
1826,Customer_01826,Female,33,East,Mumbai,31-07-2024
1827,Customer_01827,Female,42,North,Bengaluru,09-09-2024
1828,Customer_01828,Male,42,Central,Jaipur,03-05-2024
1829,Customer_01829,Male,38,West,Kolkata,01-10-2025
1830,Customer_01830,Female,32,South,Bengaluru,31-07-2024
1831,Customer_01831,Female,26,Central,Kolkata,15-09-2025
1832,Customer_01832,Female,45,East,Indore,25-03-2024
1833,Customer_01833,Male,30,East,Indore,30-05-2025
1834,Customer_01834,Female,19,West,Kochi,05-03-2024
1835,Customer_01835,Female,24,West,Hyderabad,13-11-2024
1836,Customer_01836,Male,27,West,Chennai,11-12-2024
1837,Customer_01837,Male,31,North,Chennai,23-09-2025
1838,Customer_01838,Male,33,South,Jaipur,30-08-2024
1839,Customer_01839,Female,20,Central,Delhi,16-05-2024
1840,Customer_01840,Female,29,South,Delhi,03-09-2024
1841,Customer_01841,Female,30,South,Pune,16-03-2025
1842,Customer_01842,Male,32,South,Lucknow,14-02-2024
1843,Customer_01843,Female,26,South,Bengaluru,19-10-2025
1844,Customer_01844,Female,59,East,Kochi,18-11-2025
1845,Customer_01845,Male,30,Central,Pune,07-07-2025
1846,Customer_01846,Female,28,South,Kolkata,29-03-2024
1847,Customer_01847,Male,23,North,Delhi,30-12-2025
1848,Customer_01848,Male,42,North,Kochi,15-08-2024
1849,Customer_01849,Male,18,Central,Jaipur,17-10-2024
1850,Customer_01850,Male,18,West,Chennai,25-02-2025
1851,Customer_01851,Female,34,South,Mumbai,07-03-2024
1852,Customer_01852,Male,39,West,Jaipur,07-09-2024
1853,Customer_01853,Female,33,Central,Hyderabad,10-02-2024
1854,Customer_01854,Male,54,West,Ahmedabad,08-04-2024
1855,Customer_01855,Male,29,Central,Hyderabad,01-11-2024
1856,Customer_01856,Female,31,South,Kochi,31-03-2025
1857,Customer_01857,Female,34,West,Ahmedabad,13-08-2025
1858,Customer_01858,Male,34,East,Chennai,27-10-2024
1859,Customer_01859,Female,33,West,Kolkata,17-07-2024
1860,Customer_01860,Female,32,West,Ahmedabad,20-10-2025
1861,Customer_01861,Male,21,West,Lucknow,02-05-2025
1862,Customer_01862,Male,41,West,Indore,15-04-2024
1863,Customer_01863,Male,44,North,Hyderabad,04-02-2025
1864,Customer_01864,Female,29,East,Hyderabad,05-12-2025
1865,Customer_01865,Male,34,Central,Kolkata,21-04-2025
1866,Customer_01866,Male,50,Central,Hyderabad,01-05-2024
1867,Customer_01867,Male,26,North,Delhi,17-03-2024
1868,Customer_01868,Male,36,North,Pune,07-11-2024
1869,Customer_01869,Female,35,North,Bengaluru,21-04-2024
1870,Customer_01870,Female,50,West,Kochi,12-11-2025
1871,Customer_01871,Male,53,West,Chennai,01-06-2025
1872,Customer_01872,Male,42,South,Kochi,15-07-2024
1873,Customer_01873,Male,69,East,Kochi,07-04-2024
1874,Customer_01874,Female,34,West,Lucknow,03-04-2025
1875,Customer_01875,Female,18,West,Lucknow,17-08-2024
1876,Customer_01876,Male,29,East,Kochi,16-06-2024
1877,Customer_01877,Male,29,East,Lucknow,08-01-2024
1878,Customer_01878,Male,50,East,Pune,20-06-2024
1879,Customer_01879,Female,32,South,Chennai,25-12-2024
1880,Customer_01880,Female,47,East,Kochi,13-07-2024
1881,Customer_01881,Male,42,West,Ahmedabad,25-09-2024
1882,Customer_01882,Male,37,Central,Lucknow,19-01-2024
1883,Customer_01883,Male,38,West,Delhi,19-12-2024
1884,Customer_01884,Female,37,West,Ahmedabad,18-02-2024
1885,Customer_01885,Male,45,North,Lucknow,08-04-2025
1886,Customer_01886,Male,31,East,Mumbai,21-12-2024
1887,Customer_01887,Female,30,North,Kolkata,06-06-2024
1888,Customer_01888,Male,38,South,Indore,06-03-2024
1889,Customer_01889,Female,36,West,Chennai,24-07-2025
1890,Customer_01890,Male,32,Central,Indore,03-11-2024
1891,Customer_01891,Female,56,North,Chennai,02-12-2024
1892,Customer_01892,Male,41,South,Pune,01-11-2025
1893,Customer_01893,Female,28,West,Indore,30-04-2024
1894,Customer_01894,Male,40,North,Chennai,07-02-2025
1895,Customer_01895,Male,25,East,Hyderabad,08-10-2025
1896,Customer_01896,Female,23,West,Jaipur,21-07-2025
1897,Customer_01897,Female,42,East,Lucknow,05-04-2024
1898,Customer_01898,Male,25,North,Delhi,23-04-2024
1899,Customer_01899,Female,34,South,Chennai,04-03-2025
1900,Customer_01900,Male,24,West,Hyderabad,23-06-2025
1901,Customer_01901,Female,31,East,Mumbai,02-01-2024
1902,Customer_01902,Male,30,North,Mumbai,30-07-2024
1903,Customer_01903,Male,33,West,Ahmedabad,02-08-2025
1904,Customer_01904,Male,57,North,Lucknow,01-10-2025
1905,Customer_01905,Female,47,West,Ahmedabad,28-11-2024
1906,Customer_01906,Female,33,North,Jaipur,24-01-2024
1907,Customer_01907,Male,32,Central,Kochi,02-01-2025
1908,Customer_01908,Female,27,South,Kolkata,20-05-2025
1909,Customer_01909,Male,24,South,Pune,24-06-2024
1910,Customer_01910,Male,33,North,Ahmedabad,04-03-2025
1911,Customer_01911,Female,47,South,Mumbai,17-03-2025
1912,Customer_01912,Male,18,Central,Kochi,01-07-2025
1913,Customer_01913,Male,44,Central,Kochi,28-05-2025
1914,Customer_01914,Male,45,South,Kochi,26-12-2024
1915,Customer_01915,Male,18,South,Ahmedabad,30-09-2024
1916,Customer_01916,Female,34,West,Mumbai,25-06-2024
1917,Customer_01917,Male,30,Central,Bengaluru,20-09-2024
1918,Customer_01918,Male,32,East,Jaipur,04-07-2024
1919,Customer_01919,Male,36,South,Hyderabad,10-06-2025
1920,Customer_01920,Male,37,South,Kochi,05-10-2024
1921,Customer_01921,Male,20,West,Kochi,06-12-2025
1922,Customer_01922,Female,50,North,Bengaluru,16-07-2024
1923,Customer_01923,Female,29,East,Kolkata,14-12-2024
1924,Customer_01924,Female,60,South,Hyderabad,24-02-2025
1925,Customer_01925,Male,25,West,Indore,31-10-2024
1926,Customer_01926,Male,23,North,Chennai,04-03-2024
1927,Customer_01927,Other,37,East,Indore,16-10-2024
1928,Customer_01928,Male,43,East,Jaipur,18-01-2024
1929,Customer_01929,Female,47,West,Jaipur,04-03-2024
1930,Customer_01930,Female,24,North,Lucknow,25-11-2024
1931,Customer_01931,Female,31,East,Delhi,17-01-2024
1932,Customer_01932,Male,53,East,Kochi,18-03-2025
1933,Customer_01933,Male,30,East,Bengaluru,20-05-2024
1934,Customer_01934,Female,43,East,Jaipur,03-11-2024
1935,Customer_01935,Female,18,West,Lucknow,19-03-2025
1936,Customer_01936,Male,18,West,Delhi,10-05-2025
1937,Customer_01937,Female,44,South,Mumbai,01-03-2025
1938,Customer_01938,Male,33,West,Mumbai,19-04-2025
1939,Customer_01939,Male,42,East,Kolkata,01-09-2024
1940,Customer_01940,Female,28,North,Indore,25-03-2025
1941,Customer_01941,Male,18,North,Bengaluru,16-12-2024
1942,Customer_01942,Male,35,South,Chennai,21-08-2025
1943,Customer_01943,Male,20,West,Bengaluru,11-12-2025
1944,Customer_01944,Male,35,West,Kolkata,09-06-2024
1945,Customer_01945,Male,24,West,Kolkata,19-05-2024
1946,Customer_01946,Male,41,East,Mumbai,07-05-2025
1947,Customer_01947,Male,31,South,Mumbai,10-08-2025
1948,Customer_01948,Female,31,North,Ahmedabad,14-06-2025
1949,Customer_01949,Female,37,South,Kolkata,27-01-2025
1950,Customer_01950,Male,43,South,Delhi,04-02-2025
1951,Customer_01951,Male,36,North,Bengaluru,19-02-2024
1952,Customer_01952,Male,52,South,Indore,21-10-2024
1953,Customer_01953,Female,51,East,Mumbai,28-02-2025
1954,Customer_01954,Female,27,West,Lucknow,12-01-2024
1955,Customer_01955,Female,23,Central,Lucknow,30-11-2024
1956,Customer_01956,Male,22,Central,Lucknow,15-01-2024
1957,Customer_01957,Female,52,West,Mumbai,28-01-2024
1958,Customer_01958,Female,22,South,Chennai,22-01-2025
1959,Customer_01959,Female,30,West,Kolkata,18-10-2024
1960,Customer_01960,Female,34,West,Delhi,06-09-2024
1961,Customer_01961,Male,52,North,Hyderabad,19-05-2025
1962,Customer_01962,Female,21,South,Mumbai,07-04-2024
1963,Customer_01963,Female,45,West,Mumbai,02-12-2024
1964,Customer_01964,Male,34,South,Hyderabad,08-02-2024
1965,Customer_01965,Male,33,East,Ahmedabad,07-02-2024
1966,Customer_01966,Male,34,East,Delhi,26-10-2024
1967,Customer_01967,Male,27,North,Chennai,27-06-2024
1968,Customer_01968,Male,30,South,Mumbai,31-08-2025
1969,Customer_01969,Other,27,South,Delhi,13-04-2025
1970,Customer_01970,Female,21,North,Hyderabad,08-10-2024
1971,Customer_01971,Female,22,North,Delhi,12-06-2024
1972,Customer_01972,Female,46,West,Bengaluru,28-03-2025
1973,Customer_01973,Female,30,South,Kochi,06-04-2024
1974,Customer_01974,Female,41,East,Pune,04-11-2024
1975,Customer_01975,Female,32,South,Bengaluru,18-09-2024
1976,Customer_01976,Male,32,Central,Jaipur,19-10-2024
1977,Customer_01977,Male,33,South,Bengaluru,05-09-2024
1978,Customer_01978,Male,41,South,Delhi,01-09-2024
1979,Customer_01979,Male,27,Central,Delhi,07-09-2024
1980,Customer_01980,Male,32,West,Indore,02-05-2024
1981,Customer_01981,Female,43,North,Lucknow,20-11-2024
1982,Customer_01982,Female,45,West,Hyderabad,11-11-2025
1983,Customer_01983,Male,49,East,Lucknow,15-05-2025
1984,Customer_01984,Female,24,East,Kolkata,17-11-2025
1985,Customer_01985,Male,28,North,Hyderabad,16-12-2025
1986,Customer_01986,Female,32,North,Ahmedabad,06-03-2024
1987,Customer_01987,Female,21,West,Mumbai,28-02-2024
1988,Customer_01988,Female,43,East,Ahmedabad,12-05-2025
1989,Customer_01989,Male,37,South,Ahmedabad,07-01-2025
1990,Customer_01990,Female,32,West,Kochi,22-09-2024
1991,Customer_01991,Male,44,West,Indore,14-10-2025
1992,Customer_01992,Female,26,North,Kochi,23-08-2024
1993,Customer_01993,Male,45,East,Chennai,05-08-2024
1994,Customer_01994,Female,51,North,Mumbai,10-06-2025
1995,Customer_01995,Male,37,West,Lucknow,16-03-2025
1996,Customer_01996,Female,34,West,Lucknow,11-10-2025
1997,Customer_01997,Male,36,Central,Indore,09-02-2025
1998,Customer_01998,Female,20,North,Lucknow,23-08-2025
1999,Customer_01999,Female,32,North,Jaipur,11-08-2025
2000,Customer_02000,Male,55,South,Hyderabad,09-10-2025
2001,Customer_02001,Male,55,South,Hyderabad,13-04-2025
2002,Customer_02002,Female,35,South,Bengaluru,19-04-2024
2003,Customer_02003,Male,29,Central,Kochi,18-12-2024
2004,Customer_02004,Male,44,South,Pune,31-03-2024
2005,Customer_02005,Male,34,South,Bengaluru,17-02-2025
2006,Customer_02006,Female,43,West,Delhi,02-12-2025
2007,Customer_02007,Male,27,South,Pune,13-03-2024
2008,Customer_02008,Male,37,West,Bengaluru,15-11-2025
2009,Customer_02009,Female,30,North,Delhi,30-06-2025
2010,Customer_02010,Male,34,East,Kolkata,22-12-2025
2011,Customer_02011,Male,28,North,Hyderabad,24-10-2024
2012,Customer_02012,Female,33,North,Jaipur,06-10-2025
2013,Customer_02013,Female,37,Central,Kochi,09-10-2024
2014,Customer_02014,Male,41,North,Kochi,19-05-2025
2015,Customer_02015,Male,32,East,Kolkata,16-07-2024
2016,Customer_02016,Female,49,South,Jaipur,01-02-2024
2017,Customer_02017,Male,21,South,Kolkata,09-10-2025
2018,Customer_02018,Female,19,Central,Lucknow,06-12-2024
2019,Customer_02019,Female,28,North,Hyderabad,19-10-2025
2020,Customer_02020,Other,34,West,Kolkata,29-11-2024
2021,Customer_02021,Female,50,Central,Lucknow,22-05-2024
2022,Customer_02022,Male,32,East,Jaipur,13-02-2025
2023,Customer_02023,Female,25,Central,Ahmedabad,13-02-2024
2024,Customer_02024,Female,28,North,Indore,01-02-2024
2025,Customer_02025,Female,35,South,Delhi,28-01-2024
2026,Customer_02026,Male,23,South,Chennai,26-02-2025
2027,Customer_02027,Male,53,West,Mumbai,05-05-2025
2028,Customer_02028,Male,18,Central,Kochi,08-06-2024
2029,Customer_02029,Female,26,South,Kochi,25-07-2024
2030,Customer_02030,Female,28,West,Indore,18-01-2024
2031,Customer_02031,Other,24,North,Bengaluru,12-04-2024
2032,Customer_02032,Female,41,East,Mumbai,04-08-2025
2033,Customer_02033,Female,27,East,Kolkata,22-09-2025
2034,Customer_02034,Male,40,Central,Ahmedabad,12-10-2025
2035,Customer_02035,Male,50,East,Bengaluru,02-11-2025
2036,Customer_02036,Female,46,South,Jaipur,19-08-2024
2037,Customer_02037,Female,36,North,Delhi,21-10-2025
2038,Customer_02038,Female,34,North,Bengaluru,27-02-2025
2039,Customer_02039,Male,43,South,Kolkata,30-06-2025
2040,Customer_02040,Female,31,South,Lucknow,26-08-2024
2041,Customer_02041,Female,29,Central,Bengaluru,29-11-2024
2042,Customer_02042,Male,24,East,Kolkata,28-05-2024
2043,Customer_02043,Female,37,East,Ahmedabad,14-09-2025
2044,Customer_02044,Male,23,North,Jaipur,11-02-2025
2045,Customer_02045,Male,27,Central,Indore,17-01-2024
2046,Customer_02046,Female,55,West,Indore,13-08-2024
2047,Customer_02047,Male,41,North,Lucknow,13-10-2025
2048,Customer_02048,Male,38,West,Hyderabad,17-10-2025
2049,Customer_02049,Female,27,East,Bengaluru,16-09-2024
2050,Customer_02050,Female,42,North,Bengaluru,29-12-2025
2051,Customer_02051,Male,24,East,Kolkata,04-11-2025
2052,Customer_02052,Female,19,East,Pune,26-08-2025
2053,Customer_02053,Male,28,North,Lucknow,22-06-2024
2054,Customer_02054,Other,22,Central,Jaipur,23-07-2024
2055,Customer_02055,Female,39,West,Mumbai,18-02-2025
2056,Customer_02056,Male,38,West,Ahmedabad,22-05-2025
2057,Customer_02057,Male,36,East,Chennai,01-06-2024
2058,Customer_02058,Male,40,South,Chennai,12-04-2024
2059,Customer_02059,Male,39,West,Kochi,14-12-2025
2060,Customer_02060,Female,27,East,Lucknow,05-03-2024
2061,Customer_02061,Male,39,North,Indore,26-04-2024
2062,Customer_02062,Male,37,East,Chennai,26-10-2025
2063,Customer_02063,Female,28,West,Ahmedabad,04-06-2024
2064,Customer_02064,Male,30,East,Kolkata,06-11-2025
2065,Customer_02065,Female,43,North,Lucknow,22-03-2024
2066,Customer_02066,Male,21,West,Indore,01-06-2025
2067,Customer_02067,Female,37,North,Kolkata,07-03-2024
2068,Customer_02068,Female,33,South,Delhi,25-08-2024
2069,Customer_02069,Female,34,North,Pune,06-08-2025
2070,Customer_02070,Male,31,South,Hyderabad,29-08-2025
2071,Customer_02071,Male,38,West,Pune,21-11-2024
2072,Customer_02072,Male,18,East,Chennai,12-08-2025
2073,Customer_02073,Male,37,North,Hyderabad,07-03-2024
2074,Customer_02074,Male,24,Central,Lucknow,24-06-2024
2075,Customer_02075,Female,44,Central,Hyderabad,14-11-2025
2076,Customer_02076,Female,21,Central,Mumbai,22-04-2025
2077,Customer_02077,Female,18,South,Delhi,11-09-2024
2078,Customer_02078,Male,18,East,Hyderabad,03-03-2024
2079,Customer_02079,Female,33,Central,Indore,06-02-2025
2080,Customer_02080,Other,18,West,Kochi,10-07-2024
2081,Customer_02081,Female,21,North,Kolkata,24-11-2024
2082,Customer_02082,Female,27,North,Bengaluru,11-03-2024
2083,Customer_02083,Other,39,East,Lucknow,03-03-2024
2084,Customer_02084,Other,26,Central,Delhi,23-10-2024
2085,Customer_02085,Male,32,East,Indore,01-09-2024
2086,Customer_02086,Female,32,East,Jaipur,02-06-2025
2087,Customer_02087,Male,20,North,Ahmedabad,27-01-2025
2088,Customer_02088,Female,38,West,Bengaluru,23-08-2025
2089,Customer_02089,Female,57,West,Lucknow,25-06-2024
2090,Customer_02090,Male,18,South,Lucknow,22-07-2024
2091,Customer_02091,Female,25,West,Jaipur,07-10-2025
2092,Customer_02092,Female,21,Central,Hyderabad,16-08-2025
2093,Customer_02093,Male,32,North,Pune,16-06-2025
2094,Customer_02094,Female,19,East,Mumbai,07-05-2024
2095,Customer_02095,Male,47,South,Hyderabad,13-07-2024
2096,Customer_02096,Male,48,West,Ahmedabad,12-07-2024
2097,Customer_02097,Other,41,East,Pune,02-07-2024
2098,Customer_02098,Male,43,West,Delhi,03-09-2024
2099,Customer_02099,Female,35,West,Mumbai,19-11-2024
2100,Customer_02100,Female,45,South,Kochi,08-06-2024
2101,Customer_02101,Female,31,Central,Bengaluru,06-12-2025
2102,Customer_02102,Female,29,East,Chennai,13-09-2025
2103,Customer_02103,Female,41,North,Ahmedabad,06-03-2024
2104,Customer_02104,Female,30,West,Indore,10-09-2024
2105,Customer_02105,Male,55,West,Ahmedabad,09-10-2024
2106,Customer_02106,Male,45,South,Mumbai,29-02-2024
2107,Customer_02107,Female,28,Central,Jaipur,27-04-2024
2108,Customer_02108,Female,32,Central,Kochi,26-02-2025
2109,Customer_02109,Male,33,South,Chennai,09-07-2025
2110,Customer_02110,Male,26,Central,Kolkata,22-12-2025
2111,Customer_02111,Female,43,North,Lucknow,05-02-2024
2112,Customer_02112,Female,25,North,Jaipur,14-06-2025
2113,Customer_02113,Male,33,North,Kolkata,31-03-2024
2114,Customer_02114,Female,26,Central,Kochi,27-10-2024
2115,Customer_02115,Male,29,West,Mumbai,24-12-2025
2116,Customer_02116,Female,42,North,Bengaluru,04-08-2024
2117,Customer_02117,Female,41,South,Indore,07-04-2024
2118,Customer_02118,Female,31,East,Kolkata,31-03-2025
2119,Customer_02119,Male,45,North,Kochi,14-06-2025
2120,Customer_02120,Male,40,Central,Ahmedabad,21-06-2025
2121,Customer_02121,Male,35,West,Indore,28-01-2024
2122,Customer_02122,Female,43,East,Indore,29-07-2025
2123,Customer_02123,Female,48,Central,Delhi,19-11-2024
2124,Customer_02124,Female,38,South,Hyderabad,10-08-2024
2125,Customer_02125,Female,37,Central,Pune,20-03-2024
2126,Customer_02126,Female,18,West,Jaipur,16-07-2025
2127,Customer_02127,Male,37,West,Delhi,02-04-2025
2128,Customer_02128,Female,39,North,Mumbai,05-09-2025
2129,Customer_02129,Male,37,Central,Pune,24-06-2024
2130,Customer_02130,Male,25,South,Pune,05-06-2025
2131,Customer_02131,Male,27,North,Delhi,01-04-2025
2132,Customer_02132,Male,41,North,Kolkata,26-02-2025
2133,Customer_02133,Female,30,East,Lucknow,09-04-2024
2134,Customer_02134,Male,36,East,Bengaluru,06-02-2025
2135,Customer_02135,Male,18,West,Hyderabad,29-07-2025
2136,Customer_02136,Female,34,Central,Lucknow,14-01-2025
2137,Customer_02137,Female,42,North,Pune,14-06-2025
2138,Customer_02138,Female,37,West,Mumbai,27-11-2024
2139,Customer_02139,Male,33,North,Mumbai,13-11-2024
2140,Customer_02140,Male,24,Central,Hyderabad,14-10-2025
2141,Customer_02141,Female,18,West,Bengaluru,20-06-2025
2142,Customer_02142,Female,26,East,Mumbai,29-03-2024
2143,Customer_02143,Male,44,West,Hyderabad,26-08-2025
2144,Customer_02144,Female,33,South,Ahmedabad,25-05-2025
2145,Customer_02145,Male,41,East,Pune,11-02-2024
2146,Customer_02146,Male,48,West,Jaipur,23-01-2025
2147,Customer_02147,Male,35,East,Hyderabad,21-03-2024
2148,Customer_02148,Male,42,South,Lucknow,05-02-2025
2149,Customer_02149,Other,45,East,Indore,16-04-2024
2150,Customer_02150,Male,20,West,Delhi,20-04-2024
2151,Customer_02151,Male,26,South,Delhi,03-10-2024
2152,Customer_02152,Male,18,North,Chennai,01-08-2024
2153,Customer_02153,Male,18,West,Lucknow,20-05-2025
2154,Customer_02154,Male,29,West,Bengaluru,30-04-2024
2155,Customer_02155,Male,31,North,Hyderabad,13-05-2024
2156,Customer_02156,Male,18,South,Indore,20-12-2025
2157,Customer_02157,Female,39,North,Jaipur,05-01-2025
2158,Customer_02158,Female,29,South,Chennai,13-09-2024
2159,Customer_02159,Female,48,East,Ahmedabad,27-11-2025
2160,Customer_02160,Female,36,West,Indore,28-06-2024
2161,Customer_02161,Male,36,West,Mumbai,17-02-2024
2162,Customer_02162,Female,32,East,Delhi,21-08-2025
2163,Customer_02163,Male,33,South,Delhi,19-01-2024
2164,Customer_02164,Male,38,West,Pune,15-02-2024
2165,Customer_02165,Female,43,East,Delhi,26-03-2025
2166,Customer_02166,Female,21,Central,Chennai,25-02-2024
2167,Customer_02167,Male,26,West,Indore,18-10-2025
2168,Customer_02168,Male,37,North,Chennai,01-04-2024
2169,Customer_02169,Male,34,West,Ahmedabad,22-03-2024
2170,Customer_02170,Female,42,South,Jaipur,19-03-2024
2171,Customer_02171,Male,27,West,Lucknow,23-10-2025
2172,Customer_02172,Female,47,North,Ahmedabad,09-10-2024
2173,Customer_02173,Male,29,North,Indore,06-11-2024
2174,Customer_02174,Male,31,Central,Chennai,08-06-2024
2175,Customer_02175,Male,45,South,Indore,11-11-2024
2176,Customer_02176,Male,40,West,Indore,29-10-2025
2177,Customer_02177,Male,54,South,Pune,04-06-2024
2178,Customer_02178,Female,43,West,Delhi,14-12-2025
2179,Customer_02179,Male,47,West,Bengaluru,12-04-2025
2180,Customer_02180,Female,31,East,Lucknow,06-04-2025
2181,Customer_02181,Male,47,South,Lucknow,26-04-2024
2182,Customer_02182,Female,35,South,Chennai,27-10-2025
2183,Customer_02183,Other,18,North,Hyderabad,29-12-2024
2184,Customer_02184,Male,39,South,Hyderabad,22-09-2025
2185,Customer_02185,Female,40,West,Hyderabad,11-12-2025
2186,Customer_02186,Male,23,Central,Delhi,10-04-2025
2187,Customer_02187,Female,38,Central,Chennai,02-07-2024
2188,Customer_02188,Male,35,West,Delhi,21-10-2025
2189,Customer_02189,Female,46,West,Pune,14-06-2024
2190,Customer_02190,Female,38,West,Bengaluru,15-03-2024
2191,Customer_02191,Male,34,South,Chennai,28-09-2024
2192,Customer_02192,Female,21,Central,Pune,21-11-2025
2193,Customer_02193,Female,18,West,Chennai,17-05-2025
2194,Customer_02194,Female,47,East,Pune,16-07-2025
2195,Customer_02195,Other,38,North,Ahmedabad,09-08-2025
2196,Customer_02196,Female,32,South,Bengaluru,17-10-2025
2197,Customer_02197,Female,40,East,Kolkata,08-12-2024
2198,Customer_02198,Female,32,Central,Pune,30-11-2025
2199,Customer_02199,Male,18,East,Kochi,26-09-2025
2200,Customer_02200,Male,44,South,Ahmedabad,07-09-2024
2201,Customer_02201,Male,45,Central,Jaipur,09-05-2024
2202,Customer_02202,Other,31,North,Ahmedabad,23-12-2024
2203,Customer_02203,Male,34,South,Chennai,22-11-2025
2204,Customer_02204,Male,28,North,Delhi,11-02-2025
2205,Customer_02205,Male,52,West,Mumbai,09-05-2025
2206,Customer_02206,Male,46,Central,Kochi,13-09-2025
2207,Customer_02207,Male,26,South,Jaipur,26-04-2025
2208,Customer_02208,Female,40,Central,Kolkata,18-03-2024
2209,Customer_02209,Male,25,South,Hyderabad,28-05-2025
2210,Customer_02210,Female,26,Central,Mumbai,16-11-2024
2211,Customer_02211,Female,30,West,Indore,16-10-2024
2212,Customer_02212,Female,28,West,Mumbai,23-10-2024
2213,Customer_02213,Male,18,North,Pune,11-11-2025
2214,Customer_02214,Female,47,Central,Bengaluru,19-04-2025
2215,Customer_02215,Female,36,West,Delhi,23-01-2024
2216,Customer_02216,Male,50,South,Indore,20-06-2024
2217,Customer_02217,Female,32,West,Bengaluru,13-11-2024
2218,Customer_02218,Female,19,South,Chennai,11-07-2024
2219,Customer_02219,Male,44,Central,Delhi,11-11-2025
2220,Customer_02220,Male,37,North,Delhi,27-04-2024
2221,Customer_02221,Female,31,West,Indore,06-01-2024
2222,Customer_02222,Female,46,East,Delhi,27-04-2025
2223,Customer_02223,Male,21,North,Delhi,11-05-2024
2224,Customer_02224,Female,44,South,Chennai,02-04-2024
2225,Customer_02225,Male,41,North,Bengaluru,05-06-2025
2226,Customer_02226,Female,36,East,Pune,16-07-2025
2227,Customer_02227,Male,19,South,Hyderabad,20-10-2024
2228,Customer_02228,Male,43,East,Kochi,02-10-2025
2229,Customer_02229,Female,41,South,Bengaluru,26-01-2025
2230,Customer_02230,Female,37,South,Mumbai,05-09-2024
2231,Customer_02231,Male,33,West,Bengaluru,05-09-2025
2232,Customer_02232,Male,23,North,Mumbai,17-08-2025
2233,Customer_02233,Female,23,Central,Ahmedabad,03-12-2025
2234,Customer_02234,Female,26,Central,Mumbai,20-02-2025
2235,Customer_02235,Female,18,West,Lucknow,22-05-2024
2236,Customer_02236,Female,19,East,Kochi,24-08-2024
2237,Customer_02237,Female,30,Central,Hyderabad,13-10-2024
2238,Customer_02238,Female,21,North,Lucknow,03-10-2024
2239,Customer_02239,Male,32,North,Ahmedabad,21-01-2025
2240,Customer_02240,Female,35,South,Ahmedabad,16-01-2025
2241,Customer_02241,Male,20,West,Kolkata,25-03-2025
2242,Customer_02242,Female,42,North,Delhi,17-10-2024
2243,Customer_02243,Male,44,East,Indore,17-06-2024
2244,Customer_02244,Male,18,Central,Chennai,18-03-2025
2245,Customer_02245,Male,48,Central,Indore,17-10-2025
2246,Customer_02246,Male,40,East,Indore,02-07-2024
2247,Customer_02247,Male,35,North,Lucknow,14-02-2024
2248,Customer_02248,Female,49,West,Kochi,24-09-2024
2249,Customer_02249,Male,35,East,Pune,20-04-2025
2250,Customer_02250,Female,26,North,Pune,09-09-2024
2251,Customer_02251,Female,19,North,Kolkata,30-01-2025
2252,Customer_02252,Female,33,Central,Delhi,15-10-2024
2253,Customer_02253,Female,33,West,Ahmedabad,30-07-2024
2254,Customer_02254,Male,18,West,Bengaluru,19-11-2025
2255,Customer_02255,Male,30,Central,Jaipur,21-01-2024
2256,Customer_02256,Female,49,East,Pune,11-11-2024
2257,Customer_02257,Female,39,East,Indore,17-07-2025
2258,Customer_02258,Female,21,South,Hyderabad,13-03-2025
2259,Customer_02259,Female,37,South,Hyderabad,26-02-2025
2260,Customer_02260,Male,41,South,Ahmedabad,20-08-2024
2261,Customer_02261,Female,44,West,Kochi,02-05-2024
2262,Customer_02262,Male,40,East,Kochi,03-09-2025
2263,Customer_02263,Female,46,Central,Kolkata,01-08-2024
2264,Customer_02264,Male,42,South,Mumbai,08-10-2025
2265,Customer_02265,Female,32,East,Ahmedabad,30-12-2025
2266,Customer_02266,Male,37,West,Ahmedabad,22-08-2025
2267,Customer_02267,Female,32,East,Kolkata,09-02-2024
2268,Customer_02268,Other,38,West,Chennai,27-11-2024
2269,Customer_02269,Male,41,South,Ahmedabad,09-10-2025
2270,Customer_02270,Male,33,East,Chennai,30-06-2024
2271,Customer_02271,Male,37,North,Hyderabad,21-09-2024
2272,Customer_02272,Female,29,South,Ahmedabad,24-11-2025
2273,Customer_02273,Male,31,East,Kolkata,16-06-2025
2274,Customer_02274,Female,33,West,Kolkata,07-03-2025
2275,Customer_02275,Male,28,Central,Bengaluru,14-07-2024
2276,Customer_02276,Female,47,East,Lucknow,24-12-2025
2277,Customer_02277,Female,40,West,Indore,23-05-2025
2278,Customer_02278,Female,41,East,Indore,22-03-2025
2279,Customer_02279,Female,40,West,Indore,11-06-2025
2280,Customer_02280,Male,36,North,Mumbai,20-07-2024
2281,Customer_02281,Female,22,South,Indore,30-12-2025
2282,Customer_02282,Female,45,South,Mumbai,27-08-2025
2283,Customer_02283,Female,55,East,Indore,12-05-2024
2284,Customer_02284,Male,41,North,Indore,18-05-2024
2285,Customer_02285,Female,26,North,Lucknow,30-10-2025
2286,Customer_02286,Other,40,South,Kochi,07-05-2025
2287,Customer_02287,Female,26,Central,Pune,10-03-2024
2288,Customer_02288,Female,29,South,Pune,15-01-2024
2289,Customer_02289,Male,18,East,Mumbai,30-07-2024
2290,Customer_02290,Male,48,North,Lucknow,29-02-2024
2291,Customer_02291,Male,37,East,Chennai,08-09-2024
2292,Customer_02292,Male,40,South,Jaipur,21-03-2025
2293,Customer_02293,Male,42,North,Kolkata,02-01-2024
2294,Customer_02294,Male,39,East,Jaipur,01-12-2024
2295,Customer_02295,Female,44,North,Bengaluru,19-01-2024
2296,Customer_02296,Female,48,North,Kochi,14-07-2025
2297,Customer_02297,Female,34,South,Kochi,18-03-2024
2298,Customer_02298,Male,18,North,Hyderabad,16-04-2025
2299,Customer_02299,Female,26,North,Bengaluru,28-01-2024
2300,Customer_02300,Male,40,South,Pune,13-07-2025
2301,Customer_02301,Female,24,West,Kochi,30-08-2025
2302,Customer_02302,Female,33,East,Kolkata,13-06-2024
2303,Customer_02303,Male,59,East,Ahmedabad,02-04-2025
2304,Customer_02304,Female,44,South,Lucknow,24-06-2024
2305,Customer_02305,Male,18,Central,Pune,07-08-2025
2306,Customer_02306,Female,57,South,Pune,29-01-2024
2307,Customer_02307,Male,48,North,Mumbai,30-10-2025
2308,Customer_02308,Female,41,East,Jaipur,05-10-2024
2309,Customer_02309,Male,35,North,Lucknow,09-10-2024
2310,Customer_02310,Female,20,South,Bengaluru,23-04-2025
2311,Customer_02311,Female,30,East,Lucknow,02-06-2025
2312,Customer_02312,Female,18,Central,Chennai,31-10-2024
2313,Customer_02313,Female,44,East,Mumbai,24-11-2025
2314,Customer_02314,Male,36,West,Hyderabad,18-04-2024
2315,Customer_02315,Female,27,Central,Bengaluru,19-11-2024
2316,Customer_02316,Female,44,North,Pune,24-07-2024
2317,Customer_02317,Female,37,South,Kochi,21-08-2024
2318,Customer_02318,Male,50,South,Hyderabad,02-04-2025
2319,Customer_02319,Male,30,South,Lucknow,05-07-2024
2320,Customer_02320,Male,48,South,Bengaluru,26-04-2025
2321,Customer_02321,Female,36,Central,Kochi,10-02-2025
2322,Customer_02322,Male,26,West,Chennai,23-05-2025
2323,Customer_02323,Female,40,East,Hyderabad,03-06-2025
2324,Customer_02324,Female,35,South,Lucknow,22-02-2024
2325,Customer_02325,Male,39,West,Lucknow,01-02-2025
2326,Customer_02326,Male,24,Central,Kochi,17-07-2024
2327,Customer_02327,Female,18,West,Delhi,25-01-2025
2328,Customer_02328,Male,29,North,Chennai,10-10-2025
2329,Customer_02329,Male,40,West,Chennai,12-05-2025
2330,Customer_02330,Male,39,North,Chennai,20-06-2024
2331,Customer_02331,Male,29,South,Kochi,26-03-2024
2332,Customer_02332,Female,36,North,Jaipur,11-07-2025
2333,Customer_02333,Male,30,East,Jaipur,04-07-2024
2334,Customer_02334,Male,33,West,Chennai,04-06-2024
2335,Customer_02335,Female,47,North,Pune,07-05-2025
2336,Customer_02336,Male,21,South,Ahmedabad,04-06-2025
2337,Customer_02337,Male,53,East,Indore,18-09-2025
2338,Customer_02338,Female,36,South,Kolkata,27-10-2025
2339,Customer_02339,Female,54,North,Pune,09-05-2024
2340,Customer_02340,Male,53,South,Delhi,21-03-2024
2341,Customer_02341,Male,18,West,Mumbai,18-01-2025
2342,Customer_02342,Female,36,North,Delhi,20-10-2025
2343,Customer_02343,Female,24,North,Mumbai,21-10-2024
2344,Customer_02344,Male,33,South,Ahmedabad,25-09-2024
2345,Customer_02345,Male,39,Central,Pune,06-10-2025
2346,Customer_02346,Male,49,West,Pune,15-07-2025
2347,Customer_02347,Female,23,West,Hyderabad,18-06-2025
2348,Customer_02348,Male,59,South,Chennai,12-01-2025
2349,Customer_02349,Female,28,East,Ahmedabad,10-01-2025
2350,Customer_02350,Female,21,North,Lucknow,28-03-2024
2351,Customer_02351,Female,45,West,Bengaluru,15-09-2025
2352,Customer_02352,Female,35,Central,Mumbai,20-04-2024
2353,Customer_02353,Male,56,East,Indore,06-08-2025
2354,Customer_02354,Female,24,Central,Jaipur,02-06-2024
2355,Customer_02355,Male,36,West,Indore,07-04-2025
2356,Customer_02356,Male,47,North,Delhi,22-07-2025
2357,Customer_02357,Male,26,Central,Lucknow,04-06-2024
2358,Customer_02358,Male,47,North,Kochi,16-09-2025
2359,Customer_02359,Female,38,East,Indore,13-11-2024
2360,Customer_02360,Female,24,North,Chennai,12-07-2025
2361,Customer_02361,Female,47,North,Indore,25-08-2024
2362,Customer_02362,Male,32,South,Indore,29-11-2024
2363,Customer_02363,Female,46,South,Lucknow,15-04-2024
2364,Customer_02364,Male,27,East,Kolkata,26-04-2025
2365,Customer_02365,Male,19,East,Chennai,29-11-2025
2366,Customer_02366,Female,30,North,Bengaluru,01-11-2025
2367,Customer_02367,Male,33,North,Kolkata,10-12-2025
2368,Customer_02368,Female,36,East,Lucknow,16-01-2025
2369,Customer_02369,Male,39,South,Pune,19-11-2025
2370,Customer_02370,Male,54,West,Lucknow,17-09-2024
2371,Customer_02371,Female,33,West,Jaipur,19-10-2024
2372,Customer_02372,Other,52,West,Bengaluru,30-11-2024
2373,Customer_02373,Male,44,West,Bengaluru,16-10-2025
2374,Customer_02374,Female,33,South,Ahmedabad,09-12-2025
2375,Customer_02375,Female,37,West,Kochi,20-04-2025
2376,Customer_02376,Male,38,South,Lucknow,12-08-2024
2377,Customer_02377,Female,44,South,Hyderabad,08-07-2025
2378,Customer_02378,Male,46,West,Ahmedabad,29-03-2025
2379,Customer_02379,Male,20,South,Chennai,24-10-2025
2380,Customer_02380,Male,44,West,Hyderabad,22-10-2024
2381,Customer_02381,Female,38,West,Kochi,28-07-2025
2382,Customer_02382,Male,38,Central,Lucknow,03-10-2025
2383,Customer_02383,Male,33,Central,Hyderabad,07-04-2025
2384,Customer_02384,Male,41,South,Pune,01-08-2024
2385,Customer_02385,Male,43,South,Indore,07-08-2025
2386,Customer_02386,Male,35,East,Kochi,07-09-2025
2387,Customer_02387,Male,44,South,Lucknow,06-06-2024
2388,Customer_02388,Male,28,East,Bengaluru,28-09-2024
2389,Customer_02389,Male,34,West,Bengaluru,25-08-2024
2390,Customer_02390,Female,38,West,Hyderabad,29-10-2024
2391,Customer_02391,Female,31,South,Hyderabad,31-10-2025
2392,Customer_02392,Male,31,North,Delhi,12-09-2025
2393,Customer_02393,Male,25,South,Chennai,04-06-2025
2394,Customer_02394,Male,38,North,Delhi,16-11-2024
2395,Customer_02395,Female,53,Central,Pune,28-02-2024
2396,Customer_02396,Male,40,South,Ahmedabad,23-12-2024
2397,Customer_02397,Male,32,North,Lucknow,04-12-2025
2398,Customer_02398,Male,47,North,Lucknow,09-10-2025
2399,Customer_02399,Male,34,West,Bengaluru,07-09-2024
2400,Customer_02400,Female,42,West,Hyderabad,11-03-2025
2401,Customer_02401,Male,40,South,Bengaluru,25-05-2024
2402,Customer_02402,Male,19,North,Kochi,17-12-2024
2403,Customer_02403,Female,35,South,Lucknow,23-07-2025
2404,Customer_02404,Female,55,South,Pune,19-11-2025
2405,Customer_02405,Male,29,West,Lucknow,01-09-2024
2406,Customer_02406,Male,50,East,Delhi,13-07-2025
2407,Customer_02407,Male,44,South,Kolkata,27-10-2024
2408,Customer_02408,Male,30,South,Bengaluru,13-03-2025
2409,Customer_02409,Male,35,Central,Hyderabad,09-04-2024
2410,Customer_02410,Male,24,East,Chennai,25-12-2025
2411,Customer_02411,Female,44,West,Jaipur,24-04-2025
2412,Customer_02412,Other,25,North,Pune,18-02-2025
2413,Customer_02413,Female,39,East,Pune,13-06-2024
2414,Customer_02414,Male,53,North,Hyderabad,29-09-2025
2415,Customer_02415,Female,29,East,Hyderabad,28-10-2024
2416,Customer_02416,Female,38,Central,Delhi,30-04-2024
2417,Customer_02417,Female,20,South,Bengaluru,28-03-2024
2418,Customer_02418,Female,35,North,Mumbai,04-08-2024
2419,Customer_02419,Female,25,North,Lucknow,26-07-2025
2420,Customer_02420,Male,37,South,Pune,27-06-2024
2421,Customer_02421,Male,30,North,Kochi,02-12-2025
2422,Customer_02422,Male,25,North,Hyderabad,11-06-2024
2423,Customer_02423,Male,34,West,Lucknow,15-08-2025
2424,Customer_02424,Male,18,East,Indore,18-06-2024
2425,Customer_02425,Male,24,South,Indore,27-10-2024
2426,Customer_02426,Female,59,Central,Lucknow,08-01-2025
2427,Customer_02427,Female,33,North,Kochi,08-12-2025
2428,Customer_02428,Male,30,Central,Bengaluru,21-07-2024
2429,Customer_02429,Male,39,South,Delhi,16-02-2024
2430,Customer_02430,Female,46,Central,Pune,07-04-2025
2431,Customer_02431,Female,52,East,Mumbai,31-10-2025
2432,Customer_02432,Male,35,West,Jaipur,11-02-2025
2433,Customer_02433,Male,33,Central,Kochi,12-07-2024
2434,Customer_02434,Male,39,South,Delhi,02-03-2025
2435,Customer_02435,Male,36,Central,Kolkata,12-11-2024
2436,Customer_02436,Female,34,South,Lucknow,23-04-2025
2437,Customer_02437,Female,41,South,Chennai,24-02-2025
2438,Customer_02438,Male,41,South,Pune,25-09-2024
2439,Customer_02439,Female,36,East,Jaipur,25-04-2025
2440,Customer_02440,Female,59,North,Jaipur,11-12-2025
2441,Customer_02441,Female,54,East,Pune,19-09-2024
2442,Customer_02442,Other,41,East,Bengaluru,01-03-2025
2443,Customer_02443,Male,47,West,Jaipur,14-06-2024
2444,Customer_02444,Male,28,West,Lucknow,22-11-2025
2445,Customer_02445,Female,35,South,Bengaluru,03-03-2025
2446,Customer_02446,Female,42,South,Bengaluru,04-12-2025
2447,Customer_02447,Other,49,South,Bengaluru,31-01-2025
2448,Customer_02448,Female,25,North,Kolkata,03-08-2024
2449,Customer_02449,Male,29,North,Lucknow,16-04-2024
2450,Customer_02450,Male,36,South,Delhi,07-04-2024
2451,Customer_02451,Female,50,South,Ahmedabad,26-04-2025
2452,Customer_02452,Female,36,Central,Ahmedabad,13-05-2025
2453,Customer_02453,Female,47,East,Hyderabad,17-08-2024
2454,Customer_02454,Male,34,South,Hyderabad,13-09-2024
2455,Customer_02455,Female,42,East,Delhi,12-02-2024
2456,Customer_02456,Female,24,North,Bengaluru,29-08-2024
2457,Customer_02457,Male,28,South,Mumbai,07-07-2025
2458,Customer_02458,Male,33,East,Kochi,04-04-2024
2459,Customer_02459,Female,23,East,Bengaluru,06-07-2024
2460,Customer_02460,Female,23,South,Kochi,19-01-2025
2461,Customer_02461,Male,31,Central,Jaipur,03-02-2025
2462,Customer_02462,Male,20,Central,Pune,20-05-2025
2463,Customer_02463,Male,33,East,Kolkata,15-06-2024
2464,Customer_02464,Male,37,East,Pune,04-05-2024
2465,Customer_02465,Male,26,East,Hyderabad,03-11-2025
2466,Customer_02466,Female,31,North,Chennai,27-03-2024
2467,Customer_02467,Male,31,South,Mumbai,03-05-2025
2468,Customer_02468,Female,50,North,Kochi,13-08-2024
2469,Customer_02469,Male,36,East,Ahmedabad,18-10-2025
2470,Customer_02470,Male,57,East,Kolkata,10-12-2024
2471,Customer_02471,Female,30,South,Jaipur,01-06-2025
2472,Customer_02472,Female,30,Central,Indore,31-01-2024
2473,Customer_02473,Male,46,Central,Hyderabad,09-12-2025
2474,Customer_02474,Female,18,West,Bengaluru,22-10-2024
2475,Customer_02475,Male,42,East,Bengaluru,17-02-2025
2476,Customer_02476,Male,33,Central,Hyderabad,14-05-2024
2477,Customer_02477,Female,35,North,Ahmedabad,08-06-2025
2478,Customer_02478,Female,31,West,Indore,04-01-2024
2479,Customer_02479,Male,40,North,Delhi,26-06-2024
2480,Customer_02480,Male,18,West,Kolkata,15-09-2024
2481,Customer_02481,Female,27,South,Kochi,13-10-2025
2482,Customer_02482,Male,54,Central,Hyderabad,05-03-2024
2483,Customer_02483,Female,35,Central,Ahmedabad,28-12-2024
2484,Customer_02484,Male,22,North,Lucknow,17-12-2025
2485,Customer_02485,Female,35,East,Ahmedabad,17-01-2024
2486,Customer_02486,Male,41,Central,Lucknow,18-07-2024
2487,Customer_02487,Other,35,East,Kochi,27-06-2025
2488,Customer_02488,Male,33,Central,Indore,30-07-2024
2489,Customer_02489,Female,28,East,Mumbai,10-03-2025
2490,Customer_02490,Male,21,South,Jaipur,29-09-2024
2491,Customer_02491,Male,18,South,Chennai,16-10-2024
2492,Customer_02492,Male,26,North,Chennai,27-04-2025
2493,Customer_02493,Female,47,West,Indore,21-08-2024
2494,Customer_02494,Male,30,South,Chennai,11-02-2025
2495,Customer_02495,Male,32,East,Hyderabad,24-11-2025
2496,Customer_02496,Male,19,East,Kochi,25-05-2024
2497,Customer_02497,Female,34,East,Bengaluru,15-07-2025
2498,Customer_02498,Male,30,Central,Hyderabad,05-03-2025
2499,Customer_02499,Male,31,Central,Bengaluru,07-03-2025
2500,Customer_02500,Female,28,South,Jaipur,06-09-2025
2501,Customer_02501,Female,28,West,Jaipur,28-06-2025
2502,Customer_02502,Male,32,West,Chennai,11-05-2025
2503,Customer_02503,Female,34,East,Delhi,29-03-2024
2504,Customer_02504,Male,18,Central,Bengaluru,14-02-2025
2505,Customer_02505,Male,18,North,Pune,28-08-2024
2506,Customer_02506,Female,29,North,Jaipur,10-08-2024
2507,Customer_02507,Female,43,Central,Ahmedabad,26-10-2025
2508,Customer_02508,Male,20,South,Kochi,12-04-2025
2509,Customer_02509,Male,40,West,Delhi,22-07-2025
2510,Customer_02510,Male,51,Central,Pune,17-11-2024
2511,Customer_02511,Female,31,North,Lucknow,09-01-2025
2512,Customer_02512,Female,30,Central,Jaipur,21-04-2024
2513,Customer_02513,Male,39,South,Kochi,10-06-2025
2514,Customer_02514,Female,35,East,Kochi,15-02-2025
2515,Customer_02515,Male,28,East,Lucknow,25-09-2024
2516,Customer_02516,Female,37,Central,Delhi,17-09-2025
2517,Customer_02517,Male,27,North,Jaipur,08-09-2024
2518,Customer_02518,Female,48,East,Indore,08-01-2025
2519,Customer_02519,Male,32,West,Ahmedabad,15-10-2025
2520,Customer_02520,Female,38,West,Mumbai,17-09-2025
2521,Customer_02521,Male,51,West,Jaipur,25-03-2025
2522,Customer_02522,Male,32,North,Indore,20-06-2025
2523,Customer_02523,Female,26,South,Chennai,02-01-2025
2524,Customer_02524,Male,28,South,Hyderabad,11-09-2024
2525,Customer_02525,Male,34,West,Lucknow,07-04-2025
2526,Customer_02526,Female,33,South,Ahmedabad,24-09-2024
2527,Customer_02527,Female,32,South,Chennai,05-05-2024
2528,Customer_02528,Male,37,Central,Chennai,27-01-2025
2529,Customer_02529,Male,35,North,Bengaluru,29-11-2024
2530,Customer_02530,Male,29,Central,Jaipur,18-07-2025
2531,Customer_02531,Female,34,West,Pune,02-01-2025
2532,Customer_02532,Male,27,West,Lucknow,08-07-2025
2533,Customer_02533,Male,29,South,Kochi,08-11-2025
2534,Customer_02534,Female,18,North,Indore,07-07-2025
2535,Customer_02535,Male,26,West,Mumbai,31-03-2025
2536,Customer_02536,Male,42,West,Kolkata,18-11-2025
2537,Customer_02537,Female,40,West,Bengaluru,07-03-2024
2538,Customer_02538,Male,41,North,Kolkata,06-03-2024
2539,Customer_02539,Female,38,West,Indore,17-08-2025
2540,Customer_02540,Female,29,West,Lucknow,08-09-2025
2541,Customer_02541,Male,21,West,Bengaluru,03-02-2025
2542,Customer_02542,Male,31,West,Lucknow,13-10-2024
2543,Customer_02543,Female,18,West,Chennai,04-07-2024
2544,Customer_02544,Female,45,East,Kochi,10-10-2024
2545,Customer_02545,Male,36,North,Kochi,30-05-2025
2546,Customer_02546,Male,43,East,Jaipur,11-10-2025
2547,Customer_02547,Female,29,North,Jaipur,21-11-2025
2548,Customer_02548,Male,18,South,Pune,24-08-2024
2549,Customer_02549,Female,36,South,Mumbai,18-01-2024
2550,Customer_02550,Female,36,North,Indore,17-02-2025
2551,Customer_02551,Male,33,South,Delhi,09-01-2024
2552,Customer_02552,Female,37,North,Delhi,23-02-2025
2553,Customer_02553,Female,29,West,Jaipur,29-01-2024
2554,Customer_02554,Male,36,Central,Delhi,17-10-2025
2555,Customer_02555,Female,39,North,Delhi,13-12-2024
2556,Customer_02556,Female,51,Central,Chennai,22-10-2025
2557,Customer_02557,Male,42,East,Pune,29-07-2025
2558,Customer_02558,Male,22,South,Ahmedabad,25-03-2025
2559,Customer_02559,Female,30,North,Indore,14-01-2025
2560,Customer_02560,Female,25,East,Hyderabad,29-11-2025
2561,Customer_02561,Female,48,West,Chennai,31-12-2024
2562,Customer_02562,Female,29,West,Jaipur,14-08-2024
2563,Customer_02563,Male,31,North,Kochi,27-04-2024
2564,Customer_02564,Female,33,North,Delhi,15-02-2025
2565,Customer_02565,Male,38,South,Ahmedabad,21-12-2024
2566,Customer_02566,Male,22,South,Jaipur,10-09-2024
2567,Customer_02567,Male,34,South,Hyderabad,26-06-2025
2568,Customer_02568,Female,43,South,Ahmedabad,03-11-2025
2569,Customer_02569,Male,31,West,Ahmedabad,27-12-2025
2570,Customer_02570,Male,52,Central,Chennai,19-03-2025
2571,Customer_02571,Male,25,South,Kochi,11-11-2025
2572,Customer_02572,Male,29,Central,Bengaluru,21-03-2024
2573,Customer_02573,Female,42,South,Indore,15-02-2024
2574,Customer_02574,Other,34,East,Kolkata,18-02-2024
2575,Customer_02575,Female,32,South,Lucknow,24-03-2025
2576,Customer_02576,Female,23,West,Lucknow,10-02-2025
2577,Customer_02577,Female,28,Central,Chennai,09-10-2024
2578,Customer_02578,Female,52,East,Indore,17-04-2025
2579,Customer_02579,Female,37,South,Chennai,19-02-2025
2580,Customer_02580,Male,40,West,Pune,22-08-2025
2581,Customer_02581,Male,28,North,Indore,30-04-2024
2582,Customer_02582,Male,36,Central,Kochi,03-01-2024
2583,Customer_02583,Male,31,East,Ahmedabad,11-11-2024
2584,Customer_02584,Male,22,South,Lucknow,04-04-2025
2585,Customer_02585,Female,27,East,Hyderabad,14-08-2024
2586,Customer_02586,Female,29,East,Mumbai,19-03-2024
2587,Customer_02587,Male,55,North,Indore,18-10-2025
2588,Customer_02588,Male,53,West,Kolkata,27-06-2025
2589,Customer_02589,Female,18,South,Lucknow,23-12-2025
2590,Customer_02590,Male,26,West,Jaipur,11-03-2024
2591,Customer_02591,Male,32,West,Kochi,15-07-2024
2592,Customer_02592,Female,34,West,Bengaluru,27-02-2024
2593,Customer_02593,Male,33,East,Delhi,27-02-2025
2594,Customer_02594,Female,52,East,Lucknow,13-04-2025
2595,Customer_02595,Female,29,North,Delhi,15-09-2025
2596,Customer_02596,Female,52,West,Lucknow,17-02-2024
2597,Customer_02597,Male,44,South,Kolkata,10-03-2025
2598,Customer_02598,Male,33,East,Chennai,03-07-2024
2599,Customer_02599,Male,28,South,Indore,13-06-2024
2600,Customer_02600,Male,27,North,Lucknow,27-12-2025
2601,Customer_02601,Male,53,East,Chennai,26-11-2024
2602,Customer_02602,Female,41,North,Kolkata,25-11-2024
2603,Customer_02603,Female,37,West,Indore,30-04-2024
2604,Customer_02604,Female,18,South,Bengaluru,31-07-2024
2605,Customer_02605,Male,29,North,Ahmedabad,21-05-2025
2606,Customer_02606,Female,30,East,Pune,06-07-2025
2607,Customer_02607,Male,36,North,Chennai,16-06-2024
2608,Customer_02608,Male,33,South,Indore,29-06-2025
2609,Customer_02609,Female,30,West,Hyderabad,02-03-2025
2610,Customer_02610,Male,37,North,Bengaluru,09-12-2025
2611,Customer_02611,Female,43,West,Pune,03-12-2025
2612,Customer_02612,Female,28,North,Pune,08-08-2024
2613,Customer_02613,Male,24,South,Lucknow,10-01-2024
2614,Customer_02614,Other,28,West,Jaipur,29-04-2024
2615,Customer_02615,Male,24,South,Lucknow,26-09-2025
2616,Customer_02616,Female,31,North,Pune,03-09-2024
2617,Customer_02617,Male,54,South,Hyderabad,25-12-2024
2618,Customer_02618,Male,31,South,Indore,08-08-2024
2619,Customer_02619,Male,23,West,Kolkata,20-05-2025
2620,Customer_02620,Female,30,South,Indore,27-02-2024
2621,Customer_02621,Female,50,West,Mumbai,04-04-2025
2622,Customer_02622,Female,31,Central,Ahmedabad,07-05-2024
2623,Customer_02623,Female,26,South,Pune,29-11-2025
2624,Customer_02624,Female,18,Central,Mumbai,17-12-2025
2625,Customer_02625,Male,31,South,Mumbai,26-03-2024
2626,Customer_02626,Female,20,Central,Ahmedabad,13-04-2024
2627,Customer_02627,Male,36,North,Pune,22-05-2024
2628,Customer_02628,Male,30,West,Bengaluru,23-07-2024
2629,Customer_02629,Male,18,East,Mumbai,02-10-2025
2630,Customer_02630,Male,51,South,Indore,07-02-2024
2631,Customer_02631,Female,55,West,Pune,28-12-2024
2632,Customer_02632,Male,37,West,Kolkata,12-09-2025
2633,Customer_02633,Female,49,North,Delhi,04-11-2024
2634,Customer_02634,Female,36,North,Ahmedabad,21-02-2024
2635,Customer_02635,Male,18,West,Mumbai,01-01-2024
2636,Customer_02636,Female,31,West,Pune,11-01-2024
2637,Customer_02637,Female,28,Central,Kolkata,01-10-2025
2638,Customer_02638,Male,19,West,Ahmedabad,01-08-2024
2639,Customer_02639,Female,34,Central,Lucknow,09-07-2025
2640,Customer_02640,Male,27,West,Delhi,01-06-2025
2641,Customer_02641,Male,36,South,Chennai,29-10-2025
2642,Customer_02642,Male,41,North,Pune,18-02-2025
2643,Customer_02643,Female,51,West,Hyderabad,08-01-2024
2644,Customer_02644,Male,34,West,Indore,05-01-2024
2645,Customer_02645,Male,23,North,Jaipur,27-12-2024
2646,Customer_02646,Male,29,South,Mumbai,24-11-2025
2647,Customer_02647,Female,30,Central,Bengaluru,21-04-2024
2648,Customer_02648,Female,57,East,Lucknow,29-09-2024
2649,Customer_02649,Female,33,South,Kolkata,25-02-2025
2650,Customer_02650,Male,39,East,Lucknow,21-09-2024
2651,Customer_02651,Male,45,North,Lucknow,02-04-2025
2652,Customer_02652,Female,48,South,Delhi,30-07-2024
2653,Customer_02653,Male,36,South,Delhi,18-03-2024
2654,Customer_02654,Male,31,North,Kochi,27-10-2025
2655,Customer_02655,Male,29,West,Jaipur,08-08-2024
2656,Customer_02656,Female,21,South,Kolkata,03-01-2025
2657,Customer_02657,Male,43,West,Jaipur,12-12-2024
2658,Customer_02658,Male,61,Central,Hyderabad,25-01-2024
2659,Customer_02659,Female,48,South,Mumbai,23-02-2025
2660,Customer_02660,Female,34,West,Kochi,19-12-2024
2661,Customer_02661,Female,21,East,Lucknow,20-12-2025
2662,Customer_02662,Male,28,Central,Kochi,20-02-2025
2663,Customer_02663,Female,38,South,Indore,29-05-2025
2664,Customer_02664,Male,31,West,Pune,02-08-2024
2665,Customer_02665,Female,33,East,Lucknow,21-04-2024
2666,Customer_02666,Female,38,South,Hyderabad,04-12-2025
2667,Customer_02667,Male,36,North,Chennai,12-07-2025
2668,Customer_02668,Male,57,West,Delhi,03-03-2025
2669,Customer_02669,Male,57,West,Delhi,29-11-2025
2670,Customer_02670,Male,31,South,Indore,15-07-2025
2671,Customer_02671,Male,44,West,Kolkata,09-12-2025
2672,Customer_02672,Female,20,South,Chennai,03-08-2024
2673,Customer_02673,Male,43,West,Kolkata,16-02-2025
2674,Customer_02674,Female,39,North,Hyderabad,14-01-2025
2675,Customer_02675,Male,25,Central,Lucknow,24-08-2025
2676,Customer_02676,Male,46,South,Jaipur,19-08-2024
2677,Customer_02677,Male,24,South,Ahmedabad,14-09-2024
2678,Customer_02678,Female,33,North,Kolkata,26-10-2025
2679,Customer_02679,Female,35,North,Kochi,12-09-2024
2680,Customer_02680,Female,18,East,Bengaluru,06-02-2025
2681,Customer_02681,Male,36,South,Lucknow,27-02-2025
2682,Customer_02682,Male,25,West,Pune,05-03-2024
2683,Customer_02683,Female,30,North,Delhi,08-07-2024
2684,Customer_02684,Female,33,South,Mumbai,25-08-2025
2685,Customer_02685,Female,18,South,Ahmedabad,21-06-2024
2686,Customer_02686,Male,29,North,Delhi,19-09-2025
2687,Customer_02687,Female,32,North,Mumbai,14-07-2025
2688,Customer_02688,Male,30,South,Lucknow,14-08-2024
2689,Customer_02689,Male,24,East,Chennai,03-08-2025
2690,Customer_02690,Male,20,South,Jaipur,22-01-2025
2691,Customer_02691,Female,24,East,Kochi,04-02-2025
2692,Customer_02692,Female,18,East,Mumbai,29-09-2025
2693,Customer_02693,Male,26,North,Jaipur,31-07-2024
2694,Customer_02694,Male,46,East,Delhi,22-02-2024
2695,Customer_02695,Male,19,Central,Indore,15-09-2025
2696,Customer_02696,Male,43,East,Kochi,01-11-2025
2697,Customer_02697,Male,21,West,Delhi,23-10-2025
2698,Customer_02698,Male,39,South,Bengaluru,18-05-2024
2699,Customer_02699,Female,60,West,Indore,21-02-2025
2700,Customer_02700,Male,40,West,Ahmedabad,16-09-2025
2701,Customer_02701,Male,32,East,Delhi,22-05-2024
2702,Customer_02702,Female,32,Central,Mumbai,23-05-2025
2703,Customer_02703,Male,43,North,Mumbai,11-10-2025
2704,Customer_02704,Female,38,North,Hyderabad,30-04-2025
2705,Customer_02705,Male,37,West,Ahmedabad,12-03-2025
2706,Customer_02706,Female,29,West,Lucknow,26-06-2025
2707,Customer_02707,Male,37,North,Chennai,19-10-2024
2708,Customer_02708,Female,18,South,Chennai,11-09-2025
2709,Customer_02709,Male,28,North,Delhi,10-10-2024
2710,Customer_02710,Female,52,South,Indore,01-11-2025
2711,Customer_02711,Male,43,West,Chennai,14-01-2024
2712,Customer_02712,Female,33,East,Indore,25-09-2025
2713,Customer_02713,Male,23,South,Chennai,27-12-2025
2714,Customer_02714,Female,54,South,Jaipur,28-09-2024
2715,Customer_02715,Female,28,North,Lucknow,25-01-2024
2716,Customer_02716,Male,24,South,Pune,17-11-2024
2717,Customer_02717,Male,36,West,Jaipur,11-11-2025
2718,Customer_02718,Male,29,Central,Ahmedabad,12-04-2024
2719,Customer_02719,Male,18,West,Mumbai,09-02-2024
2720,Customer_02720,Male,20,North,Bengaluru,22-08-2024
2721,Customer_02721,Other,32,Central,Pune,29-03-2024
2722,Customer_02722,Female,23,West,Bengaluru,09-04-2024
2723,Customer_02723,Female,18,West,Mumbai,23-05-2024
2724,Customer_02724,Male,19,East,Mumbai,22-03-2024
2725,Customer_02725,Female,32,South,Hyderabad,11-08-2025
2726,Customer_02726,Male,33,South,Chennai,24-07-2025
2727,Customer_02727,Male,42,North,Ahmedabad,16-08-2024
2728,Customer_02728,Female,22,South,Jaipur,25-08-2025
2729,Customer_02729,Male,32,South,Kolkata,29-01-2025
2730,Customer_02730,Other,27,East,Chennai,27-05-2025
2731,Customer_02731,Male,40,West,Ahmedabad,15-07-2024
2732,Customer_02732,Female,34,East,Jaipur,30-09-2024
2733,Customer_02733,Female,37,North,Indore,12-08-2025
2734,Customer_02734,Male,46,Central,Jaipur,14-10-2025
2735,Customer_02735,Male,36,Central,Jaipur,05-08-2025
2736,Customer_02736,Male,45,West,Lucknow,15-07-2025
2737,Customer_02737,Male,21,Central,Bengaluru,06-01-2025
2738,Customer_02738,Female,19,East,Mumbai,20-03-2024
2739,Customer_02739,Female,47,Central,Bengaluru,22-08-2024
2740,Customer_02740,Male,37,North,Lucknow,13-10-2024
2741,Customer_02741,Female,40,South,Lucknow,28-10-2025
2742,Customer_02742,Male,46,South,Chennai,25-07-2025
2743,Customer_02743,Female,26,North,Indore,28-06-2025
2744,Customer_02744,Male,28,North,Mumbai,12-03-2025
2745,Customer_02745,Male,42,East,Jaipur,06-05-2024
2746,Customer_02746,Male,31,West,Bengaluru,12-12-2025
2747,Customer_02747,Male,28,East,Chennai,20-02-2025
2748,Customer_02748,Male,21,North,Indore,29-09-2025
2749,Customer_02749,Male,43,West,Chennai,10-02-2024
2750,Customer_02750,Male,29,West,Chennai,13-04-2025
2751,Customer_02751,Male,43,South,Hyderabad,23-10-2024
2752,Customer_02752,Male,39,West,Kochi,19-08-2025
2753,Customer_02753,Female,48,South,Kolkata,23-08-2025
2754,Customer_02754,Female,18,South,Bengaluru,11-02-2024
2755,Customer_02755,Male,18,Central,Indore,23-09-2025
2756,Customer_02756,Male,52,South,Bengaluru,05-10-2024
2757,Customer_02757,Female,44,East,Jaipur,03-04-2025
2758,Customer_02758,Male,24,Central,Indore,02-02-2024
2759,Customer_02759,Female,26,West,Hyderabad,02-10-2024
2760,Customer_02760,Male,34,North,Jaipur,26-10-2025
2761,Customer_02761,Male,32,North,Pune,30-03-2024
2762,Customer_02762,Male,27,North,Chennai,07-09-2025
2763,Customer_02763,Male,26,West,Chennai,07-06-2025
2764,Customer_02764,Female,29,South,Chennai,08-06-2024
2765,Customer_02765,Male,39,North,Pune,02-04-2025
2766,Customer_02766,Other,34,Central,Kolkata,08-12-2025
2767,Customer_02767,Male,29,East,Lucknow,02-02-2025
2768,Customer_02768,Female,27,South,Jaipur,31-03-2024
2769,Customer_02769,Male,55,East,Bengaluru,09-12-2025
2770,Customer_02770,Male,28,West,Delhi,03-08-2025
2771,Customer_02771,Female,39,North,Lucknow,10-04-2025
2772,Customer_02772,Male,59,South,Chennai,07-08-2024
2773,Customer_02773,Female,41,West,Pune,22-02-2025
2774,Customer_02774,Male,39,East,Kolkata,13-01-2025
2775,Customer_02775,Female,46,East,Mumbai,26-12-2025
2776,Customer_02776,Male,48,South,Mumbai,22-03-2025
2777,Customer_02777,Female,34,North,Jaipur,25-05-2024
2778,Customer_02778,Female,21,North,Jaipur,20-08-2024
2779,Customer_02779,Female,32,South,Bengaluru,05-01-2025
2780,Customer_02780,Male,40,North,Delhi,21-08-2024
2781,Customer_02781,Female,31,North,Delhi,26-12-2025
2782,Customer_02782,Female,32,West,Chennai,01-01-2025
2783,Customer_02783,Female,50,Central,Bengaluru,25-04-2025
2784,Customer_02784,Female,42,West,Indore,26-07-2025
2785,Customer_02785,Male,40,Central,Lucknow,28-12-2024
2786,Customer_02786,Male,24,South,Lucknow,12-08-2025
2787,Customer_02787,Female,32,Central,Delhi,25-05-2025
2788,Customer_02788,Female,38,North,Lucknow,04-04-2024
2789,Customer_02789,Male,41,Central,Mumbai,03-08-2024
2790,Customer_02790,Male,50,Central,Lucknow,25-12-2025
2791,Customer_02791,Female,41,West,Pune,12-12-2025
2792,Customer_02792,Male,29,Central,Delhi,26-06-2025
2793,Customer_02793,Male,53,East,Hyderabad,14-05-2024
2794,Customer_02794,Other,31,South,Mumbai,23-03-2024
2795,Customer_02795,Female,43,South,Ahmedabad,25-01-2025
2796,Customer_02796,Female,28,East,Indore,16-02-2024
2797,Customer_02797,Male,26,North,Mumbai,26-01-2025
2798,Customer_02798,Male,20,East,Kolkata,18-12-2025
2799,Customer_02799,Female,21,Central,Bengaluru,19-01-2025
2800,Customer_02800,Female,29,North,Chennai,15-01-2025
2801,Customer_02801,Male,47,West,Kolkata,17-03-2024
2802,Customer_02802,Female,37,Central,Hyderabad,15-09-2024
2803,Customer_02803,Female,18,Central,Lucknow,26-08-2025
2804,Customer_02804,Male,42,Central,Indore,02-02-2025
2805,Customer_02805,Male,34,East,Hyderabad,09-04-2024
2806,Customer_02806,Male,49,Central,Lucknow,15-05-2025
2807,Customer_02807,Male,29,West,Ahmedabad,17-01-2025
2808,Customer_02808,Male,25,North,Bengaluru,07-12-2025
2809,Customer_02809,Male,51,East,Indore,10-07-2024
2810,Customer_02810,Male,44,West,Lucknow,02-08-2025
2811,Customer_02811,Female,18,South,Delhi,24-08-2025
2812,Customer_02812,Male,38,West,Mumbai,10-12-2024
2813,Customer_02813,Female,18,West,Chennai,10-01-2024
2814,Customer_02814,Female,44,North,Bengaluru,20-09-2024
2815,Customer_02815,Female,23,East,Pune,24-09-2024
2816,Customer_02816,Female,21,West,Ahmedabad,21-09-2025
2817,Customer_02817,Female,48,East,Chennai,24-07-2025
2818,Customer_02818,Female,38,North,Kolkata,13-07-2024
2819,Customer_02819,Male,41,North,Chennai,15-07-2025
2820,Customer_02820,Female,29,South,Pune,10-02-2025
2821,Customer_02821,Female,33,Central,Jaipur,22-10-2024
2822,Customer_02822,Other,50,South,Indore,06-04-2024
2823,Customer_02823,Male,37,West,Lucknow,06-04-2025
2824,Customer_02824,Male,57,South,Kochi,30-09-2025
2825,Customer_02825,Female,32,South,Lucknow,27-03-2024
2826,Customer_02826,Male,44,West,Hyderabad,17-03-2024
2827,Customer_02827,Female,45,West,Kochi,16-12-2025
2828,Customer_02828,Other,36,North,Jaipur,27-04-2025
2829,Customer_02829,Female,48,South,Mumbai,25-05-2024
2830,Customer_02830,Male,29,North,Kochi,22-10-2025
2831,Customer_02831,Male,43,East,Mumbai,20-04-2024
2832,Customer_02832,Female,24,West,Delhi,02-10-2025
2833,Customer_02833,Female,21,North,Ahmedabad,08-11-2025
2834,Customer_02834,Female,34,South,Hyderabad,23-10-2024
2835,Customer_02835,Female,33,South,Delhi,01-03-2025
2836,Customer_02836,Female,23,Central,Kolkata,10-10-2025
2837,Customer_02837,Male,42,Central,Indore,29-11-2024
2838,Customer_02838,Female,50,North,Mumbai,06-06-2025
2839,Customer_02839,Male,31,West,Kolkata,05-08-2025
2840,Customer_02840,Male,44,South,Lucknow,01-11-2025
2841,Customer_02841,Female,28,South,Chennai,28-12-2025
2842,Customer_02842,Female,32,West,Kochi,21-06-2025
2843,Customer_02843,Female,34,Central,Lucknow,10-06-2024
2844,Customer_02844,Male,42,Central,Jaipur,05-03-2025
2845,Customer_02845,Male,33,East,Ahmedabad,05-09-2025
2846,Customer_02846,Male,18,South,Lucknow,09-03-2024
2847,Customer_02847,Female,46,West,Mumbai,12-05-2024
2848,Customer_02848,Male,35,South,Indore,07-07-2024
2849,Customer_02849,Female,18,East,Delhi,23-12-2025
2850,Customer_02850,Female,48,South,Kolkata,08-11-2025
2851,Customer_02851,Male,49,West,Bengaluru,26-07-2025
2852,Customer_02852,Female,23,South,Kochi,05-10-2024
2853,Customer_02853,Female,20,North,Lucknow,05-03-2025
2854,Customer_02854,Female,45,Central,Pune,16-09-2025
2855,Customer_02855,Female,45,North,Jaipur,25-06-2025
2856,Customer_02856,Male,39,East,Indore,09-06-2024
2857,Customer_02857,Male,30,South,Jaipur,28-03-2025
2858,Customer_02858,Female,26,North,Pune,18-06-2024
2859,Customer_02859,Male,40,North,Indore,28-11-2025
2860,Customer_02860,Female,28,North,Pune,26-02-2024
2861,Customer_02861,Female,28,Central,Pune,27-08-2024
2862,Customer_02862,Male,42,South,Lucknow,23-12-2024
2863,Customer_02863,Female,44,Central,Kochi,19-07-2024
2864,Customer_02864,Male,49,East,Pune,19-03-2025
2865,Customer_02865,Male,18,South,Mumbai,28-10-2024
2866,Customer_02866,Female,29,East,Delhi,15-04-2024
2867,Customer_02867,Male,31,East,Pune,10-04-2024
2868,Customer_02868,Female,34,West,Kochi,06-04-2024
2869,Customer_02869,Male,21,South,Hyderabad,26-10-2025
2870,Customer_02870,Female,40,South,Hyderabad,29-01-2024
2871,Customer_02871,Male,53,Central,Kolkata,20-05-2025
2872,Customer_02872,Female,22,Central,Hyderabad,26-10-2025
2873,Customer_02873,Female,36,Central,Chennai,13-03-2025
2874,Customer_02874,Female,47,South,Kochi,13-01-2025
2875,Customer_02875,Male,32,West,Lucknow,13-03-2024
2876,Customer_02876,Female,27,East,Ahmedabad,10-09-2024
2877,Customer_02877,Female,36,East,Pune,30-05-2025
2878,Customer_02878,Male,41,North,Mumbai,03-07-2025
2879,Customer_02879,Male,21,East,Bengaluru,20-01-2024
2880,Customer_02880,Female,44,North,Bengaluru,16-09-2025
2881,Customer_02881,Female,32,South,Delhi,18-06-2025
2882,Customer_02882,Male,27,Central,Jaipur,24-02-2025
2883,Customer_02883,Male,19,North,Jaipur,21-03-2025
2884,Customer_02884,Female,27,North,Hyderabad,15-05-2024
2885,Customer_02885,Male,28,North,Chennai,19-05-2025
2886,Customer_02886,Female,22,Central,Jaipur,27-10-2024
2887,Customer_02887,Male,39,East,Delhi,31-08-2025
2888,Customer_02888,Female,35,South,Lucknow,02-02-2024
2889,Customer_02889,Female,44,West,Kolkata,08-10-2025
2890,Customer_02890,Female,41,West,Lucknow,04-10-2024
2891,Customer_02891,Female,28,South,Pune,12-05-2024
2892,Customer_02892,Male,31,West,Delhi,10-06-2025
2893,Customer_02893,Male,27,West,Kochi,05-05-2024
2894,Customer_02894,Male,18,West,Lucknow,10-12-2024
2895,Customer_02895,Male,38,North,Indore,17-01-2024
2896,Customer_02896,Other,36,Central,Kolkata,15-07-2025
2897,Customer_02897,Female,28,East,Kolkata,08-10-2025
2898,Customer_02898,Male,42,South,Bengaluru,21-09-2025
2899,Customer_02899,Male,31,South,Kolkata,12-01-2025
2900,Customer_02900,Male,46,North,Jaipur,29-02-2024
2901,Customer_02901,Male,32,North,Pune,28-09-2025
2902,Customer_02902,Male,21,West,Indore,11-04-2025
2903,Customer_02903,Male,49,North,Pune,19-09-2025
2904,Customer_02904,Male,38,South,Lucknow,25-01-2025
2905,Customer_02905,Male,25,East,Pune,15-11-2025
2906,Customer_02906,Female,30,North,Indore,05-07-2024
2907,Customer_02907,Female,26,Central,Bengaluru,12-05-2025
2908,Customer_02908,Female,44,South,Indore,22-08-2025
2909,Customer_02909,Male,18,South,Pune,15-12-2025
2910,Customer_02910,Female,37,South,Pune,26-12-2024
2911,Customer_02911,Female,18,South,Jaipur,24-03-2025
2912,Customer_02912,Male,18,North,Bengaluru,24-11-2025
2913,Customer_02913,Male,38,West,Jaipur,10-11-2025
2914,Customer_02914,Male,22,Central,Chennai,29-06-2024
2915,Customer_02915,Male,41,South,Jaipur,09-05-2024
2916,Customer_02916,Male,44,West,Kochi,28-05-2024
2917,Customer_02917,Female,30,West,Kochi,16-04-2025
2918,Customer_02918,Male,39,West,Bengaluru,21-12-2025
2919,Customer_02919,Male,49,South,Chennai,14-09-2025
2920,Customer_02920,Male,24,South,Lucknow,14-05-2025
2921,Customer_02921,Female,43,South,Bengaluru,10-10-2025
2922,Customer_02922,Female,26,West,Chennai,20-12-2024
2923,Customer_02923,Other,34,West,Kolkata,29-07-2024
2924,Customer_02924,Male,28,North,Indore,19-10-2025
2925,Customer_02925,Male,28,South,Kolkata,18-08-2025
2926,Customer_02926,Female,30,Central,Indore,30-01-2024
2927,Customer_02927,Male,28,West,Lucknow,30-07-2025
2928,Customer_02928,Female,33,Central,Kolkata,24-01-2024
2929,Customer_02929,Other,46,West,Chennai,23-12-2025
2930,Customer_02930,Female,20,South,Kolkata,09-08-2024
2931,Customer_02931,Male,38,East,Pune,24-08-2025
2932,Customer_02932,Female,23,West,Kolkata,09-09-2025
2933,Customer_02933,Female,24,North,Chennai,14-11-2025
2934,Customer_02934,Female,18,East,Indore,11-08-2025
2935,Customer_02935,Male,45,West,Bengaluru,02-08-2025
2936,Customer_02936,Female,32,North,Jaipur,04-02-2025
2937,Customer_02937,Female,25,West,Bengaluru,26-08-2025
2938,Customer_02938,Female,35,East,Mumbai,26-05-2025
2939,Customer_02939,Male,31,Central,Jaipur,28-03-2024
2940,Customer_02940,Female,45,North,Bengaluru,09-04-2025
2941,Customer_02941,Female,24,South,Ahmedabad,19-02-2024
2942,Customer_02942,Male,33,East,Indore,12-04-2024
2943,Customer_02943,Female,43,South,Mumbai,02-01-2025
2944,Customer_02944,Female,23,West,Pune,06-05-2025
2945,Customer_02945,Female,29,West,Jaipur,11-07-2025
2946,Customer_02946,Female,21,North,Kochi,21-11-2025
2947,Customer_02947,Male,25,East,Kochi,24-09-2024
2948,Customer_02948,Male,18,East,Mumbai,31-01-2025
2949,Customer_02949,Male,23,South,Jaipur,15-11-2024
2950,Customer_02950,Female,21,Central,Kolkata,03-06-2025
2951,Customer_02951,Male,27,West,Chennai,24-03-2025
2952,Customer_02952,Female,44,West,Ahmedabad,20-04-2025
2953,Customer_02953,Female,37,West,Pune,12-08-2025
2954,Customer_02954,Female,47,East,Kolkata,27-08-2024
2955,Customer_02955,Male,30,Central,Mumbai,14-09-2024
2956,Customer_02956,Female,25,West,Kochi,08-12-2025
2957,Customer_02957,Other,33,West,Lucknow,04-10-2025
2958,Customer_02958,Female,28,Central,Pune,24-01-2025
2959,Customer_02959,Male,38,South,Lucknow,08-12-2024
2960,Customer_02960,Male,19,West,Mumbai,21-01-2025
2961,Customer_02961,Female,33,North,Kolkata,28-01-2025
2962,Customer_02962,Male,49,South,Kochi,13-11-2025
2963,Customer_02963,Female,25,South,Pune,20-10-2025
2964,Customer_02964,Female,30,Central,Kochi,26-09-2024
2965,Customer_02965,Other,18,Central,Indore,28-05-2024
2966,Customer_02966,Male,45,West,Ahmedabad,14-01-2025
2967,Customer_02967,Female,33,West,Ahmedabad,28-01-2024
2968,Customer_02968,Male,29,East,Pune,28-05-2024
2969,Customer_02969,Male,34,Central,Bengaluru,23-02-2025
2970,Customer_02970,Male,33,East,Kochi,06-10-2024
2971,Customer_02971,Female,27,South,Kochi,30-06-2024
2972,Customer_02972,Female,20,North,Pune,14-06-2024
2973,Customer_02973,Male,36,West,Hyderabad,17-01-2024
2974,Customer_02974,Male,34,West,Pune,29-05-2024
2975,Customer_02975,Female,30,South,Pune,04-12-2024
2976,Customer_02976,Female,31,North,Pune,14-02-2024
2977,Customer_02977,Female,45,West,Indore,16-05-2025
2978,Customer_02978,Other,37,North,Jaipur,07-07-2024
2979,Customer_02979,Female,21,West,Delhi,12-10-2025
2980,Customer_02980,Male,47,Central,Lucknow,01-03-2024
2981,Customer_02981,Male,41,South,Kolkata,20-10-2024
2982,Customer_02982,Female,40,South,Lucknow,02-02-2024
2983,Customer_02983,Female,26,West,Mumbai,25-10-2024
2984,Customer_02984,Male,43,West,Ahmedabad,18-02-2025
2985,Customer_02985,Female,36,East,Bengaluru,15-09-2025
2986,Customer_02986,Male,22,Central,Bengaluru,02-07-2025
2987,Customer_02987,Female,37,North,Chennai,06-03-2025
2988,Customer_02988,Female,44,East,Hyderabad,09-05-2025
2989,Customer_02989,Male,40,West,Hyderabad,09-04-2024
2990,Customer_02990,Male,18,Central,Lucknow,23-01-2024
2991,Customer_02991,Male,38,North,Mumbai,23-02-2025
2992,Customer_02992,Female,30,West,Pune,27-02-2025
2993,Customer_02993,Female,18,East,Kochi,01-05-2025
2994,Customer_02994,Female,40,South,Indore,30-12-2025
2995,Customer_02995,Male,41,North,Pune,29-03-2024
2996,Customer_02996,Male,34,Central,Ahmedabad,27-07-2024
2997,Customer_02997,Male,24,North,Kolkata,27-09-2024
2998,Customer_02998,Male,48,South,Hyderabad,09-02-2025
2999,Customer_02999,Male,39,South,Hyderabad,21-12-2025
3000,Customer_03000,Male,40,Central,Delhi,04-10-2024
3001,Customer_03001,Male,43,West,Hyderabad,24-07-2024
3002,Customer_03002,Female,46,West,Hyderabad,12-08-2025
3003,Customer_03003,Female,37,South,Kochi,23-11-2024
3004,Customer_03004,Male,23,East,Hyderabad,01-09-2025
3005,Customer_03005,Female,27,East,Lucknow,01-12-2024
3006,Customer_03006,Male,29,West,Mumbai,28-08-2025
3007,Customer_03007,Female,46,Central,Kochi,14-08-2025
3008,Customer_03008,Female,36,North,Bengaluru,07-02-2024
3009,Customer_03009,Male,27,West,Lucknow,15-08-2024
3010,Customer_03010,Male,32,North,Kochi,27-04-2025
3011,Customer_03011,Male,47,East,Ahmedabad,13-05-2024
3012,Customer_03012,Female,40,South,Kolkata,08-12-2025
3013,Customer_03013,Female,44,South,Kochi,24-01-2025
3014,Customer_03014,Male,23,South,Ahmedabad,04-09-2025
3015,Customer_03015,Male,32,East,Delhi,28-02-2025
3016,Customer_03016,Female,28,South,Jaipur,09-08-2025
3017,Customer_03017,Male,49,West,Chennai,24-05-2025
3018,Customer_03018,Male,33,South,Kolkata,20-12-2025
3019,Customer_03019,Female,28,North,Delhi,17-08-2025
3020,Customer_03020,Male,18,West,Hyderabad,02-03-2025
3021,Customer_03021,Female,48,South,Lucknow,16-10-2025
3022,Customer_03022,Other,49,South,Indore,18-04-2025
3023,Customer_03023,Male,18,West,Ahmedabad,21-07-2025
3024,Customer_03024,Female,36,South,Jaipur,26-12-2024
3025,Customer_03025,Female,43,North,Jaipur,29-07-2024
3026,Customer_03026,Female,39,South,Kochi,27-06-2024
3027,Customer_03027,Male,30,Central,Ahmedabad,27-02-2024
3028,Customer_03028,Female,25,West,Hyderabad,13-03-2024
3029,Customer_03029,Other,46,West,Mumbai,02-08-2024
3030,Customer_03030,Female,42,West,Chennai,13-03-2024
3031,Customer_03031,Female,40,North,Kolkata,11-04-2025
3032,Customer_03032,Female,46,South,Indore,27-09-2024
3033,Customer_03033,Female,56,West,Ahmedabad,13-05-2025
3034,Customer_03034,Male,31,North,Hyderabad,19-12-2024
3035,Customer_03035,Female,31,South,Chennai,21-08-2024
3036,Customer_03036,Female,30,South,Mumbai,14-11-2024
3037,Customer_03037,Male,25,South,Kolkata,19-01-2024
3038,Customer_03038,Male,46,Central,Pune,16-09-2025
3039,Customer_03039,Female,47,North,Indore,28-07-2025
3040,Customer_03040,Male,45,East,Hyderabad,06-01-2025
3041,Customer_03041,Male,51,North,Lucknow,02-07-2024
3042,Customer_03042,Male,35,Central,Bengaluru,03-10-2024
3043,Customer_03043,Other,38,North,Chennai,04-11-2025
3044,Customer_03044,Male,41,South,Chennai,24-05-2024
3045,Customer_03045,Female,30,West,Hyderabad,19-10-2025
3046,Customer_03046,Male,23,West,Lucknow,21-03-2024
3047,Customer_03047,Female,35,South,Indore,17-11-2024
3048,Customer_03048,Female,29,South,Indore,10-03-2025
3049,Customer_03049,Female,56,South,Delhi,12-02-2024
3050,Customer_03050,Female,19,South,Indore,08-11-2024
3051,Customer_03051,Female,33,North,Jaipur,19-10-2024
3052,Customer_03052,Female,37,East,Jaipur,18-11-2025
3053,Customer_03053,Male,26,South,Chennai,09-03-2024
3054,Customer_03054,Female,29,South,Kolkata,25-02-2024
3055,Customer_03055,Male,35,West,Lucknow,22-09-2025
3056,Customer_03056,Male,22,Central,Bengaluru,22-07-2024
3057,Customer_03057,Female,38,East,Hyderabad,23-02-2025
3058,Customer_03058,Female,50,North,Indore,20-07-2025
3059,Customer_03059,Male,30,North,Bengaluru,03-07-2025
3060,Customer_03060,Female,42,Central,Delhi,30-08-2024
3061,Customer_03061,Female,51,South,Pune,19-07-2024
3062,Customer_03062,Male,44,North,Mumbai,18-04-2025
3063,Customer_03063,Male,27,East,Bengaluru,10-06-2025
3064,Customer_03064,Other,19,East,Kolkata,17-10-2025
3065,Customer_03065,Female,31,West,Ahmedabad,17-03-2024
3066,Customer_03066,Male,35,South,Jaipur,22-04-2025
3067,Customer_03067,Female,18,North,Lucknow,15-03-2025
3068,Customer_03068,Female,34,Central,Indore,19-09-2024
3069,Customer_03069,Female,26,South,Kochi,03-07-2024
3070,Customer_03070,Female,33,West,Ahmedabad,24-02-2024
3071,Customer_03071,Female,31,West,Bengaluru,03-11-2024
3072,Customer_03072,Female,32,East,Mumbai,30-05-2025
3073,Customer_03073,Female,42,South,Hyderabad,25-10-2024
3074,Customer_03074,Other,24,South,Hyderabad,05-07-2025
3075,Customer_03075,Female,18,East,Pune,17-08-2024
3076,Customer_03076,Female,42,Central,Mumbai,11-01-2025
3077,Customer_03077,Female,40,Central,Delhi,12-10-2024
3078,Customer_03078,Male,39,North,Kochi,17-05-2024
3079,Customer_03079,Female,25,North,Indore,22-04-2025
3080,Customer_03080,Male,40,Central,Ahmedabad,06-09-2025
3081,Customer_03081,Male,21,West,Chennai,07-01-2024
3082,Customer_03082,Female,31,Central,Indore,06-11-2025
3083,Customer_03083,Female,49,North,Lucknow,22-02-2025
3084,Customer_03084,Female,40,East,Pune,16-04-2025
3085,Customer_03085,Female,33,West,Jaipur,23-02-2025
3086,Customer_03086,Male,33,West,Lucknow,02-10-2024
3087,Customer_03087,Other,23,South,Lucknow,14-07-2025
3088,Customer_03088,Male,50,North,Bengaluru,30-08-2025
3089,Customer_03089,Female,44,East,Mumbai,24-07-2025
3090,Customer_03090,Male,42,South,Chennai,19-11-2025
3091,Customer_03091,Female,33,East,Bengaluru,30-03-2024
3092,Customer_03092,Male,30,Central,Ahmedabad,08-10-2024
3093,Customer_03093,Female,26,South,Bengaluru,01-07-2025
3094,Customer_03094,Male,48,West,Delhi,19-06-2024
3095,Customer_03095,Male,18,North,Mumbai,29-09-2025
3096,Customer_03096,Male,40,West,Delhi,20-12-2024
3097,Customer_03097,Female,18,Central,Delhi,22-07-2024
3098,Customer_03098,Female,32,North,Pune,15-10-2024
3099,Customer_03099,Male,34,North,Kochi,06-04-2025
3100,Customer_03100,Female,21,South,Indore,31-08-2025
3101,Customer_03101,Female,25,North,Indore,21-06-2024
3102,Customer_03102,Male,41,West,Kochi,27-10-2024
3103,Customer_03103,Male,49,Central,Kochi,22-08-2025
3104,Customer_03104,Male,37,South,Jaipur,12-06-2025
3105,Customer_03105,Male,27,South,Mumbai,19-05-2024
3106,Customer_03106,Male,24,South,Hyderabad,04-10-2024
3107,Customer_03107,Male,27,West,Ahmedabad,24-10-2025
3108,Customer_03108,Male,34,North,Kolkata,25-05-2025
3109,Customer_03109,Female,37,East,Bengaluru,11-12-2024
3110,Customer_03110,Female,46,East,Chennai,19-05-2024
3111,Customer_03111,Female,33,West,Indore,23-04-2024
3112,Customer_03112,Female,27,South,Indore,02-08-2025
3113,Customer_03113,Male,23,West,Kochi,21-05-2025
3114,Customer_03114,Male,32,North,Delhi,31-12-2024
3115,Customer_03115,Male,18,North,Jaipur,21-11-2025
3116,Customer_03116,Female,28,Central,Delhi,28-09-2025
3117,Customer_03117,Female,21,West,Chennai,31-01-2025
3118,Customer_03118,Male,31,North,Ahmedabad,20-10-2025
3119,Customer_03119,Male,39,South,Mumbai,20-04-2024
3120,Customer_03120,Female,38,South,Pune,23-12-2024
3121,Customer_03121,Female,41,South,Pune,25-08-2024
3122,Customer_03122,Male,25,South,Kolkata,03-01-2024
3123,Customer_03123,Male,48,North,Jaipur,23-12-2025
3124,Customer_03124,Female,41,East,Lucknow,07-02-2025
3125,Customer_03125,Male,40,West,Mumbai,25-01-2024
3126,Customer_03126,Female,45,East,Chennai,23-05-2025
3127,Customer_03127,Female,36,West,Chennai,26-11-2025
3128,Customer_03128,Female,33,North,Chennai,09-04-2025
3129,Customer_03129,Male,47,Central,Pune,01-03-2024
3130,Customer_03130,Male,26,West,Hyderabad,22-05-2025
3131,Customer_03131,Male,32,West,Jaipur,02-05-2024
3132,Customer_03132,Female,46,West,Indore,11-05-2025
3133,Customer_03133,Female,32,Central,Mumbai,24-02-2024
3134,Customer_03134,Other,28,East,Pune,11-06-2024
3135,Customer_03135,Female,25,North,Delhi,29-11-2025
3136,Customer_03136,Female,36,East,Kolkata,08-02-2024
3137,Customer_03137,Male,30,West,Ahmedabad,27-11-2025
3138,Customer_03138,Male,39,West,Delhi,23-03-2024
3139,Customer_03139,Male,50,East,Kochi,07-12-2025
3140,Customer_03140,Male,45,North,Pune,29-06-2025
3141,Customer_03141,Female,18,South,Indore,22-04-2024
3142,Customer_03142,Female,41,Central,Indore,28-02-2025
3143,Customer_03143,Male,42,East,Kochi,17-08-2024
3144,Customer_03144,Male,31,East,Kolkata,09-10-2024
3145,Customer_03145,Male,46,South,Indore,13-10-2024
3146,Customer_03146,Male,37,South,Kochi,03-06-2024
3147,Customer_03147,Female,18,Central,Kolkata,13-06-2024
3148,Customer_03148,Female,35,West,Jaipur,30-06-2024
3149,Customer_03149,Male,31,West,Ahmedabad,26-08-2024
3150,Customer_03150,Female,28,East,Mumbai,10-10-2025
3151,Customer_03151,Male,38,West,Delhi,04-12-2024
3152,Customer_03152,Male,41,South,Jaipur,26-05-2025
3153,Customer_03153,Female,41,West,Lucknow,22-09-2024
3154,Customer_03154,Male,41,South,Kolkata,05-07-2024
3155,Customer_03155,Male,22,South,Kolkata,09-02-2024
3156,Customer_03156,Male,23,West,Hyderabad,07-05-2025
3157,Customer_03157,Male,37,Central,Bengaluru,09-11-2025
3158,Customer_03158,Male,45,North,Hyderabad,25-01-2025
3159,Customer_03159,Male,38,West,Delhi,16-09-2024
3160,Customer_03160,Male,18,South,Delhi,16-10-2025
3161,Customer_03161,Female,39,South,Chennai,16-12-2025
3162,Customer_03162,Male,18,North,Chennai,24-06-2024
3163,Customer_03163,Male,41,South,Indore,24-11-2024
3164,Customer_03164,Male,28,East,Hyderabad,18-07-2024
3165,Customer_03165,Female,37,North,Kolkata,11-12-2025
3166,Customer_03166,Male,55,East,Pune,14-07-2024
3167,Customer_03167,Female,30,Central,Ahmedabad,11-08-2025
3168,Customer_03168,Male,26,North,Delhi,14-06-2025
3169,Customer_03169,Female,30,West,Hyderabad,02-03-2024
3170,Customer_03170,Male,19,South,Indore,22-11-2024
3171,Customer_03171,Male,24,West,Mumbai,07-10-2024
3172,Customer_03172,Female,45,South,Jaipur,14-08-2024
3173,Customer_03173,Female,18,North,Kochi,30-09-2025
3174,Customer_03174,Female,28,North,Kolkata,27-02-2024
3175,Customer_03175,Male,36,North,Bengaluru,21-04-2025
3176,Customer_03176,Male,30,North,Mumbai,10-01-2025
3177,Customer_03177,Female,47,West,Bengaluru,16-12-2025
3178,Customer_03178,Female,32,Central,Delhi,30-08-2024
3179,Customer_03179,Female,31,West,Bengaluru,01-01-2025
3180,Customer_03180,Female,35,West,Delhi,14-05-2025
3181,Customer_03181,Male,37,North,Lucknow,08-09-2024
3182,Customer_03182,Male,34,South,Kolkata,17-11-2024
3183,Customer_03183,Female,33,South,Ahmedabad,10-01-2025
3184,Customer_03184,Female,18,South,Kochi,12-02-2025
3185,Customer_03185,Female,23,East,Pune,11-12-2025
3186,Customer_03186,Female,40,East,Lucknow,02-05-2025
3187,Customer_03187,Female,44,South,Jaipur,08-12-2024
3188,Customer_03188,Female,47,South,Pune,27-08-2024
3189,Customer_03189,Female,20,West,Lucknow,18-05-2024
3190,Customer_03190,Female,26,West,Lucknow,01-05-2024
3191,Customer_03191,Male,49,South,Mumbai,23-02-2025
3192,Customer_03192,Female,30,Central,Hyderabad,14-07-2025
3193,Customer_03193,Female,40,Central,Jaipur,30-10-2024
3194,Customer_03194,Male,68,South,Mumbai,24-04-2024
3195,Customer_03195,Female,44,South,Hyderabad,08-12-2024
3196,Customer_03196,Male,32,East,Indore,07-09-2024
3197,Customer_03197,Female,33,Central,Lucknow,07-01-2024
3198,Customer_03198,Female,39,Central,Bengaluru,11-08-2025
3199,Customer_03199,Female,18,North,Indore,27-06-2024
3200,Customer_03200,Female,38,South,Mumbai,24-05-2024
3201,Customer_03201,Male,31,East,Ahmedabad,19-02-2025
3202,Customer_03202,Male,33,East,Ahmedabad,27-10-2025
3203,Customer_03203,Female,35,North,Bengaluru,30-04-2024
3204,Customer_03204,Male,50,Central,Pune,03-05-2024
3205,Customer_03205,Female,37,West,Bengaluru,29-05-2024
3206,Customer_03206,Male,36,West,Kolkata,31-01-2025
3207,Customer_03207,Female,41,Central,Kochi,15-01-2025
3208,Customer_03208,Male,35,West,Lucknow,01-01-2024
3209,Customer_03209,Female,41,South,Lucknow,03-11-2025
3210,Customer_03210,Female,33,East,Mumbai,31-08-2024
3211,Customer_03211,Male,46,North,Ahmedabad,01-02-2025
3212,Customer_03212,Female,47,West,Mumbai,07-09-2024
3213,Customer_03213,Female,41,North,Kochi,29-07-2025
3214,Customer_03214,Female,18,West,Pune,25-10-2024
3215,Customer_03215,Male,36,South,Hyderabad,23-10-2024
3216,Customer_03216,Female,18,North,Ahmedabad,14-05-2025
3217,Customer_03217,Male,38,North,Kolkata,24-04-2024
3218,Customer_03218,Male,50,North,Hyderabad,01-01-2024
3219,Customer_03219,Female,45,West,Kolkata,06-07-2025
3220,Customer_03220,Male,31,West,Lucknow,15-11-2025
3221,Customer_03221,Female,32,East,Chennai,22-08-2025
3222,Customer_03222,Female,18,North,Bengaluru,26-04-2025
3223,Customer_03223,Female,34,North,Hyderabad,01-09-2025
3224,Customer_03224,Male,32,North,Bengaluru,22-08-2025
3225,Customer_03225,Female,21,North,Pune,24-05-2025
3226,Customer_03226,Female,24,Central,Bengaluru,30-11-2024
3227,Customer_03227,Female,22,South,Pune,09-04-2025
3228,Customer_03228,Female,55,South,Indore,20-05-2024
3229,Customer_03229,Male,35,North,Ahmedabad,05-08-2025
3230,Customer_03230,Female,42,South,Ahmedabad,16-05-2024
3231,Customer_03231,Female,43,East,Pune,02-09-2025
3232,Customer_03232,Female,50,East,Chennai,24-10-2025
3233,Customer_03233,Female,50,South,Delhi,17-11-2025
3234,Customer_03234,Male,43,North,Pune,15-06-2024
3235,Customer_03235,Male,19,South,Chennai,08-12-2024
3236,Customer_03236,Female,44,South,Kochi,13-02-2025
3237,Customer_03237,Male,30,South,Delhi,05-03-2024
3238,Customer_03238,Male,21,Central,Pune,03-08-2025
3239,Customer_03239,Female,30,East,Jaipur,07-03-2024
3240,Customer_03240,Female,36,East,Jaipur,08-03-2025
3241,Customer_03241,Male,18,South,Ahmedabad,19-02-2024
3242,Customer_03242,Other,38,South,Kochi,09-11-2024
3243,Customer_03243,Male,45,East,Hyderabad,04-11-2024
3244,Customer_03244,Female,35,West,Jaipur,25-08-2025
3245,Customer_03245,Female,23,West,Chennai,24-04-2024
3246,Customer_03246,Male,40,North,Lucknow,22-07-2025
3247,Customer_03247,Female,34,East,Mumbai,07-12-2024
3248,Customer_03248,Male,51,South,Ahmedabad,13-06-2025
3249,Customer_03249,Male,18,Central,Ahmedabad,03-10-2025
3250,Customer_03250,Female,18,West,Jaipur,09-05-2025
3251,Customer_03251,Female,33,East,Bengaluru,25-09-2024
3252,Customer_03252,Female,29,North,Kochi,20-03-2024
3253,Customer_03253,Male,37,East,Delhi,31-03-2025
3254,Customer_03254,Male,38,North,Kochi,25-10-2024
3255,Customer_03255,Male,49,South,Bengaluru,20-07-2024
3256,Customer_03256,Female,32,North,Pune,17-05-2025
3257,Customer_03257,Female,38,West,Hyderabad,01-11-2025
3258,Customer_03258,Other,21,North,Kochi,16-12-2025
3259,Customer_03259,Female,59,South,Mumbai,10-10-2025
3260,Customer_03260,Female,45,Central,Bengaluru,29-04-2025
3261,Customer_03261,Other,43,North,Kolkata,07-08-2025
3262,Customer_03262,Male,26,East,Ahmedabad,13-07-2025
3263,Customer_03263,Male,48,South,Bengaluru,18-01-2024
3264,Customer_03264,Male,44,North,Jaipur,22-04-2025
3265,Customer_03265,Male,40,West,Lucknow,02-05-2025
3266,Customer_03266,Female,33,North,Hyderabad,21-03-2025
3267,Customer_03267,Male,23,East,Bengaluru,05-12-2024
3268,Customer_03268,Male,33,East,Mumbai,14-06-2025
3269,Customer_03269,Male,26,East,Bengaluru,03-09-2025
3270,Customer_03270,Male,38,West,Hyderabad,25-04-2024
3271,Customer_03271,Male,23,South,Ahmedabad,14-03-2024
3272,Customer_03272,Male,27,North,Hyderabad,25-09-2024
3273,Customer_03273,Male,18,West,Chennai,28-09-2025
3274,Customer_03274,Male,39,East,Lucknow,25-04-2024
3275,Customer_03275,Female,38,West,Pune,16-11-2025
3276,Customer_03276,Male,29,West,Kolkata,23-11-2025
3277,Customer_03277,Female,18,West,Mumbai,30-10-2025
3278,Customer_03278,Female,18,East,Indore,12-06-2024
3279,Customer_03279,Male,35,South,Lucknow,05-08-2025
3280,Customer_03280,Female,44,West,Kolkata,09-08-2024
3281,Customer_03281,Male,24,East,Ahmedabad,05-05-2024
3282,Customer_03282,Male,46,North,Kochi,18-10-2025
3283,Customer_03283,Female,51,Central,Mumbai,24-06-2024
3284,Customer_03284,Female,39,Central,Chennai,25-10-2025
3285,Customer_03285,Female,44,East,Hyderabad,24-11-2025
3286,Customer_03286,Female,23,North,Jaipur,09-01-2025
3287,Customer_03287,Male,18,South,Ahmedabad,12-05-2025
3288,Customer_03288,Male,53,West,Mumbai,25-03-2024
3289,Customer_03289,Female,24,Central,Delhi,17-01-2025
3290,Customer_03290,Female,46,North,Hyderabad,24-09-2025
3291,Customer_03291,Male,38,North,Hyderabad,02-10-2025
3292,Customer_03292,Female,52,Central,Pune,07-04-2025
3293,Customer_03293,Male,42,South,Pune,26-03-2025
3294,Customer_03294,Female,22,East,Jaipur,01-06-2025
3295,Customer_03295,Female,31,Central,Indore,25-11-2025
3296,Customer_03296,Female,41,North,Chennai,03-07-2025
3297,Customer_03297,Female,29,West,Mumbai,25-04-2024
3298,Customer_03298,Male,44,North,Pune,05-09-2025
3299,Customer_03299,Male,35,South,Ahmedabad,08-01-2024
3300,Customer_03300,Male,45,West,Indore,05-08-2024
3301,Customer_03301,Female,45,South,Kolkata,19-12-2025
3302,Customer_03302,Female,37,Central,Lucknow,12-08-2025
3303,Customer_03303,Female,33,East,Kochi,07-02-2025
3304,Customer_03304,Male,29,South,Mumbai,20-07-2025
3305,Customer_03305,Male,23,South,Hyderabad,30-10-2024
3306,Customer_03306,Female,51,South,Delhi,11-04-2025
3307,Customer_03307,Female,35,South,Pune,28-03-2024
3308,Customer_03308,Male,32,North,Delhi,10-01-2024
3309,Customer_03309,Female,32,South,Chennai,03-11-2024
3310,Customer_03310,Male,33,East,Kochi,09-03-2025
3311,Customer_03311,Female,29,West,Kolkata,12-06-2024
3312,Customer_03312,Female,28,West,Chennai,26-08-2024
3313,Customer_03313,Male,20,West,Chennai,12-11-2024
3314,Customer_03314,Male,34,North,Bengaluru,17-10-2025
3315,Customer_03315,Male,47,South,Hyderabad,30-11-2024
3316,Customer_03316,Male,27,West,Delhi,18-01-2024
3317,Customer_03317,Female,40,East,Lucknow,11-03-2024
3318,Customer_03318,Male,40,North,Kochi,23-06-2024
3319,Customer_03319,Male,38,West,Ahmedabad,04-12-2024
3320,Customer_03320,Female,53,West,Mumbai,04-09-2024
3321,Customer_03321,Female,40,East,Pune,11-07-2024
3322,Customer_03322,Male,35,North,Kochi,22-02-2025
3323,Customer_03323,Female,37,West,Bengaluru,20-11-2024
3324,Customer_03324,Female,42,East,Jaipur,01-11-2024
3325,Customer_03325,Male,51,West,Jaipur,22-07-2024
3326,Customer_03326,Female,32,West,Delhi,02-05-2024
3327,Customer_03327,Female,36,West,Indore,23-07-2025
3328,Customer_03328,Male,65,East,Lucknow,22-03-2025
3329,Customer_03329,Female,34,North,Indore,13-12-2025
3330,Customer_03330,Female,33,West,Ahmedabad,05-05-2025
3331,Customer_03331,Female,26,East,Bengaluru,08-03-2025
3332,Customer_03332,Female,35,West,Kochi,15-09-2025
3333,Customer_03333,Female,33,North,Bengaluru,07-05-2024
3334,Customer_03334,Female,38,North,Pune,01-07-2025
3335,Customer_03335,Female,37,Central,Bengaluru,16-02-2024
3336,Customer_03336,Male,18,West,Hyderabad,19-05-2025
3337,Customer_03337,Male,21,Central,Kochi,24-04-2024
3338,Customer_03338,Male,32,West,Bengaluru,19-02-2025
3339,Customer_03339,Male,30,East,Bengaluru,10-08-2024
3340,Customer_03340,Male,24,West,Chennai,27-09-2025
3341,Customer_03341,Male,18,Central,Pune,17-05-2025
3342,Customer_03342,Female,50,East,Lucknow,02-11-2025
3343,Customer_03343,Female,50,West,Mumbai,05-04-2024
3344,Customer_03344,Female,42,North,Ahmedabad,16-04-2024
3345,Customer_03345,Other,28,East,Bengaluru,23-09-2025
3346,Customer_03346,Other,49,West,Kochi,04-09-2025
3347,Customer_03347,Female,27,South,Mumbai,06-09-2025
3348,Customer_03348,Male,38,North,Delhi,08-11-2025
3349,Customer_03349,Male,26,South,Chennai,28-11-2025
3350,Customer_03350,Female,34,South,Chennai,01-02-2024
3351,Customer_03351,Male,39,South,Pune,07-05-2025
3352,Customer_03352,Female,19,South,Delhi,06-03-2024
3353,Customer_03353,Male,30,Central,Kochi,27-06-2024
3354,Customer_03354,Male,37,East,Lucknow,18-03-2025
3355,Customer_03355,Male,21,North,Kolkata,02-07-2025
3356,Customer_03356,Female,25,North,Indore,19-07-2024
3357,Customer_03357,Female,37,West,Ahmedabad,18-02-2024
3358,Customer_03358,Female,29,South,Delhi,10-11-2025
3359,Customer_03359,Male,22,West,Jaipur,19-09-2024
3360,Customer_03360,Female,34,West,Pune,12-05-2024
3361,Customer_03361,Female,38,West,Indore,09-12-2024
3362,Customer_03362,Female,56,South,Ahmedabad,24-06-2024
3363,Customer_03363,Male,35,West,Jaipur,25-01-2025
3364,Customer_03364,Male,34,South,Hyderabad,11-01-2024
3365,Customer_03365,Male,31,Central,Chennai,19-07-2024
3366,Customer_03366,Female,45,West,Kolkata,03-01-2024
3367,Customer_03367,Male,37,South,Kochi,01-08-2024
3368,Customer_03368,Male,42,South,Bengaluru,02-11-2024
3369,Customer_03369,Male,36,North,Indore,27-06-2025
3370,Customer_03370,Female,43,West,Lucknow,13-07-2025
3371,Customer_03371,Female,38,South,Kolkata,22-11-2024
3372,Customer_03372,Female,20,East,Kolkata,17-07-2024
3373,Customer_03373,Female,31,South,Mumbai,23-08-2025
3374,Customer_03374,Male,31,West,Jaipur,18-04-2024
3375,Customer_03375,Male,38,West,Kolkata,17-10-2024
3376,Customer_03376,Male,36,West,Indore,17-04-2024
3377,Customer_03377,Male,47,West,Indore,11-02-2025
3378,Customer_03378,Female,38,North,Kochi,05-07-2025
3379,Customer_03379,Female,39,North,Lucknow,21-02-2024
3380,Customer_03380,Female,24,West,Chennai,21-04-2024
3381,Customer_03381,Male,36,South,Kolkata,21-10-2024
3382,Customer_03382,Male,32,South,Kolkata,02-08-2025
3383,Customer_03383,Male,18,North,Pune,07-07-2024
3384,Customer_03384,Female,21,South,Delhi,21-12-2025
3385,Customer_03385,Male,41,North,Ahmedabad,05-03-2024
3386,Customer_03386,Male,41,Central,Indore,27-07-2025
3387,Customer_03387,Female,28,South,Bengaluru,09-04-2025
3388,Customer_03388,Other,28,East,Ahmedabad,14-09-2024
3389,Customer_03389,Male,23,North,Chennai,07-10-2025
3390,Customer_03390,Male,44,West,Kolkata,25-09-2025
3391,Customer_03391,Male,26,South,Mumbai,26-11-2024
3392,Customer_03392,Female,28,Central,Kolkata,15-05-2025
3393,Customer_03393,Male,44,Central,Jaipur,13-11-2025
3394,Customer_03394,Female,44,South,Kolkata,28-07-2024
3395,Customer_03395,Female,32,Central,Hyderabad,29-03-2024
3396,Customer_03396,Male,34,Central,Jaipur,09-11-2025
3397,Customer_03397,Male,39,West,Kolkata,28-01-2024
3398,Customer_03398,Male,30,West,Bengaluru,25-08-2024
3399,Customer_03399,Male,33,South,Chennai,01-12-2024
3400,Customer_03400,Male,32,East,Lucknow,03-03-2024
3401,Customer_03401,Female,41,North,Kochi,06-07-2025
3402,Customer_03402,Female,48,North,Bengaluru,14-05-2025
3403,Customer_03403,Male,45,Central,Kolkata,24-06-2025
3404,Customer_03404,Female,44,South,Jaipur,13-04-2025
3405,Customer_03405,Male,23,West,Delhi,14-08-2025
3406,Customer_03406,Female,47,West,Mumbai,20-02-2024
3407,Customer_03407,Female,27,Central,Pune,21-04-2024
3408,Customer_03408,Female,18,Central,Ahmedabad,27-10-2024
3409,Customer_03409,Male,26,South,Ahmedabad,30-03-2024
3410,Customer_03410,Female,33,North,Ahmedabad,16-08-2024
3411,Customer_03411,Female,18,South,Chennai,29-05-2024
3412,Customer_03412,Male,41,North,Lucknow,17-05-2024
3413,Customer_03413,Female,42,North,Indore,14-05-2024
3414,Customer_03414,Female,30,South,Pune,01-04-2025
3415,Customer_03415,Male,22,West,Indore,23-08-2025
3416,Customer_03416,Male,43,East,Bengaluru,08-05-2025
3417,Customer_03417,Female,25,South,Pune,10-06-2025
3418,Customer_03418,Male,18,West,Chennai,28-11-2024
3419,Customer_03419,Male,33,South,Mumbai,27-12-2024
3420,Customer_03420,Male,34,North,Ahmedabad,22-06-2024
3421,Customer_03421,Male,37,West,Delhi,24-08-2025
3422,Customer_03422,Male,42,East,Bengaluru,31-07-2024
3423,Customer_03423,Male,43,West,Lucknow,08-12-2024
3424,Customer_03424,Male,21,North,Mumbai,01-03-2024
3425,Customer_03425,Female,18,West,Bengaluru,01-03-2024
3426,Customer_03426,Male,39,East,Bengaluru,08-11-2025
3427,Customer_03427,Male,34,East,Mumbai,07-06-2025
3428,Customer_03428,Male,29,East,Kolkata,03-08-2024
3429,Customer_03429,Male,33,Central,Kochi,11-08-2025
3430,Customer_03430,Male,26,East,Hyderabad,15-09-2025
3431,Customer_03431,Male,51,East,Kochi,31-07-2025
3432,Customer_03432,Female,18,Central,Pune,24-11-2025
3433,Customer_03433,Male,38,West,Lucknow,26-02-2025
3434,Customer_03434,Male,21,South,Hyderabad,16-12-2025
3435,Customer_03435,Female,27,West,Mumbai,26-02-2025
3436,Customer_03436,Male,30,South,Indore,05-01-2025
3437,Customer_03437,Female,24,South,Delhi,24-07-2024
3438,Customer_03438,Female,32,East,Ahmedabad,12-10-2024
3439,Customer_03439,Male,18,Central,Bengaluru,14-04-2024
3440,Customer_03440,Other,19,Central,Kolkata,18-11-2025
3441,Customer_03441,Female,18,South,Mumbai,23-12-2025
3442,Customer_03442,Male,22,East,Hyderabad,26-06-2025
3443,Customer_03443,Female,26,South,Pune,29-08-2024
3444,Customer_03444,Female,34,Central,Bengaluru,05-05-2025
3445,Customer_03445,Female,28,Central,Mumbai,26-10-2025
3446,Customer_03446,Female,25,West,Pune,08-12-2025
3447,Customer_03447,Female,29,West,Mumbai,12-05-2025
3448,Customer_03448,Male,27,West,Indore,10-03-2025
3449,Customer_03449,Male,30,East,Chennai,28-04-2025
3450,Customer_03450,Male,31,North,Mumbai,22-03-2025
3451,Customer_03451,Male,26,East,Indore,18-01-2025
3452,Customer_03452,Other,18,West,Kolkata,24-05-2025
3453,Customer_03453,Male,34,West,Kolkata,18-06-2024
3454,Customer_03454,Female,42,South,Indore,18-11-2024
3455,Customer_03455,Male,23,Central,Hyderabad,18-04-2025
3456,Customer_03456,Male,33,North,Pune,19-08-2024
3457,Customer_03457,Female,30,East,Mumbai,26-11-2025
3458,Customer_03458,Male,40,West,Kolkata,24-12-2024
3459,Customer_03459,Female,25,West,Hyderabad,01-10-2024
3460,Customer_03460,Male,32,West,Kochi,01-02-2024
3461,Customer_03461,Male,33,South,Mumbai,25-06-2024
3462,Customer_03462,Male,37,North,Indore,05-03-2024
3463,Customer_03463,Male,23,West,Kochi,10-12-2025
3464,Customer_03464,Male,37,East,Bengaluru,27-01-2024
3465,Customer_03465,Male,29,North,Ahmedabad,24-10-2025
3466,Customer_03466,Female,39,West,Ahmedabad,23-04-2025
3467,Customer_03467,Male,30,East,Lucknow,24-09-2024
3468,Customer_03468,Male,47,West,Jaipur,19-08-2025
3469,Customer_03469,Female,18,West,Jaipur,06-03-2024
3470,Customer_03470,Male,39,North,Lucknow,12-05-2024
3471,Customer_03471,Male,37,North,Bengaluru,31-12-2024
3472,Customer_03472,Female,39,West,Kolkata,22-03-2024
3473,Customer_03473,Female,45,East,Kolkata,23-11-2024
3474,Customer_03474,Female,18,West,Delhi,07-04-2024
3475,Customer_03475,Female,56,West,Pune,07-08-2025
3476,Customer_03476,Male,39,West,Hyderabad,22-11-2024
3477,Customer_03477,Male,53,Central,Pune,25-06-2025
3478,Customer_03478,Male,53,East,Hyderabad,04-05-2024
3479,Customer_03479,Female,38,East,Chennai,28-07-2024
3480,Customer_03480,Male,37,South,Delhi,25-12-2025
3481,Customer_03481,Female,41,North,Pune,12-05-2024
3482,Customer_03482,Female,18,East,Lucknow,17-05-2025
3483,Customer_03483,Male,33,South,Lucknow,05-06-2024
3484,Customer_03484,Male,44,Central,Chennai,12-07-2025
3485,Customer_03485,Male,49,East,Chennai,16-01-2025
3486,Customer_03486,Male,31,East,Mumbai,22-01-2024
3487,Customer_03487,Male,38,South,Kochi,17-08-2025
3488,Customer_03488,Male,40,North,Bengaluru,22-02-2025
3489,Customer_03489,Female,33,North,Kolkata,16-04-2025
3490,Customer_03490,Female,25,South,Kochi,21-08-2024
3491,Customer_03491,Female,27,North,Indore,25-07-2025
3492,Customer_03492,Female,24,East,Ahmedabad,29-03-2025
3493,Customer_03493,Male,19,Central,Chennai,30-11-2025
3494,Customer_03494,Male,32,Central,Jaipur,23-07-2025
3495,Customer_03495,Male,56,West,Hyderabad,10-06-2024
3496,Customer_03496,Male,36,South,Mumbai,27-10-2024
3497,Customer_03497,Female,31,Central,Ahmedabad,01-11-2024
3498,Customer_03498,Female,38,Central,Chennai,02-01-2024
3499,Customer_03499,Male,26,North,Bengaluru,27-09-2024
3500,Customer_03500,Male,18,West,Kochi,24-02-2025
3501,Customer_03501,Male,27,South,Jaipur,22-05-2024
3502,Customer_03502,Male,23,West,Hyderabad,30-11-2025
3503,Customer_03503,Female,18,Central,Mumbai,22-11-2025
3504,Customer_03504,Female,28,North,Delhi,18-06-2025
3505,Customer_03505,Female,39,Central,Kolkata,06-02-2024
3506,Customer_03506,Female,38,East,Delhi,16-04-2024
3507,Customer_03507,Male,37,Central,Lucknow,23-10-2024
3508,Customer_03508,Female,51,East,Bengaluru,06-04-2024
3509,Customer_03509,Female,28,West,Bengaluru,07-10-2024
3510,Customer_03510,Male,38,North,Kochi,19-04-2024
3511,Customer_03511,Male,30,South,Hyderabad,02-07-2025
3512,Customer_03512,Female,48,North,Kolkata,05-07-2025
3513,Customer_03513,Male,26,Central,Jaipur,19-08-2025
3514,Customer_03514,Female,41,West,Indore,06-07-2024
3515,Customer_03515,Male,36,Central,Kochi,02-05-2025
3516,Customer_03516,Female,46,Central,Bengaluru,19-12-2024
3517,Customer_03517,Female,34,North,Kolkata,19-01-2024
3518,Customer_03518,Female,32,South,Ahmedabad,27-01-2025
3519,Customer_03519,Female,30,North,Mumbai,17-09-2024
3520,Customer_03520,Female,32,South,Delhi,13-02-2025
3521,Customer_03521,Female,18,South,Jaipur,06-02-2025
3522,Customer_03522,Male,29,East,Delhi,31-10-2025
3523,Customer_03523,Male,28,South,Pune,28-04-2025
3524,Customer_03524,Male,23,North,Ahmedabad,30-10-2024
3525,Customer_03525,Male,28,North,Kochi,15-09-2025
3526,Customer_03526,Female,25,North,Bengaluru,17-10-2025
3527,Customer_03527,Female,29,Central,Hyderabad,18-01-2024
3528,Customer_03528,Male,40,West,Kolkata,02-07-2024
3529,Customer_03529,Male,40,Central,Hyderabad,08-02-2025
3530,Customer_03530,Male,50,South,Delhi,10-05-2024
3531,Customer_03531,Male,37,South,Chennai,23-04-2025
3532,Customer_03532,Male,19,West,Bengaluru,08-01-2024
3533,Customer_03533,Female,31,South,Kochi,05-12-2025
3534,Customer_03534,Female,28,South,Delhi,13-11-2024
3535,Customer_03535,Female,24,South,Lucknow,25-01-2025
3536,Customer_03536,Male,45,North,Lucknow,02-06-2025
3537,Customer_03537,Male,39,South,Kochi,15-05-2024
3538,Customer_03538,Female,35,South,Lucknow,14-06-2025
3539,Customer_03539,Male,19,West,Kolkata,12-10-2025
3540,Customer_03540,Male,33,North,Delhi,01-01-2025
3541,Customer_03541,Male,57,South,Lucknow,03-05-2025
3542,Customer_03542,Female,26,West,Hyderabad,19-11-2025
3543,Customer_03543,Female,32,North,Indore,11-01-2024
3544,Customer_03544,Female,48,South,Kochi,06-07-2025
3545,Customer_03545,Male,30,Central,Delhi,21-03-2025
3546,Customer_03546,Female,29,North,Lucknow,23-04-2024
3547,Customer_03547,Female,32,North,Indore,22-11-2025
3548,Customer_03548,Male,37,East,Pune,06-12-2025
3549,Customer_03549,Other,25,South,Indore,14-07-2024
3550,Customer_03550,Female,43,East,Chennai,18-11-2024
3551,Customer_03551,Female,30,West,Delhi,26-05-2025
3552,Customer_03552,Female,36,North,Bengaluru,19-09-2025
3553,Customer_03553,Male,30,East,Kochi,23-10-2025
3554,Customer_03554,Female,21,East,Lucknow,21-09-2025
3555,Customer_03555,Male,18,North,Pune,13-06-2024
3556,Customer_03556,Female,36,East,Indore,08-09-2024
3557,Customer_03557,Female,18,South,Pune,13-02-2024
3558,Customer_03558,Female,42,East,Pune,14-04-2025
3559,Customer_03559,Male,35,North,Delhi,03-05-2025
3560,Customer_03560,Female,54,East,Ahmedabad,29-06-2024
3561,Customer_03561,Male,28,South,Hyderabad,17-03-2024
3562,Customer_03562,Male,51,West,Kochi,08-01-2025
3563,Customer_03563,Female,31,North,Ahmedabad,19-09-2025
3564,Customer_03564,Male,43,South,Ahmedabad,07-03-2024
3565,Customer_03565,Male,39,East,Chennai,08-06-2025
3566,Customer_03566,Male,18,West,Jaipur,01-04-2024
3567,Customer_03567,Male,66,East,Indore,12-10-2025
3568,Customer_03568,Male,50,West,Jaipur,31-08-2024
3569,Customer_03569,Female,38,West,Kochi,06-12-2024
3570,Customer_03570,Female,47,Central,Delhi,30-10-2024
3571,Customer_03571,Male,37,South,Bengaluru,01-02-2025
3572,Customer_03572,Male,43,East,Hyderabad,03-12-2025
3573,Customer_03573,Male,36,West,Ahmedabad,23-03-2025
3574,Customer_03574,Female,24,Central,Ahmedabad,06-04-2024
3575,Customer_03575,Male,33,Central,Lucknow,26-11-2024
3576,Customer_03576,Male,29,South,Kolkata,23-07-2024
3577,Customer_03577,Male,40,North,Lucknow,24-03-2025
3578,Customer_03578,Male,23,East,Mumbai,21-02-2025
3579,Customer_03579,Female,35,West,Mumbai,10-10-2025
3580,Customer_03580,Male,20,East,Kochi,17-03-2024
3581,Customer_03581,Male,42,East,Ahmedabad,02-07-2025
3582,Customer_03582,Male,22,West,Indore,28-02-2025
3583,Customer_03583,Female,40,South,Lucknow,04-03-2025
3584,Customer_03584,Female,35,Central,Ahmedabad,29-04-2025
3585,Customer_03585,Male,44,South,Bengaluru,14-05-2024
3586,Customer_03586,Male,32,South,Hyderabad,15-10-2025
3587,Customer_03587,Female,42,East,Hyderabad,10-09-2024
3588,Customer_03588,Male,35,West,Lucknow,13-07-2025
3589,Customer_03589,Other,38,North,Hyderabad,11-09-2024
3590,Customer_03590,Male,18,North,Mumbai,07-10-2025
3591,Customer_03591,Male,28,Central,Hyderabad,20-12-2025
3592,Customer_03592,Female,32,North,Ahmedabad,13-05-2025
3593,Customer_03593,Female,48,East,Ahmedabad,04-09-2025
3594,Customer_03594,Other,37,East,Jaipur,28-04-2025
3595,Customer_03595,Female,18,East,Delhi,15-02-2024
3596,Customer_03596,Male,38,West,Ahmedabad,18-03-2025
3597,Customer_03597,Female,25,South,Kolkata,04-08-2025
3598,Customer_03598,Female,26,East,Delhi,09-10-2025
3599,Customer_03599,Female,33,South,Hyderabad,01-08-2025
3600,Customer_03600,Male,37,West,Indore,04-01-2024
3601,Customer_03601,Male,26,North,Lucknow,01-01-2024
3602,Customer_03602,Male,18,East,Mumbai,16-10-2024
3603,Customer_03603,Female,32,North,Ahmedabad,18-04-2024
3604,Customer_03604,Male,32,South,Ahmedabad,28-07-2025
3605,Customer_03605,Male,48,South,Indore,04-04-2025
3606,Customer_03606,Female,34,North,Bengaluru,22-09-2024
3607,Customer_03607,Male,46,West,Kolkata,17-05-2024
3608,Customer_03608,Female,55,South,Hyderabad,09-03-2025
3609,Customer_03609,Female,23,Central,Delhi,13-02-2024
3610,Customer_03610,Male,49,Central,Kolkata,24-05-2025
3611,Customer_03611,Male,43,East,Delhi,18-09-2024
3612,Customer_03612,Male,18,North,Delhi,28-12-2025
3613,Customer_03613,Female,32,South,Lucknow,24-09-2025
3614,Customer_03614,Female,41,West,Kolkata,31-05-2024
3615,Customer_03615,Male,37,South,Hyderabad,31-07-2024
3616,Customer_03616,Male,51,North,Chennai,21-08-2024
3617,Customer_03617,Female,40,East,Pune,14-09-2025
3618,Customer_03618,Male,20,West,Kolkata,26-12-2024
3619,Customer_03619,Female,42,West,Kolkata,15-11-2024
3620,Customer_03620,Female,23,North,Indore,09-08-2024
3621,Customer_03621,Female,28,West,Kolkata,28-07-2024
3622,Customer_03622,Female,45,South,Bengaluru,30-01-2025
3623,Customer_03623,Male,44,South,Pune,05-08-2025
3624,Customer_03624,Male,34,Central,Jaipur,03-05-2025
3625,Customer_03625,Female,27,South,Kolkata,23-08-2025
3626,Customer_03626,Male,32,South,Kolkata,08-04-2025
3627,Customer_03627,Female,33,North,Bengaluru,30-11-2025
3628,Customer_03628,Other,28,Central,Kolkata,15-09-2025
3629,Customer_03629,Female,45,West,Jaipur,27-03-2025
3630,Customer_03630,Female,30,East,Mumbai,16-02-2025
3631,Customer_03631,Female,31,West,Bengaluru,20-04-2025
3632,Customer_03632,Male,32,North,Pune,12-09-2024
3633,Customer_03633,Male,41,East,Indore,29-05-2024
3634,Customer_03634,Male,37,South,Bengaluru,06-05-2024
3635,Customer_03635,Male,36,North,Hyderabad,26-01-2025
3636,Customer_03636,Male,25,East,Kochi,24-04-2025
3637,Customer_03637,Female,36,Central,Indore,31-01-2025
3638,Customer_03638,Female,41,North,Delhi,05-02-2025
3639,Customer_03639,Female,31,South,Jaipur,30-09-2024
3640,Customer_03640,Male,35,North,Kochi,18-05-2024
3641,Customer_03641,Male,43,South,Mumbai,12-04-2024
3642,Customer_03642,Female,26,Central,Mumbai,29-08-2024
3643,Customer_03643,Female,26,East,Pune,26-04-2024
3644,Customer_03644,Female,33,East,Pune,01-08-2024
3645,Customer_03645,Female,42,West,Ahmedabad,28-04-2025
3646,Customer_03646,Female,18,North,Kochi,12-06-2025
3647,Customer_03647,Female,32,East,Pune,21-11-2025
3648,Customer_03648,Male,27,South,Ahmedabad,11-08-2024
3649,Customer_03649,Male,38,East,Ahmedabad,26-09-2024
3650,Customer_03650,Female,33,Central,Kolkata,13-05-2024
3651,Customer_03651,Male,45,West,Chennai,23-04-2024
3652,Customer_03652,Female,40,South,Delhi,16-03-2025
3653,Customer_03653,Male,32,West,Hyderabad,05-10-2025
3654,Customer_03654,Male,24,North,Pune,12-10-2025
3655,Customer_03655,Male,37,North,Ahmedabad,30-12-2024
3656,Customer_03656,Male,31,North,Lucknow,19-08-2024
3657,Customer_03657,Female,32,South,Delhi,02-04-2025
3658,Customer_03658,Male,22,East,Kolkata,09-01-2025
3659,Customer_03659,Female,36,East,Mumbai,26-08-2025
3660,Customer_03660,Male,29,Central,Chennai,02-09-2025
3661,Customer_03661,Male,30,East,Kolkata,25-07-2024
3662,Customer_03662,Male,18,East,Indore,03-06-2025
3663,Customer_03663,Female,34,North,Lucknow,12-04-2025
3664,Customer_03664,Male,24,North,Jaipur,18-03-2025
3665,Customer_03665,Female,39,East,Jaipur,16-11-2024
3666,Customer_03666,Male,35,South,Kolkata,02-04-2024
3667,Customer_03667,Male,19,West,Delhi,11-02-2025
3668,Customer_03668,Female,33,North,Pune,06-06-2024
3669,Customer_03669,Female,36,North,Delhi,08-04-2024
3670,Customer_03670,Female,55,South,Mumbai,12-08-2024
3671,Customer_03671,Male,40,South,Jaipur,16-03-2025
3672,Customer_03672,Male,21,North,Chennai,20-12-2025
3673,Customer_03673,Male,53,West,Ahmedabad,07-08-2025
3674,Customer_03674,Female,31,North,Mumbai,04-02-2025
3675,Customer_03675,Male,31,East,Jaipur,24-07-2025
3676,Customer_03676,Female,53,South,Hyderabad,04-03-2024
3677,Customer_03677,Male,28,North,Bengaluru,13-07-2025
3678,Customer_03678,Female,32,South,Delhi,05-10-2024
3679,Customer_03679,Male,18,West,Bengaluru,10-12-2025
3680,Customer_03680,Male,34,South,Jaipur,31-10-2025
3681,Customer_03681,Male,32,West,Kolkata,02-06-2025
3682,Customer_03682,Male,30,North,Bengaluru,04-09-2024
3683,Customer_03683,Female,36,West,Lucknow,02-01-2025
3684,Customer_03684,Female,26,South,Lucknow,09-09-2025
3685,Customer_03685,Female,49,West,Delhi,07-04-2024
3686,Customer_03686,Male,34,East,Pune,24-09-2024
3687,Customer_03687,Female,26,Central,Bengaluru,29-02-2024
3688,Customer_03688,Male,20,South,Jaipur,14-05-2025
3689,Customer_03689,Female,34,North,Mumbai,03-11-2024
3690,Customer_03690,Male,43,North,Bengaluru,07-05-2025
3691,Customer_03691,Male,38,West,Indore,14-02-2025
3692,Customer_03692,Other,54,East,Delhi,19-05-2024
3693,Customer_03693,Male,54,West,Chennai,23-11-2024
3694,Customer_03694,Female,21,South,Delhi,08-04-2025
3695,Customer_03695,Male,19,South,Indore,02-12-2025
3696,Customer_03696,Female,26,North,Mumbai,28-09-2025
3697,Customer_03697,Female,41,Central,Mumbai,11-06-2024
3698,Customer_03698,Female,38,West,Indore,29-02-2024
3699,Customer_03699,Female,44,Central,Mumbai,31-01-2024
3700,Customer_03700,Male,24,South,Mumbai,28-11-2024
3701,Customer_03701,Male,18,East,Pune,16-03-2024
3702,Customer_03702,Male,28,West,Delhi,12-11-2024
3703,Customer_03703,Male,40,South,Kolkata,20-02-2025
3704,Customer_03704,Female,36,West,Kolkata,08-07-2024
3705,Customer_03705,Male,46,Central,Delhi,03-05-2025
3706,Customer_03706,Female,27,Central,Hyderabad,10-11-2024
3707,Customer_03707,Female,44,West,Jaipur,22-10-2024
3708,Customer_03708,Male,28,South,Kolkata,15-05-2025
3709,Customer_03709,Female,42,South,Pune,25-06-2024
3710,Customer_03710,Female,42,Central,Chennai,19-12-2025
3711,Customer_03711,Male,50,North,Jaipur,02-08-2024
3712,Customer_03712,Male,21,West,Jaipur,14-10-2025
3713,Customer_03713,Male,48,West,Kochi,19-08-2025
3714,Customer_03714,Female,38,East,Lucknow,24-11-2025
3715,Customer_03715,Male,35,Central,Pune,27-11-2024
3716,Customer_03716,Female,33,South,Ahmedabad,07-05-2024
3717,Customer_03717,Male,33,South,Kolkata,25-09-2024
3718,Customer_03718,Female,34,North,Indore,04-07-2025
3719,Customer_03719,Female,18,South,Hyderabad,18-06-2025
3720,Customer_03720,Female,36,South,Bengaluru,31-12-2024
3721,Customer_03721,Male,36,South,Jaipur,10-09-2025
3722,Customer_03722,Male,27,West,Kochi,13-12-2024
3723,Customer_03723,Male,34,Central,Delhi,21-05-2024
3724,Customer_03724,Male,45,North,Lucknow,24-05-2024
3725,Customer_03725,Male,28,South,Mumbai,01-09-2024
3726,Customer_03726,Female,23,Central,Bengaluru,17-03-2025
3727,Customer_03727,Female,27,North,Ahmedabad,03-12-2025
3728,Customer_03728,Male,18,North,Kolkata,16-10-2024
3729,Customer_03729,Female,52,North,Jaipur,21-11-2025
3730,Customer_03730,Male,26,East,Mumbai,21-04-2024
3731,Customer_03731,Male,47,North,Hyderabad,01-08-2024
3732,Customer_03732,Female,22,Central,Jaipur,11-10-2025
3733,Customer_03733,Other,28,South,Chennai,18-07-2024
3734,Customer_03734,Male,35,East,Chennai,08-02-2025
3735,Customer_03735,Female,40,South,Mumbai,24-02-2025
3736,Customer_03736,Female,33,East,Ahmedabad,07-01-2024
3737,Customer_03737,Male,19,West,Ahmedabad,08-06-2025
3738,Customer_03738,Male,33,West,Hyderabad,14-08-2025
3739,Customer_03739,Female,47,West,Delhi,12-10-2024
3740,Customer_03740,Female,37,East,Pune,01-11-2025
3741,Customer_03741,Male,56,Central,Jaipur,23-01-2025
3742,Customer_03742,Male,36,West,Bengaluru,19-02-2025
3743,Customer_03743,Female,44,West,Kolkata,13-12-2025
3744,Customer_03744,Female,39,North,Kochi,29-05-2024
3745,Customer_03745,Female,28,North,Hyderabad,03-03-2025
3746,Customer_03746,Male,33,South,Kochi,19-10-2024
3747,Customer_03747,Female,45,West,Delhi,29-11-2024
3748,Customer_03748,Female,31,South,Kochi,28-09-2024
3749,Customer_03749,Female,38,South,Lucknow,12-02-2024
3750,Customer_03750,Female,28,Central,Indore,12-04-2025
3751,Customer_03751,Female,43,Central,Kolkata,14-11-2024
3752,Customer_03752,Female,35,Central,Mumbai,06-05-2025
3753,Customer_03753,Female,43,South,Mumbai,10-06-2025
3754,Customer_03754,Female,46,West,Delhi,20-06-2024
3755,Customer_03755,Female,41,South,Ahmedabad,30-12-2025
3756,Customer_03756,Female,32,North,Mumbai,10-10-2025
3757,Customer_03757,Female,32,North,Ahmedabad,16-11-2024
3758,Customer_03758,Male,18,South,Kochi,13-02-2024
3759,Customer_03759,Male,38,South,Jaipur,15-06-2025
3760,Customer_03760,Male,44,West,Indore,22-09-2025
3761,Customer_03761,Male,22,North,Ahmedabad,29-03-2025
3762,Customer_03762,Male,32,West,Ahmedabad,23-03-2024
3763,Customer_03763,Female,32,East,Jaipur,26-06-2025
3764,Customer_03764,Male,39,South,Delhi,17-11-2024
3765,Customer_03765,Male,35,East,Indore,21-08-2024
3766,Customer_03766,Female,25,South,Mumbai,23-06-2025
3767,Customer_03767,Male,50,East,Ahmedabad,08-09-2024
3768,Customer_03768,Female,18,South,Hyderabad,24-03-2025
3769,Customer_03769,Male,28,North,Kochi,26-08-2024
3770,Customer_03770,Male,21,North,Hyderabad,04-05-2025
3771,Customer_03771,Female,38,East,Delhi,08-04-2025
3772,Customer_03772,Female,39,Central,Kochi,09-11-2024
3773,Customer_03773,Female,33,South,Mumbai,23-06-2024
3774,Customer_03774,Male,22,West,Kochi,06-12-2025
3775,Customer_03775,Male,25,West,Bengaluru,28-06-2024
3776,Customer_03776,Female,43,Central,Jaipur,19-01-2025
3777,Customer_03777,Male,33,West,Indore,21-10-2024
3778,Customer_03778,Male,29,East,Indore,02-08-2024
3779,Customer_03779,Male,27,West,Indore,15-12-2025
3780,Customer_03780,Female,33,Central,Chennai,15-03-2024
3781,Customer_03781,Female,40,South,Mumbai,09-12-2024
3782,Customer_03782,Male,32,South,Jaipur,14-12-2025
3783,Customer_03783,Male,38,North,Ahmedabad,21-05-2024
3784,Customer_03784,Female,18,West,Delhi,18-12-2025
3785,Customer_03785,Male,45,West,Kochi,17-07-2024
3786,Customer_03786,Female,34,North,Chennai,19-06-2024
3787,Customer_03787,Female,24,East,Lucknow,09-02-2025
3788,Customer_03788,Female,38,East,Indore,15-08-2024
3789,Customer_03789,Male,36,North,Chennai,14-02-2025
3790,Customer_03790,Female,23,Central,Ahmedabad,21-11-2025
3791,Customer_03791,Male,33,South,Kolkata,02-03-2024
3792,Customer_03792,Male,29,North,Mumbai,22-11-2024
3793,Customer_03793,Male,21,East,Pune,16-12-2025
3794,Customer_03794,Male,30,West,Pune,12-05-2024
3795,Customer_03795,Male,24,North,Bengaluru,06-08-2025
3796,Customer_03796,Female,22,West,Hyderabad,12-08-2025
3797,Customer_03797,Male,39,East,Kolkata,07-07-2024
3798,Customer_03798,Female,37,North,Mumbai,21-12-2024
3799,Customer_03799,Male,31,North,Chennai,11-03-2024
3800,Customer_03800,Male,18,East,Ahmedabad,19-09-2024
3801,Customer_03801,Male,33,South,Chennai,01-11-2024
3802,Customer_03802,Female,42,Central,Lucknow,11-07-2025
3803,Customer_03803,Female,46,West,Chennai,11-08-2024
3804,Customer_03804,Female,44,Central,Chennai,23-11-2024
3805,Customer_03805,Female,22,South,Lucknow,10-08-2025
3806,Customer_03806,Male,26,Central,Kolkata,14-03-2024
3807,Customer_03807,Male,32,South,Bengaluru,25-05-2025
3808,Customer_03808,Female,33,South,Hyderabad,21-05-2024
3809,Customer_03809,Female,34,North,Lucknow,07-08-2025
3810,Customer_03810,Male,45,North,Delhi,11-04-2024
3811,Customer_03811,Male,36,West,Chennai,28-08-2025
3812,Customer_03812,Female,46,East,Kolkata,03-08-2025
3813,Customer_03813,Female,26,South,Hyderabad,05-03-2024
3814,Customer_03814,Female,30,East,Jaipur,11-07-2024
3815,Customer_03815,Male,30,South,Lucknow,02-03-2024
3816,Customer_03816,Female,33,East,Indore,15-06-2025
3817,Customer_03817,Male,20,South,Indore,28-08-2024
3818,Customer_03818,Male,53,West,Kochi,15-12-2025
3819,Customer_03819,Male,35,West,Delhi,13-02-2025
3820,Customer_03820,Male,23,East,Pune,26-10-2024
3821,Customer_03821,Female,23,South,Lucknow,13-07-2024
3822,Customer_03822,Female,35,South,Hyderabad,29-03-2025
3823,Customer_03823,Female,40,West,Jaipur,27-07-2025
3824,Customer_03824,Male,43,South,Delhi,10-09-2025
3825,Customer_03825,Female,34,North,Chennai,28-09-2025
3826,Customer_03826,Female,40,North,Ahmedabad,27-10-2024
3827,Customer_03827,Male,37,East,Pune,31-03-2025
3828,Customer_03828,Female,33,East,Kochi,20-07-2024
3829,Customer_03829,Male,31,West,Indore,04-11-2025
3830,Customer_03830,Male,34,South,Mumbai,28-10-2024
3831,Customer_03831,Male,33,South,Kochi,15-09-2025
3832,Customer_03832,Male,34,West,Ahmedabad,02-12-2024
3833,Customer_03833,Male,38,West,Pune,01-02-2024
3834,Customer_03834,Female,50,South,Indore,07-04-2024
3835,Customer_03835,Male,24,East,Bengaluru,09-07-2024
3836,Customer_03836,Male,35,South,Chennai,24-06-2025
3837,Customer_03837,Female,38,Central,Mumbai,17-02-2024
3838,Customer_03838,Male,30,North,Delhi,06-09-2024
3839,Customer_03839,Female,45,Central,Jaipur,13-08-2024
3840,Customer_03840,Female,29,West,Mumbai,28-09-2024
3841,Customer_03841,Male,41,East,Chennai,26-10-2025
3842,Customer_03842,Female,47,North,Ahmedabad,29-04-2025
3843,Customer_03843,Male,38,East,Jaipur,23-11-2024
3844,Customer_03844,Female,32,South,Kolkata,28-06-2024
3845,Customer_03845,Male,39,North,Lucknow,26-10-2025
3846,Customer_03846,Male,30,West,Delhi,23-01-2024
3847,Customer_03847,Male,27,Central,Jaipur,28-08-2025
3848,Customer_03848,Female,38,East,Indore,04-01-2025
3849,Customer_03849,Male,41,West,Bengaluru,01-09-2024
3850,Customer_03850,Male,35,North,Indore,08-06-2024
3851,Customer_03851,Other,40,South,Bengaluru,07-01-2025
3852,Customer_03852,Male,57,North,Delhi,11-10-2024
3853,Customer_03853,Female,46,East,Bengaluru,04-06-2025
3854,Customer_03854,Male,28,Central,Mumbai,25-03-2025
3855,Customer_03855,Female,36,West,Chennai,27-11-2025
3856,Customer_03856,Male,37,North,Mumbai,08-10-2025
3857,Customer_03857,Male,26,South,Hyderabad,13-09-2025
3858,Customer_03858,Female,40,East,Lucknow,03-08-2025
3859,Customer_03859,Female,26,South,Mumbai,15-05-2024
3860,Customer_03860,Female,41,West,Pune,05-04-2024
3861,Customer_03861,Male,53,West,Mumbai,28-04-2024
3862,Customer_03862,Female,33,East,Jaipur,08-01-2025
3863,Customer_03863,Female,38,South,Mumbai,30-09-2024
3864,Customer_03864,Other,37,South,Lucknow,25-06-2024
3865,Customer_03865,Female,25,North,Mumbai,03-10-2024
3866,Customer_03866,Female,27,South,Mumbai,17-05-2024
3867,Customer_03867,Female,38,South,Chennai,11-05-2024
3868,Customer_03868,Female,35,West,Kolkata,13-02-2024
3869,Customer_03869,Female,33,West,Chennai,02-05-2024
3870,Customer_03870,Male,43,North,Jaipur,15-05-2024
3871,Customer_03871,Male,39,South,Pune,01-01-2025
3872,Customer_03872,Male,56,North,Hyderabad,07-01-2025
3873,Customer_03873,Female,25,North,Jaipur,05-05-2024
3874,Customer_03874,Male,30,West,Mumbai,14-03-2025
3875,Customer_03875,Male,49,North,Ahmedabad,29-07-2025
3876,Customer_03876,Male,51,South,Indore,20-02-2024
3877,Customer_03877,Female,25,North,Mumbai,16-05-2024
3878,Customer_03878,Female,30,Central,Ahmedabad,06-06-2024
3879,Customer_03879,Female,32,East,Delhi,25-02-2024
3880,Customer_03880,Male,48,South,Hyderabad,15-08-2025
3881,Customer_03881,Female,33,East,Lucknow,03-03-2025
3882,Customer_03882,Male,32,West,Pune,18-03-2025
3883,Customer_03883,Other,31,Central,Kolkata,21-11-2024
3884,Customer_03884,Male,35,South,Ahmedabad,01-10-2025
3885,Customer_03885,Female,37,Central,Pune,29-09-2025
3886,Customer_03886,Male,53,Central,Hyderabad,20-03-2024
3887,Customer_03887,Female,49,Central,Chennai,18-04-2025
3888,Customer_03888,Male,23,West,Jaipur,11-01-2025
3889,Customer_03889,Male,32,East,Mumbai,28-11-2024
3890,Customer_03890,Female,34,South,Chennai,23-06-2024
3891,Customer_03891,Male,30,West,Pune,18-10-2025
3892,Customer_03892,Female,44,East,Chennai,16-03-2025
3893,Customer_03893,Female,47,West,Delhi,05-05-2024
3894,Customer_03894,Female,29,South,Bengaluru,24-11-2025
3895,Customer_03895,Male,34,West,Chennai,06-08-2024
3896,Customer_03896,Female,43,West,Kochi,04-10-2024
3897,Customer_03897,Female,45,North,Hyderabad,29-04-2025
3898,Customer_03898,Male,29,West,Hyderabad,17-08-2025
3899,Customer_03899,Male,39,East,Ahmedabad,20-05-2024
3900,Customer_03900,Male,27,West,Delhi,29-08-2025
3901,Customer_03901,Male,45,South,Hyderabad,06-12-2025
3902,Customer_03902,Female,27,South,Bengaluru,19-04-2024
3903,Customer_03903,Female,35,Central,Chennai,21-02-2024
3904,Customer_03904,Female,29,South,Kolkata,06-09-2025
3905,Customer_03905,Female,24,West,Indore,04-09-2025
3906,Customer_03906,Male,28,East,Chennai,15-10-2025
3907,Customer_03907,Male,31,East,Lucknow,13-12-2025
3908,Customer_03908,Female,46,South,Kochi,14-11-2024
3909,Customer_03909,Female,29,East,Pune,17-07-2024
3910,Customer_03910,Female,35,South,Kolkata,29-12-2025
3911,Customer_03911,Male,27,North,Mumbai,15-02-2024
3912,Customer_03912,Female,43,South,Lucknow,19-05-2025
3913,Customer_03913,Male,45,North,Kochi,23-06-2025
3914,Customer_03914,Male,42,Central,Chennai,28-05-2025
3915,Customer_03915,Female,30,Central,Ahmedabad,17-01-2024
3916,Customer_03916,Male,27,South,Lucknow,10-11-2024
3917,Customer_03917,Female,25,West,Pune,11-03-2025
3918,Customer_03918,Male,42,South,Bengaluru,22-01-2025
3919,Customer_03919,Female,29,West,Jaipur,17-03-2024
3920,Customer_03920,Female,43,West,Bengaluru,05-01-2025
3921,Customer_03921,Male,25,Central,Pune,13-06-2024
3922,Customer_03922,Female,32,South,Lucknow,31-08-2025
3923,Customer_03923,Female,29,West,Bengaluru,08-09-2025
3924,Customer_03924,Female,27,South,Kochi,24-01-2024
3925,Customer_03925,Male,18,Central,Kolkata,12-12-2025
3926,Customer_03926,Male,21,North,Hyderabad,04-02-2024
3927,Customer_03927,Male,45,East,Delhi,28-05-2025
3928,Customer_03928,Female,26,West,Indore,05-04-2025
3929,Customer_03929,Male,41,West,Ahmedabad,17-05-2024
3930,Customer_03930,Male,34,North,Jaipur,27-07-2025
3931,Customer_03931,Male,31,Central,Kochi,09-12-2025
3932,Customer_03932,Male,30,North,Mumbai,24-07-2025
3933,Customer_03933,Female,33,East,Jaipur,21-09-2024
3934,Customer_03934,Male,41,South,Indore,28-11-2024
3935,Customer_03935,Male,22,South,Ahmedabad,06-07-2024
3936,Customer_03936,Male,33,East,Delhi,03-03-2024
3937,Customer_03937,Female,38,South,Hyderabad,05-10-2024
3938,Customer_03938,Female,41,North,Kochi,25-06-2025
3939,Customer_03939,Female,44,North,Chennai,19-06-2024
3940,Customer_03940,Male,32,South,Lucknow,17-05-2025
3941,Customer_03941,Male,20,West,Kolkata,16-06-2025
3942,Customer_03942,Male,38,Central,Chennai,25-10-2024
3943,Customer_03943,Female,33,North,Lucknow,19-07-2024
3944,Customer_03944,Male,46,South,Chennai,14-05-2024
3945,Customer_03945,Female,36,North,Chennai,28-09-2024
3946,Customer_03946,Female,46,North,Mumbai,18-06-2025
3947,Customer_03947,Male,29,West,Pune,17-03-2025
3948,Customer_03948,Male,46,East,Lucknow,27-03-2024
3949,Customer_03949,Male,36,North,Delhi,31-01-2024
3950,Customer_03950,Male,38,South,Kochi,30-04-2024
3951,Customer_03951,Female,18,North,Bengaluru,09-03-2024
3952,Customer_03952,Female,45,West,Delhi,07-10-2025
3953,Customer_03953,Male,32,Central,Pune,10-05-2025
3954,Customer_03954,Female,39,North,Pune,25-05-2024
3955,Customer_03955,Female,31,South,Lucknow,28-11-2024
3956,Customer_03956,Other,46,Central,Jaipur,25-04-2025
3957,Customer_03957,Female,36,Central,Ahmedabad,19-09-2024
3958,Customer_03958,Female,35,South,Chennai,19-10-2024
3959,Customer_03959,Male,53,North,Kochi,04-03-2025
3960,Customer_03960,Female,18,North,Mumbai,26-03-2024
3961,Customer_03961,Male,30,East,Delhi,16-01-2024
3962,Customer_03962,Female,32,South,Chennai,28-12-2025
3963,Customer_03963,Male,26,North,Hyderabad,19-09-2025
3964,Customer_03964,Male,37,East,Indore,27-04-2024
3965,Customer_03965,Male,21,North,Jaipur,26-09-2024
3966,Customer_03966,Male,21,West,Delhi,29-01-2025
3967,Customer_03967,Male,38,South,Ahmedabad,10-06-2024
3968,Customer_03968,Other,25,North,Chennai,30-11-2025
3969,Customer_03969,Male,39,East,Lucknow,13-04-2024
3970,Customer_03970,Female,28,South,Chennai,14-10-2025
3971,Customer_03971,Male,26,Central,Indore,15-06-2024
3972,Customer_03972,Male,24,East,Bengaluru,26-10-2024
3973,Customer_03973,Male,24,South,Ahmedabad,28-01-2024
3974,Customer_03974,Male,30,West,Indore,27-02-2025
3975,Customer_03975,Male,26,South,Lucknow,15-07-2025
3976,Customer_03976,Male,33,Central,Kochi,04-06-2024
3977,Customer_03977,Male,18,South,Kolkata,19-11-2024
3978,Customer_03978,Female,26,East,Indore,13-12-2024
3979,Customer_03979,Male,46,North,Bengaluru,30-04-2024
3980,Customer_03980,Female,21,South,Lucknow,13-10-2025
3981,Customer_03981,Other,27,West,Pune,11-06-2025
3982,Customer_03982,Female,46,West,Jaipur,14-07-2025
3983,Customer_03983,Female,34,South,Ahmedabad,12-06-2024
3984,Customer_03984,Male,18,South,Kochi,02-03-2024
3985,Customer_03985,Female,40,West,Indore,05-12-2024
3986,Customer_03986,Male,46,Central,Mumbai,27-10-2025
3987,Customer_03987,Male,34,North,Kolkata,07-11-2024
3988,Customer_03988,Female,28,East,Delhi,10-01-2025
3989,Customer_03989,Female,18,South,Lucknow,11-12-2024
3990,Customer_03990,Female,29,Central,Delhi,29-05-2024
3991,Customer_03991,Male,22,North,Kolkata,07-08-2025
3992,Customer_03992,Male,34,South,Lucknow,03-08-2025
3993,Customer_03993,Female,42,West,Kolkata,25-06-2024
3994,Customer_03994,Female,24,North,Indore,19-12-2024
3995,Customer_03995,Male,41,East,Lucknow,28-05-2025
3996,Customer_03996,Male,18,South,Hyderabad,04-11-2024
3997,Customer_03997,Female,32,South,Lucknow,28-04-2024
3998,Customer_03998,Female,18,South,Hyderabad,02-06-2025
3999,Customer_03999,Male,36,East,Pune,22-04-2025
4000,Customer_04000,Female,45,North,Bengaluru,17-02-2025
4001,Customer_04001,Female,30,East,Mumbai,09-08-2025
4002,Customer_04002,Female,36,West,Bengaluru,16-12-2024
4003,Customer_04003,Female,29,West,Bengaluru,20-05-2025
4004,Customer_04004,Male,38,North,Ahmedabad,13-07-2024
4005,Customer_04005,Female,42,North,Ahmedabad,05-07-2024
4006,Customer_04006,Male,34,South,Pune,25-03-2025
4007,Customer_04007,Female,29,South,Mumbai,10-05-2025
4008,Customer_04008,Female,37,South,Chennai,29-05-2025
4009,Customer_04009,Female,52,West,Kolkata,26-11-2025
4010,Customer_04010,Male,37,North,Chennai,29-09-2024
4011,Customer_04011,Female,21,North,Kolkata,21-02-2024
4012,Customer_04012,Female,53,South,Kochi,19-09-2024
4013,Customer_04013,Female,26,West,Kolkata,02-01-2025
4014,Customer_04014,Male,26,North,Delhi,12-05-2024
4015,Customer_04015,Male,44,West,Kochi,12-08-2024
4016,Customer_04016,Female,30,South,Kochi,05-11-2024
4017,Customer_04017,Male,39,Central,Pune,26-07-2025
4018,Customer_04018,Female,38,Central,Jaipur,16-01-2024
4019,Customer_04019,Male,38,South,Delhi,13-07-2024
4020,Customer_04020,Female,48,South,Kochi,18-03-2025
4021,Customer_04021,Male,31,South,Indore,29-10-2024
4022,Customer_04022,Male,34,South,Hyderabad,17-02-2024
4023,Customer_04023,Male,25,West,Ahmedabad,30-04-2024
4024,Customer_04024,Female,41,West,Delhi,13-05-2025
4025,Customer_04025,Female,36,West,Ahmedabad,15-07-2025
4026,Customer_04026,Female,47,West,Lucknow,13-04-2025
4027,Customer_04027,Female,38,South,Jaipur,10-02-2024
4028,Customer_04028,Male,51,North,Indore,31-03-2025
4029,Customer_04029,Other,33,West,Indore,17-06-2025
4030,Customer_04030,Female,36,South,Ahmedabad,05-01-2025
4031,Customer_04031,Male,35,West,Hyderabad,30-06-2024
4032,Customer_04032,Female,27,South,Indore,31-05-2025
4033,Customer_04033,Female,18,North,Indore,18-10-2025
4034,Customer_04034,Female,36,Central,Jaipur,12-08-2025
4035,Customer_04035,Female,18,North,Chennai,18-08-2024
4036,Customer_04036,Female,39,Central,Ahmedabad,13-12-2024
4037,Customer_04037,Female,46,Central,Indore,23-04-2025
4038,Customer_04038,Female,33,West,Pune,27-07-2024
4039,Customer_04039,Male,38,West,Kolkata,05-11-2025
4040,Customer_04040,Female,38,East,Mumbai,10-11-2025
4041,Customer_04041,Male,44,Central,Jaipur,04-10-2024
4042,Customer_04042,Female,33,South,Jaipur,18-11-2025
4043,Customer_04043,Female,22,East,Kochi,22-02-2024
4044,Customer_04044,Male,18,East,Bengaluru,10-01-2024
4045,Customer_04045,Male,31,South,Delhi,19-10-2025
4046,Customer_04046,Female,18,South,Delhi,08-04-2025
4047,Customer_04047,Male,34,South,Hyderabad,05-08-2025
4048,Customer_04048,Male,37,East,Delhi,06-06-2024
4049,Customer_04049,Female,29,Central,Mumbai,19-01-2024
4050,Customer_04050,Female,41,North,Lucknow,24-02-2024
4051,Customer_04051,Female,36,Central,Lucknow,27-12-2025
4052,Customer_04052,Male,27,West,Bengaluru,21-12-2025
4053,Customer_04053,Female,29,West,Pune,21-01-2024
4054,Customer_04054,Male,47,East,Mumbai,08-10-2024
4055,Customer_04055,Female,18,West,Kochi,23-06-2025
4056,Customer_04056,Female,32,North,Jaipur,20-02-2025
4057,Customer_04057,Female,36,West,Jaipur,23-12-2025
4058,Customer_04058,Other,28,North,Lucknow,11-10-2024
4059,Customer_04059,Male,27,Central,Ahmedabad,15-06-2025
4060,Customer_04060,Other,45,Central,Ahmedabad,15-06-2025
4061,Customer_04061,Female,54,South,Bengaluru,25-05-2025
4062,Customer_04062,Female,31,South,Lucknow,30-01-2025
4063,Customer_04063,Male,34,West,Pune,29-04-2024
4064,Customer_04064,Female,40,South,Delhi,06-04-2024
4065,Customer_04065,Male,24,Central,Kochi,29-04-2024
4066,Customer_04066,Female,35,North,Bengaluru,20-06-2025
4067,Customer_04067,Male,49,North,Bengaluru,01-06-2024
4068,Customer_04068,Female,58,Central,Kochi,01-09-2024
4069,Customer_04069,Female,22,West,Indore,30-05-2025
4070,Customer_04070,Male,25,West,Kolkata,27-01-2025
4071,Customer_04071,Female,30,South,Lucknow,22-05-2024
4072,Customer_04072,Male,30,West,Hyderabad,18-05-2025
4073,Customer_04073,Female,45,East,Ahmedabad,07-08-2024
4074,Customer_04074,Female,34,East,Chennai,08-06-2024
4075,Customer_04075,Male,44,West,Kochi,16-03-2024
4076,Customer_04076,Female,36,East,Ahmedabad,02-09-2025
4077,Customer_04077,Female,33,South,Bengaluru,22-11-2025
4078,Customer_04078,Male,38,South,Hyderabad,30-09-2025
4079,Customer_04079,Female,18,West,Bengaluru,01-02-2024
4080,Customer_04080,Female,31,South,Pune,29-11-2024
4081,Customer_04081,Male,31,West,Delhi,08-06-2025
4082,Customer_04082,Female,20,South,Ahmedabad,15-03-2025
4083,Customer_04083,Female,47,East,Indore,17-12-2024
4084,Customer_04084,Male,32,West,Jaipur,04-12-2024
4085,Customer_04085,Male,38,South,Jaipur,03-02-2025
4086,Customer_04086,Male,43,North,Chennai,30-01-2025
4087,Customer_04087,Female,26,North,Pune,20-07-2024
4088,Customer_04088,Female,37,East,Lucknow,13-06-2025
4089,Customer_04089,Female,18,West,Indore,02-04-2024
4090,Customer_04090,Female,39,North,Lucknow,23-12-2024
4091,Customer_04091,Male,28,West,Kolkata,30-01-2025
4092,Customer_04092,Female,31,South,Indore,29-02-2024
4093,Customer_04093,Other,45,East,Delhi,21-04-2025
4094,Customer_04094,Female,52,Central,Indore,26-12-2025
4095,Customer_04095,Male,27,South,Kochi,03-09-2025
4096,Customer_04096,Female,25,East,Mumbai,01-01-2024
4097,Customer_04097,Male,41,North,Bengaluru,08-07-2025
4098,Customer_04098,Male,40,North,Kochi,06-11-2024
4099,Customer_04099,Female,22,South,Delhi,16-06-2024
4100,Customer_04100,Male,34,North,Jaipur,10-07-2024
4101,Customer_04101,Male,34,West,Chennai,03-02-2024
4102,Customer_04102,Female,34,South,Hyderabad,03-02-2024
4103,Customer_04103,Female,41,East,Indore,18-11-2025
4104,Customer_04104,Female,49,North,Chennai,20-02-2025
4105,Customer_04105,Female,32,South,Pune,08-12-2025
4106,Customer_04106,Male,52,West,Indore,06-06-2024
4107,Customer_04107,Male,33,Central,Kochi,14-05-2025
4108,Customer_04108,Female,50,North,Pune,31-12-2024
4109,Customer_04109,Female,38,Central,Chennai,05-12-2024
4110,Customer_04110,Female,45,East,Ahmedabad,30-11-2024
4111,Customer_04111,Female,43,East,Chennai,05-08-2025
4112,Customer_04112,Male,26,East,Lucknow,22-11-2024
4113,Customer_04113,Male,38,North,Kochi,23-04-2024
4114,Customer_04114,Male,25,North,Mumbai,21-02-2025
4115,Customer_04115,Female,33,East,Mumbai,12-04-2025
4116,Customer_04116,Male,23,South,Delhi,22-05-2024
4117,Customer_04117,Female,32,Central,Kochi,31-08-2025
4118,Customer_04118,Male,35,South,Ahmedabad,04-11-2024
4119,Customer_04119,Female,25,North,Jaipur,04-02-2025
4120,Customer_04120,Female,34,West,Kolkata,15-11-2024
4121,Customer_04121,Female,42,South,Bengaluru,30-07-2024
4122,Customer_04122,Female,24,East,Jaipur,12-11-2024
4123,Customer_04123,Female,43,West,Pune,03-07-2024
4124,Customer_04124,Male,43,Central,Pune,23-07-2024
4125,Customer_04125,Male,24,West,Pune,29-12-2024
4126,Customer_04126,Female,18,West,Hyderabad,03-08-2024
4127,Customer_04127,Male,45,West,Jaipur,02-09-2024
4128,Customer_04128,Male,32,Central,Pune,26-08-2024
4129,Customer_04129,Male,34,South,Kolkata,25-01-2025
4130,Customer_04130,Male,54,North,Hyderabad,03-06-2025
4131,Customer_04131,Male,38,South,Chennai,12-08-2025
4132,Customer_04132,Female,39,South,Mumbai,03-10-2024
4133,Customer_04133,Other,34,West,Jaipur,20-07-2024
4134,Customer_04134,Female,32,West,Bengaluru,01-08-2024
4135,Customer_04135,Male,33,East,Delhi,28-08-2025
4136,Customer_04136,Female,33,North,Mumbai,22-04-2025
4137,Customer_04137,Female,18,West,Jaipur,22-05-2025
4138,Customer_04138,Female,24,South,Mumbai,15-03-2024
4139,Customer_04139,Male,33,West,Hyderabad,30-10-2025
4140,Customer_04140,Male,54,East,Ahmedabad,26-10-2025
4141,Customer_04141,Female,20,South,Hyderabad,21-05-2024
4142,Customer_04142,Female,29,North,Lucknow,12-08-2025
4143,Customer_04143,Female,29,North,Hyderabad,17-11-2024
4144,Customer_04144,Male,41,West,Kolkata,24-11-2025
4145,Customer_04145,Female,35,Central,Jaipur,05-04-2025
4146,Customer_04146,Male,28,West,Delhi,07-12-2025
4147,Customer_04147,Male,46,North,Kochi,31-10-2025
4148,Customer_04148,Male,24,South,Delhi,25-05-2024
4149,Customer_04149,Male,29,West,Chennai,23-02-2024
4150,Customer_04150,Male,23,West,Chennai,21-12-2024
4151,Customer_04151,Male,44,North,Bengaluru,03-10-2024
4152,Customer_04152,Male,34,North,Indore,17-08-2025
4153,Customer_04153,Male,27,West,Jaipur,03-02-2025
4154,Customer_04154,Male,38,South,Kochi,29-10-2025
4155,Customer_04155,Male,50,South,Jaipur,30-05-2025
4156,Customer_04156,Male,18,North,Jaipur,13-05-2025
4157,Customer_04157,Male,40,East,Jaipur,06-11-2024
4158,Customer_04158,Male,51,Central,Hyderabad,27-09-2024
4159,Customer_04159,Male,50,Central,Ahmedabad,29-07-2025
4160,Customer_04160,Male,32,East,Ahmedabad,24-03-2025
4161,Customer_04161,Female,35,East,Indore,21-04-2024
4162,Customer_04162,Female,36,North,Delhi,26-08-2024
4163,Customer_04163,Female,31,East,Kochi,23-05-2024
4164,Customer_04164,Female,43,South,Hyderabad,08-01-2025
4165,Customer_04165,Female,18,East,Hyderabad,20-01-2024
4166,Customer_04166,Male,40,South,Hyderabad,29-07-2025
4167,Customer_04167,Female,33,South,Mumbai,15-10-2024
4168,Customer_04168,Female,44,North,Kochi,15-08-2025
4169,Customer_04169,Female,45,South,Mumbai,15-07-2024
4170,Customer_04170,Male,35,North,Delhi,16-01-2025
4171,Customer_04171,Female,28,North,Lucknow,03-08-2025
4172,Customer_04172,Female,44,Central,Bengaluru,28-11-2025
4173,Customer_04173,Female,21,South,Lucknow,09-11-2025
4174,Customer_04174,Female,23,East,Lucknow,17-12-2025
4175,Customer_04175,Other,33,Central,Jaipur,06-05-2025
4176,Customer_04176,Female,29,Central,Kochi,12-06-2024
4177,Customer_04177,Male,32,East,Jaipur,28-08-2025
4178,Customer_04178,Male,31,West,Kochi,05-09-2024
4179,Customer_04179,Male,34,South,Kolkata,08-03-2024
4180,Customer_04180,Male,49,South,Bengaluru,21-01-2024
4181,Customer_04181,Male,22,South,Mumbai,26-05-2025
4182,Customer_04182,Female,29,West,Ahmedabad,19-08-2025
4183,Customer_04183,Female,42,West,Jaipur,24-01-2025
4184,Customer_04184,Male,34,South,Delhi,19-06-2025
4185,Customer_04185,Female,24,North,Jaipur,20-04-2024
4186,Customer_04186,Male,33,West,Delhi,17-08-2025
4187,Customer_04187,Female,19,North,Bengaluru,04-04-2025
4188,Customer_04188,Male,44,East,Kolkata,18-03-2024
4189,Customer_04189,Female,35,West,Jaipur,09-03-2025
4190,Customer_04190,Other,56,West,Bengaluru,14-01-2025
4191,Customer_04191,Male,23,West,Ahmedabad,13-10-2025
4192,Customer_04192,Female,27,Central,Pune,15-03-2025
4193,Customer_04193,Female,36,East,Jaipur,04-12-2024
4194,Customer_04194,Male,47,West,Chennai,27-02-2025
4195,Customer_04195,Other,29,East,Hyderabad,17-06-2024
4196,Customer_04196,Female,27,North,Chennai,09-12-2025
4197,Customer_04197,Male,35,North,Kochi,18-09-2024
4198,Customer_04198,Male,27,South,Kolkata,27-12-2025
4199,Customer_04199,Female,39,South,Lucknow,01-08-2025
4200,Customer_04200,Female,35,East,Kolkata,16-08-2024
4201,Customer_04201,Male,41,West,Delhi,09-06-2024
4202,Customer_04202,Female,43,North,Kochi,02-03-2025
4203,Customer_04203,Male,38,North,Pune,01-05-2024
4204,Customer_04204,Female,46,Central,Pune,28-05-2024
4205,Customer_04205,Female,31,North,Lucknow,05-12-2025
4206,Customer_04206,Female,20,East,Kochi,20-04-2024
4207,Customer_04207,Female,23,East,Kochi,18-10-2025
4208,Customer_04208,Female,33,East,Hyderabad,08-08-2024
4209,Customer_04209,Male,38,North,Chennai,04-03-2024
4210,Customer_04210,Female,40,North,Kolkata,29-09-2025
4211,Customer_04211,Male,28,North,Chennai,30-12-2025
4212,Customer_04212,Female,43,East,Ahmedabad,19-12-2024
4213,Customer_04213,Female,18,East,Hyderabad,18-04-2025
4214,Customer_04214,Male,29,South,Jaipur,29-04-2025
4215,Customer_04215,Female,39,West,Bengaluru,13-01-2024
4216,Customer_04216,Female,43,West,Ahmedabad,01-06-2024
4217,Customer_04217,Female,42,North,Chennai,26-08-2024
4218,Customer_04218,Male,43,East,Kochi,08-07-2024
4219,Customer_04219,Male,36,West,Kolkata,24-10-2025
4220,Customer_04220,Female,33,South,Lucknow,26-03-2024
4221,Customer_04221,Female,18,South,Lucknow,21-01-2024
4222,Customer_04222,Male,32,East,Kolkata,24-11-2025
4223,Customer_04223,Female,23,Central,Hyderabad,14-11-2024
4224,Customer_04224,Female,40,West,Ahmedabad,06-06-2024
4225,Customer_04225,Other,20,East,Mumbai,25-04-2025
4226,Customer_04226,Female,32,West,Delhi,16-03-2024
4227,Customer_04227,Male,22,South,Mumbai,24-11-2024
4228,Customer_04228,Male,34,West,Lucknow,19-02-2025
4229,Customer_04229,Other,33,East,Bengaluru,21-07-2024
4230,Customer_04230,Male,18,North,Kolkata,16-08-2024
4231,Customer_04231,Female,37,West,Kochi,31-05-2024
4232,Customer_04232,Female,31,East,Chennai,12-03-2024
4233,Customer_04233,Male,34,South,Kolkata,12-08-2024
4234,Customer_04234,Female,30,Central,Hyderabad,17-04-2025
4235,Customer_04235,Female,27,North,Kochi,04-10-2025
4236,Customer_04236,Female,42,South,Bengaluru,25-12-2024
4237,Customer_04237,Male,44,North,Pune,23-06-2025
4238,Customer_04238,Female,44,West,Pune,31-08-2025
4239,Customer_04239,Female,20,West,Mumbai,15-02-2024
4240,Customer_04240,Female,48,South,Kochi,01-01-2024
4241,Customer_04241,Female,40,West,Hyderabad,08-11-2025
4242,Customer_04242,Male,46,South,Mumbai,01-09-2024
4243,Customer_04243,Female,46,West,Delhi,06-08-2024
4244,Customer_04244,Female,37,East,Hyderabad,05-09-2025
4245,Customer_04245,Male,26,South,Kolkata,17-10-2024
4246,Customer_04246,Female,26,Central,Mumbai,02-04-2025
4247,Customer_04247,Male,27,South,Ahmedabad,22-07-2024
4248,Customer_04248,Female,32,North,Kolkata,20-07-2024
4249,Customer_04249,Female,24,East,Indore,19-07-2025
4250,Customer_04250,Female,18,Central,Pune,26-04-2025
4251,Customer_04251,Male,18,South,Ahmedabad,25-05-2025
4252,Customer_04252,Female,34,North,Jaipur,04-10-2024
4253,Customer_04253,Female,31,South,Bengaluru,16-01-2024
4254,Customer_04254,Female,39,East,Kochi,08-06-2025
4255,Customer_04255,Female,32,North,Jaipur,21-12-2024
4256,Customer_04256,Female,46,West,Kochi,21-12-2024
4257,Customer_04257,Female,28,Central,Chennai,21-08-2025
4258,Customer_04258,Female,37,East,Hyderabad,18-03-2024
4259,Customer_04259,Male,40,South,Hyderabad,07-03-2024
4260,Customer_04260,Male,35,South,Kolkata,23-12-2025
4261,Customer_04261,Female,44,North,Pune,01-08-2024
4262,Customer_04262,Female,39,Central,Kochi,27-11-2025
4263,Customer_04263,Male,42,South,Jaipur,24-03-2025
4264,Customer_04264,Female,28,South,Indore,08-03-2025
4265,Customer_04265,Male,32,West,Hyderabad,28-06-2025
4266,Customer_04266,Male,18,South,Kochi,24-04-2024
4267,Customer_04267,Male,33,West,Kochi,23-02-2025
4268,Customer_04268,Female,20,North,Kochi,13-05-2025
4269,Customer_04269,Other,57,West,Kochi,10-12-2025
4270,Customer_04270,Female,37,Central,Kolkata,14-01-2025
4271,Customer_04271,Male,30,West,Ahmedabad,22-05-2024
4272,Customer_04272,Female,42,Central,Kochi,23-09-2025
4273,Customer_04273,Female,20,North,Delhi,24-01-2024
4274,Customer_04274,Male,29,East,Hyderabad,22-06-2025
4275,Customer_04275,Male,31,East,Lucknow,15-03-2024
4276,Customer_04276,Female,40,East,Lucknow,18-06-2025
4277,Customer_04277,Male,24,South,Mumbai,03-11-2025
4278,Customer_04278,Male,27,South,Bengaluru,10-02-2024
4279,Customer_04279,Female,35,North,Mumbai,21-07-2025
4280,Customer_04280,Female,40,South,Indore,16-02-2025
4281,Customer_04281,Other,36,North,Pune,18-02-2025
4282,Customer_04282,Male,25,West,Kochi,24-03-2025
4283,Customer_04283,Female,35,North,Mumbai,01-09-2025
4284,Customer_04284,Male,27,North,Kochi,19-10-2025
4285,Customer_04285,Male,25,East,Delhi,11-03-2025
4286,Customer_04286,Female,38,East,Hyderabad,05-07-2025
4287,Customer_04287,Male,39,Central,Pune,05-12-2025
4288,Customer_04288,Male,34,East,Bengaluru,26-08-2024
4289,Customer_04289,Female,39,South,Delhi,11-02-2024
4290,Customer_04290,Male,42,West,Chennai,08-12-2025
4291,Customer_04291,Other,18,East,Chennai,10-01-2024
4292,Customer_04292,Male,38,North,Delhi,21-09-2024
4293,Customer_04293,Male,49,East,Mumbai,03-08-2025
4294,Customer_04294,Male,31,Central,Delhi,20-03-2025
4295,Customer_04295,Male,49,South,Mumbai,18-05-2024
4296,Customer_04296,Female,37,South,Mumbai,14-07-2024
4297,Customer_04297,Female,35,North,Delhi,14-03-2024
4298,Customer_04298,Male,37,North,Jaipur,06-09-2025
4299,Customer_04299,Female,19,South,Jaipur,12-08-2024
4300,Customer_04300,Female,51,East,Ahmedabad,26-09-2025
4301,Customer_04301,Male,29,North,Delhi,11-04-2024
4302,Customer_04302,Male,22,Central,Bengaluru,20-09-2024
4303,Customer_04303,Male,29,West,Indore,09-06-2024
4304,Customer_04304,Female,34,East,Jaipur,20-08-2024
4305,Customer_04305,Male,45,West,Pune,05-05-2025
4306,Customer_04306,Male,33,North,Ahmedabad,06-11-2024
4307,Customer_04307,Female,31,East,Delhi,12-10-2025
4308,Customer_04308,Female,31,West,Ahmedabad,14-08-2024
4309,Customer_04309,Female,20,West,Pune,29-09-2024
4310,Customer_04310,Male,29,West,Pune,12-11-2024
4311,Customer_04311,Female,28,South,Pune,26-03-2024
4312,Customer_04312,Female,37,Central,Jaipur,17-10-2024
4313,Customer_04313,Male,18,North,Hyderabad,13-04-2025
4314,Customer_04314,Male,30,Central,Hyderabad,29-12-2025
4315,Customer_04315,Female,47,Central,Chennai,31-07-2025
4316,Customer_04316,Female,38,North,Hyderabad,08-10-2025
4317,Customer_04317,Male,43,West,Kochi,07-02-2025
4318,Customer_04318,Male,30,North,Jaipur,02-03-2025
4319,Customer_04319,Female,51,South,Delhi,09-01-2025
4320,Customer_04320,Female,42,East,Bengaluru,20-07-2025
4321,Customer_04321,Female,35,East,Mumbai,08-09-2024
4322,Customer_04322,Female,40,Central,Jaipur,16-06-2025
4323,Customer_04323,Male,22,West,Lucknow,02-11-2024
4324,Customer_04324,Female,21,East,Ahmedabad,05-03-2025
4325,Customer_04325,Male,42,West,Mumbai,05-11-2025
4326,Customer_04326,Female,45,Central,Ahmedabad,20-09-2024
4327,Customer_04327,Female,25,North,Delhi,08-03-2024
4328,Customer_04328,Female,43,Central,Pune,16-04-2024
4329,Customer_04329,Female,39,North,Delhi,03-02-2025
4330,Customer_04330,Male,26,West,Lucknow,01-08-2025
4331,Customer_04331,Male,24,South,Chennai,17-07-2024
4332,Customer_04332,Male,27,North,Kochi,10-07-2024
4333,Customer_04333,Female,29,South,Jaipur,28-05-2025
4334,Customer_04334,Male,30,West,Bengaluru,17-03-2025
4335,Customer_04335,Male,18,South,Jaipur,01-01-2024
4336,Customer_04336,Female,29,North,Mumbai,23-12-2024
4337,Customer_04337,Male,37,East,Chennai,24-04-2024
4338,Customer_04338,Female,41,Central,Kolkata,22-08-2025
4339,Customer_04339,Male,28,South,Indore,15-07-2024
4340,Customer_04340,Male,49,South,Indore,26-08-2025
4341,Customer_04341,Male,34,South,Bengaluru,30-09-2024
4342,Customer_04342,Female,59,North,Delhi,08-06-2024
4343,Customer_04343,Male,27,West,Hyderabad,21-06-2024
4344,Customer_04344,Male,38,West,Lucknow,28-06-2025
4345,Customer_04345,Female,33,East,Mumbai,02-04-2025
4346,Customer_04346,Female,27,South,Pune,07-08-2025
4347,Customer_04347,Male,43,West,Bengaluru,08-03-2025
4348,Customer_04348,Female,42,East,Ahmedabad,25-04-2025
4349,Customer_04349,Female,31,West,Kolkata,30-03-2025
4350,Customer_04350,Female,37,West,Mumbai,14-07-2024
4351,Customer_04351,Male,37,West,Hyderabad,21-08-2025
4352,Customer_04352,Male,31,East,Indore,04-11-2024
4353,Customer_04353,Male,26,South,Indore,09-07-2025
4354,Customer_04354,Female,34,Central,Kochi,08-05-2025
4355,Customer_04355,Male,32,East,Delhi,14-03-2025
4356,Customer_04356,Female,23,East,Delhi,11-10-2025
4357,Customer_04357,Male,41,South,Lucknow,24-12-2024
4358,Customer_04358,Male,34,East,Chennai,05-02-2024
4359,Customer_04359,Female,33,East,Mumbai,03-02-2024
4360,Customer_04360,Female,19,North,Lucknow,28-03-2024
4361,Customer_04361,Female,37,North,Bengaluru,19-10-2025
4362,Customer_04362,Male,19,East,Bengaluru,16-01-2024
4363,Customer_04363,Male,35,West,Ahmedabad,24-02-2025
4364,Customer_04364,Female,43,East,Kolkata,06-07-2025
4365,Customer_04365,Female,51,South,Indore,05-05-2024
4366,Customer_04366,Female,35,West,Hyderabad,08-01-2024
4367,Customer_04367,Male,52,North,Indore,16-04-2025
4368,Customer_04368,Female,41,South,Jaipur,12-04-2025
4369,Customer_04369,Female,39,North,Mumbai,24-05-2025
4370,Customer_04370,Male,45,North,Mumbai,05-02-2025
4371,Customer_04371,Female,47,North,Hyderabad,24-06-2024
4372,Customer_04372,Male,42,South,Lucknow,01-01-2025
4373,Customer_04373,Male,33,North,Delhi,02-05-2025
4374,Customer_04374,Male,29,South,Kochi,18-01-2024
4375,Customer_04375,Female,21,East,Indore,25-02-2024
4376,Customer_04376,Male,36,East,Lucknow,04-02-2024
4377,Customer_04377,Female,46,South,Bengaluru,21-09-2025
4378,Customer_04378,Male,24,West,Indore,25-12-2025
4379,Customer_04379,Male,23,North,Mumbai,26-07-2025
4380,Customer_04380,Male,52,East,Indore,22-08-2025
4381,Customer_04381,Female,31,North,Lucknow,12-12-2024
4382,Customer_04382,Male,18,North,Hyderabad,01-02-2024
4383,Customer_04383,Male,19,East,Mumbai,12-05-2024
4384,Customer_04384,Male,38,East,Delhi,29-07-2025
4385,Customer_04385,Male,29,Central,Pune,17-07-2024
4386,Customer_04386,Male,39,East,Mumbai,12-09-2024
4387,Customer_04387,Male,32,Central,Lucknow,07-12-2024
4388,Customer_04388,Male,36,North,Pune,28-10-2025
4389,Customer_04389,Female,52,North,Indore,18-08-2024
4390,Customer_04390,Male,32,North,Indore,27-10-2024
4391,Customer_04391,Female,46,North,Bengaluru,30-06-2025
4392,Customer_04392,Male,35,East,Lucknow,26-01-2024
4393,Customer_04393,Male,22,West,Ahmedabad,18-06-2025
4394,Customer_04394,Female,54,North,Chennai,14-10-2025
4395,Customer_04395,Female,55,Central,Hyderabad,18-04-2025
4396,Customer_04396,Female,32,West,Pune,21-01-2025
4397,Customer_04397,Male,36,South,Mumbai,11-10-2024
4398,Customer_04398,Female,46,North,Delhi,25-03-2025
4399,Customer_04399,Female,32,North,Kochi,15-11-2024
4400,Customer_04400,Female,44,North,Ahmedabad,04-06-2024
4401,Customer_04401,Female,26,North,Ahmedabad,15-04-2025
4402,Customer_04402,Male,52,East,Lucknow,23-02-2025
4403,Customer_04403,Male,38,South,Ahmedabad,22-04-2024
4404,Customer_04404,Female,42,South,Indore,12-10-2025
4405,Customer_04405,Male,48,Central,Chennai,25-02-2025
4406,Customer_04406,Female,42,West,Hyderabad,21-12-2025
4407,Customer_04407,Male,33,Central,Jaipur,20-08-2025
4408,Customer_04408,Female,51,North,Lucknow,11-10-2024
4409,Customer_04409,Male,42,South,Jaipur,25-07-2025
4410,Customer_04410,Male,32,East,Ahmedabad,23-02-2024
4411,Customer_04411,Female,19,North,Lucknow,27-08-2025
4412,Customer_04412,Male,34,North,Mumbai,20-11-2024
4413,Customer_04413,Male,29,West,Pune,02-04-2025
4414,Customer_04414,Male,34,West,Kolkata,21-09-2024
4415,Customer_04415,Female,28,South,Delhi,16-01-2025
4416,Customer_04416,Female,38,East,Indore,31-07-2024
4417,Customer_04417,Female,30,South,Kochi,28-11-2024
4418,Customer_04418,Female,48,North,Kolkata,10-01-2024
4419,Customer_04419,Male,40,South,Jaipur,23-12-2024
4420,Customer_04420,Male,29,North,Pune,21-07-2024
4421,Customer_04421,Male,34,North,Bengaluru,08-12-2025
4422,Customer_04422,Female,39,Central,Pune,27-02-2024
4423,Customer_04423,Female,19,East,Mumbai,08-05-2025
4424,Customer_04424,Male,39,West,Kolkata,24-05-2025
4425,Customer_04425,Male,18,South,Mumbai,10-08-2024
4426,Customer_04426,Male,49,South,Indore,03-01-2025
4427,Customer_04427,Male,30,South,Ahmedabad,22-11-2025
4428,Customer_04428,Male,44,North,Lucknow,21-02-2025
4429,Customer_04429,Male,23,North,Lucknow,30-06-2025
4430,Customer_04430,Male,40,West,Chennai,12-04-2024
4431,Customer_04431,Female,22,West,Mumbai,09-06-2024
4432,Customer_04432,Male,31,East,Hyderabad,18-07-2024
4433,Customer_04433,Female,44,East,Chennai,08-06-2024
4434,Customer_04434,Male,40,Central,Kochi,25-11-2025
4435,Customer_04435,Female,40,North,Kochi,15-05-2024
4436,Customer_04436,Male,30,South,Lucknow,01-02-2025
4437,Customer_04437,Female,24,South,Mumbai,26-01-2025
4438,Customer_04438,Male,42,West,Delhi,15-04-2024
4439,Customer_04439,Male,25,Central,Kochi,05-08-2025
4440,Customer_04440,Female,28,South,Delhi,11-08-2025
4441,Customer_04441,Female,48,Central,Mumbai,23-02-2024
4442,Customer_04442,Male,40,West,Pune,03-10-2024
4443,Customer_04443,Male,20,South,Pune,20-04-2024
4444,Customer_04444,Male,34,South,Hyderabad,11-08-2024
4445,Customer_04445,Female,32,South,Delhi,15-03-2024
4446,Customer_04446,Female,30,Central,Hyderabad,20-05-2025
4447,Customer_04447,Male,31,North,Kolkata,14-01-2024
4448,Customer_04448,Male,47,West,Kolkata,26-04-2025
4449,Customer_04449,Male,54,South,Pune,07-07-2024
4450,Customer_04450,Male,34,West,Lucknow,29-12-2024
4451,Customer_04451,Female,36,South,Bengaluru,26-08-2024
4452,Customer_04452,Female,20,East,Delhi,04-02-2025
4453,Customer_04453,Female,51,West,Indore,30-10-2024
4454,Customer_04454,Male,27,West,Mumbai,31-03-2024
4455,Customer_04455,Female,30,Central,Lucknow,26-01-2025
4456,Customer_04456,Male,42,North,Ahmedabad,02-07-2024
4457,Customer_04457,Female,37,West,Bengaluru,17-01-2024
4458,Customer_04458,Female,39,North,Kochi,12-01-2024
4459,Customer_04459,Female,41,South,Bengaluru,14-06-2024
4460,Customer_04460,Male,34,East,Hyderabad,25-05-2024
4461,Customer_04461,Male,43,South,Jaipur,08-10-2024
4462,Customer_04462,Female,18,East,Mumbai,02-07-2025
4463,Customer_04463,Male,50,Central,Ahmedabad,04-08-2025
4464,Customer_04464,Female,32,North,Kolkata,17-06-2024
4465,Customer_04465,Male,43,West,Indore,18-06-2024
4466,Customer_04466,Male,39,South,Hyderabad,11-12-2024
4467,Customer_04467,Male,18,North,Lucknow,13-05-2025
4468,Customer_04468,Male,36,North,Pune,04-04-2025
4469,Customer_04469,Female,18,Central,Ahmedabad,23-10-2024
4470,Customer_04470,Female,39,Central,Pune,21-05-2024
4471,Customer_04471,Female,36,Central,Jaipur,25-11-2025
4472,Customer_04472,Male,21,Central,Kochi,22-02-2024
4473,Customer_04473,Male,36,North,Mumbai,27-04-2024
4474,Customer_04474,Female,29,South,Pune,30-12-2024
4475,Customer_04475,Male,32,West,Kochi,01-11-2025
4476,Customer_04476,Female,18,East,Delhi,15-05-2024
4477,Customer_04477,Male,22,South,Kochi,17-02-2025
4478,Customer_04478,Female,26,South,Indore,17-03-2024
4479,Customer_04479,Female,23,East,Mumbai,10-07-2025
4480,Customer_04480,Male,29,East,Ahmedabad,18-01-2024
4481,Customer_04481,Female,27,North,Kolkata,06-02-2025
4482,Customer_04482,Female,37,East,Kolkata,23-07-2024
4483,Customer_04483,Female,18,East,Chennai,13-05-2025
4484,Customer_04484,Male,54,East,Indore,19-11-2024
4485,Customer_04485,Male,28,South,Hyderabad,17-08-2025
4486,Customer_04486,Female,31,West,Pune,15-07-2025
4487,Customer_04487,Female,40,North,Pune,07-10-2024
4488,Customer_04488,Female,51,South,Mumbai,14-06-2024
4489,Customer_04489,Female,28,West,Chennai,30-08-2024
4490,Customer_04490,Male,41,East,Jaipur,23-04-2025
4491,Customer_04491,Other,27,South,Kolkata,12-06-2024
4492,Customer_04492,Male,43,West,Ahmedabad,19-11-2024
4493,Customer_04493,Female,41,East,Jaipur,21-07-2025
4494,Customer_04494,Male,23,West,Pune,04-07-2025
4495,Customer_04495,Male,40,West,Chennai,01-10-2025
4496,Customer_04496,Male,20,East,Kochi,25-09-2025
4497,Customer_04497,Female,27,East,Chennai,28-11-2025
4498,Customer_04498,Female,21,North,Chennai,26-07-2024
4499,Customer_04499,Female,34,South,Delhi,10-11-2024
4500,Customer_04500,Male,44,South,Bengaluru,30-10-2024
4501,Customer_04501,Male,22,East,Kolkata,26-08-2024
4502,Customer_04502,Female,38,East,Kolkata,27-12-2025
4503,Customer_04503,Male,32,South,Ahmedabad,11-08-2024
4504,Customer_04504,Female,24,North,Ahmedabad,28-03-2024
4505,Customer_04505,Female,30,East,Lucknow,20-06-2025
4506,Customer_04506,Male,40,South,Ahmedabad,04-03-2025
4507,Customer_04507,Female,43,West,Jaipur,07-08-2024
4508,Customer_04508,Female,37,North,Pune,01-10-2024
4509,Customer_04509,Female,34,East,Delhi,08-10-2025
4510,Customer_04510,Female,34,Central,Bengaluru,06-03-2024
4511,Customer_04511,Female,27,North,Chennai,14-08-2025
4512,Customer_04512,Male,35,East,Pune,26-02-2025
4513,Customer_04513,Male,19,North,Kolkata,11-09-2024
4514,Customer_04514,Male,33,East,Pune,04-05-2024
4515,Customer_04515,Male,51,East,Delhi,25-05-2024
4516,Customer_04516,Male,30,South,Delhi,06-09-2025
4517,Customer_04517,Male,45,East,Kolkata,19-01-2025
4518,Customer_04518,Female,41,Central,Hyderabad,22-03-2025
4519,Customer_04519,Female,48,North,Mumbai,21-01-2025
4520,Customer_04520,Male,18,North,Kochi,17-01-2025
4521,Customer_04521,Male,36,Central,Bengaluru,03-10-2024
4522,Customer_04522,Male,40,East,Bengaluru,16-01-2025
4523,Customer_04523,Male,42,Central,Kolkata,03-05-2024
4524,Customer_04524,Male,46,East,Chennai,23-09-2024
4525,Customer_04525,Female,41,West,Indore,20-04-2024
4526,Customer_04526,Female,36,South,Mumbai,15-01-2025
4527,Customer_04527,Female,24,West,Jaipur,23-08-2025
4528,Customer_04528,Male,18,Central,Jaipur,06-06-2024
4529,Customer_04529,Male,47,East,Mumbai,28-12-2025
4530,Customer_04530,Male,28,North,Bengaluru,01-07-2025
4531,Customer_04531,Female,30,South,Mumbai,21-08-2025
4532,Customer_04532,Female,43,North,Jaipur,27-04-2024
4533,Customer_04533,Male,34,South,Ahmedabad,23-11-2024
4534,Customer_04534,Female,22,South,Mumbai,24-11-2025
4535,Customer_04535,Male,18,East,Delhi,08-03-2024
4536,Customer_04536,Female,30,East,Chennai,09-03-2025
4537,Customer_04537,Female,35,South,Delhi,24-12-2024
4538,Customer_04538,Male,42,East,Indore,01-11-2025
4539,Customer_04539,Female,33,North,Lucknow,18-03-2025
4540,Customer_04540,Male,34,North,Indore,12-06-2024
4541,Customer_04541,Male,21,North,Bengaluru,26-12-2024
4542,Customer_04542,Male,44,East,Lucknow,07-08-2025
4543,Customer_04543,Male,64,South,Jaipur,28-04-2024
4544,Customer_04544,Male,47,South,Bengaluru,13-07-2024
4545,Customer_04545,Female,46,South,Chennai,23-08-2025
4546,Customer_04546,Male,37,West,Lucknow,10-08-2025
4547,Customer_04547,Male,24,North,Jaipur,12-10-2025
4548,Customer_04548,Female,25,West,Ahmedabad,28-08-2024
4549,Customer_04549,Female,41,West,Hyderabad,23-05-2025
4550,Customer_04550,Female,43,West,Mumbai,27-10-2025
4551,Customer_04551,Female,25,Central,Kochi,18-07-2025
4552,Customer_04552,Female,39,North,Jaipur,21-05-2024
4553,Customer_04553,Male,35,North,Mumbai,31-01-2024
4554,Customer_04554,Female,39,Central,Lucknow,10-08-2024
4555,Customer_04555,Male,38,East,Delhi,22-09-2024
4556,Customer_04556,Male,38,East,Mumbai,08-10-2024
4557,Customer_04557,Male,18,West,Kolkata,15-01-2025
4558,Customer_04558,Male,52,West,Jaipur,09-07-2025
4559,Customer_04559,Female,48,Central,Delhi,02-03-2024
4560,Customer_04560,Female,34,Central,Jaipur,13-12-2025
4561,Customer_04561,Male,22,West,Bengaluru,04-06-2025
4562,Customer_04562,Female,40,South,Bengaluru,11-03-2024
4563,Customer_04563,Female,19,Central,Jaipur,24-08-2025
4564,Customer_04564,Male,51,North,Kolkata,19-06-2025
4565,Customer_04565,Female,32,South,Chennai,19-05-2024
4566,Customer_04566,Male,28,Central,Chennai,11-11-2024
4567,Customer_04567,Female,40,South,Jaipur,05-12-2024
4568,Customer_04568,Male,29,South,Lucknow,12-08-2025
4569,Customer_04569,Female,31,North,Delhi,26-12-2025
4570,Customer_04570,Female,26,Central,Lucknow,11-06-2025
4571,Customer_04571,Female,40,East,Hyderabad,24-06-2025
4572,Customer_04572,Male,37,West,Pune,19-02-2025
4573,Customer_04573,Male,45,South,Mumbai,11-04-2025
4574,Customer_04574,Male,18,West,Bengaluru,09-01-2025
4575,Customer_04575,Female,22,West,Delhi,17-10-2024
4576,Customer_04576,Male,29,South,Jaipur,12-02-2024
4577,Customer_04577,Male,45,South,Ahmedabad,22-02-2024
4578,Customer_04578,Female,20,North,Indore,19-08-2024
4579,Customer_04579,Male,26,Central,Kolkata,30-07-2024
4580,Customer_04580,Female,48,West,Bengaluru,08-01-2024
4581,Customer_04581,Male,39,Central,Hyderabad,25-09-2025
4582,Customer_04582,Male,45,South,Indore,27-04-2025
4583,Customer_04583,Male,33,West,Kolkata,11-02-2024
4584,Customer_04584,Female,52,West,Indore,28-11-2024
4585,Customer_04585,Male,19,West,Kochi,20-08-2024
4586,Customer_04586,Male,32,Central,Chennai,10-03-2024
4587,Customer_04587,Female,31,South,Lucknow,16-01-2024
4588,Customer_04588,Female,31,North,Ahmedabad,09-03-2024
4589,Customer_04589,Male,21,West,Chennai,22-02-2024
4590,Customer_04590,Female,40,West,Kochi,15-11-2025
4591,Customer_04591,Male,22,East,Chennai,13-01-2025
4592,Customer_04592,Male,21,North,Ahmedabad,07-04-2025
4593,Customer_04593,Female,18,East,Jaipur,10-06-2025
4594,Customer_04594,Male,27,South,Bengaluru,09-11-2025
4595,Customer_04595,Female,35,South,Ahmedabad,03-03-2024
4596,Customer_04596,Male,37,West,Kolkata,17-09-2024
4597,Customer_04597,Female,32,West,Ahmedabad,14-05-2025
4598,Customer_04598,Male,27,South,Mumbai,30-04-2024
4599,Customer_04599,Female,30,South,Delhi,27-08-2024
4600,Customer_04600,Male,27,South,Kolkata,09-04-2025
4601,Customer_04601,Female,55,North,Chennai,16-04-2024
4602,Customer_04602,Male,22,West,Kolkata,28-06-2024
4603,Customer_04603,Female,26,Central,Pune,16-01-2024
4604,Customer_04604,Female,34,South,Delhi,20-12-2024
4605,Customer_04605,Male,23,West,Bengaluru,04-11-2024
4606,Customer_04606,Male,34,Central,Indore,27-12-2025
4607,Customer_04607,Female,18,West,Pune,11-08-2025
4608,Customer_04608,Male,35,North,Pune,27-08-2025
4609,Customer_04609,Female,30,Central,Pune,29-06-2024
4610,Customer_04610,Male,27,South,Hyderabad,22-06-2024
4611,Customer_04611,Other,31,South,Pune,19-12-2024
4612,Customer_04612,Female,29,North,Bengaluru,19-12-2024
4613,Customer_04613,Male,30,East,Kochi,06-08-2024
4614,Customer_04614,Male,42,North,Chennai,16-10-2025
4615,Customer_04615,Male,52,South,Kolkata,10-11-2024
4616,Customer_04616,Male,18,South,Kochi,09-03-2025
4617,Customer_04617,Male,32,West,Hyderabad,08-10-2024
4618,Customer_04618,Female,21,Central,Chennai,15-09-2024
4619,Customer_04619,Female,31,South,Jaipur,12-07-2025
4620,Customer_04620,Male,38,Central,Mumbai,05-01-2024
4621,Customer_04621,Female,58,Central,Bengaluru,27-07-2025
4622,Customer_04622,Male,31,West,Kochi,18-08-2025
4623,Customer_04623,Male,35,North,Bengaluru,06-10-2025
4624,Customer_04624,Male,25,West,Mumbai,28-01-2025
4625,Customer_04625,Female,24,Central,Hyderabad,01-12-2024
4626,Customer_04626,Female,24,West,Bengaluru,03-03-2024
4627,Customer_04627,Male,27,South,Pune,13-02-2024
4628,Customer_04628,Male,29,East,Ahmedabad,01-06-2024
4629,Customer_04629,Male,48,West,Delhi,13-11-2025
4630,Customer_04630,Female,31,East,Bengaluru,04-06-2024
4631,Customer_04631,Male,40,North,Chennai,22-04-2025
4632,Customer_04632,Female,37,South,Indore,01-10-2024
4633,Customer_04633,Female,44,West,Mumbai,23-12-2024
4634,Customer_04634,Male,18,Central,Chennai,01-03-2025
4635,Customer_04635,Female,37,North,Mumbai,15-06-2025
4636,Customer_04636,Male,36,Central,Lucknow,27-04-2025
4637,Customer_04637,Female,33,South,Delhi,01-08-2024
4638,Customer_04638,Male,45,West,Chennai,19-03-2024
4639,Customer_04639,Other,33,West,Kolkata,18-05-2024
4640,Customer_04640,Female,43,West,Bengaluru,07-04-2024
4641,Customer_04641,Female,36,Central,Pune,25-10-2025
4642,Customer_04642,Male,36,South,Pune,16-07-2024
4643,Customer_04643,Female,37,Central,Pune,04-06-2024
4644,Customer_04644,Male,32,North,Kolkata,19-02-2024
4645,Customer_04645,Male,50,West,Lucknow,23-04-2025
4646,Customer_04646,Male,45,West,Mumbai,15-08-2024
4647,Customer_04647,Female,33,West,Chennai,01-04-2025
4648,Customer_04648,Female,36,South,Indore,05-06-2025
4649,Customer_04649,Female,39,Central,Jaipur,28-05-2024
4650,Customer_04650,Female,42,North,Jaipur,27-02-2024
4651,Customer_04651,Female,50,North,Kolkata,10-06-2024
4652,Customer_04652,Female,43,West,Jaipur,21-04-2025
4653,Customer_04653,Female,32,East,Mumbai,16-04-2024
4654,Customer_04654,Male,26,West,Indore,02-03-2025
4655,Customer_04655,Male,44,South,Kolkata,29-01-2025
4656,Customer_04656,Male,37,North,Hyderabad,04-07-2024
4657,Customer_04657,Female,24,West,Kolkata,11-07-2025
4658,Customer_04658,Female,43,East,Mumbai,21-03-2025
4659,Customer_04659,Other,49,North,Mumbai,02-10-2025
4660,Customer_04660,Female,34,West,Kolkata,23-03-2025
4661,Customer_04661,Male,50,East,Ahmedabad,27-03-2024
4662,Customer_04662,Male,42,East,Delhi,05-09-2024
4663,Customer_04663,Male,22,East,Indore,15-03-2025
4664,Customer_04664,Male,38,West,Hyderabad,13-09-2024
4665,Customer_04665,Male,18,West,Chennai,03-10-2024
4666,Customer_04666,Female,38,West,Kochi,13-03-2025
4667,Customer_04667,Male,24,North,Delhi,30-05-2025
4668,Customer_04668,Female,36,West,Jaipur,30-07-2025
4669,Customer_04669,Male,41,West,Mumbai,20-07-2024
4670,Customer_04670,Male,28,West,Delhi,28-07-2025
4671,Customer_04671,Female,51,South,Kochi,16-10-2025
4672,Customer_04672,Female,25,Central,Mumbai,28-06-2024
4673,Customer_04673,Male,18,West,Mumbai,16-11-2025
4674,Customer_04674,Female,34,North,Kolkata,20-11-2024
4675,Customer_04675,Male,48,South,Chennai,14-09-2025
4676,Customer_04676,Female,34,Central,Chennai,17-11-2025
4677,Customer_04677,Male,28,North,Delhi,19-04-2025
4678,Customer_04678,Female,18,Central,Kochi,26-10-2025
4679,Customer_04679,Male,28,West,Ahmedabad,03-02-2025
4680,Customer_04680,Female,23,West,Hyderabad,04-08-2024
4681,Customer_04681,Female,36,South,Lucknow,28-03-2025
4682,Customer_04682,Male,37,South,Jaipur,07-02-2025
4683,Customer_04683,Female,25,Central,Lucknow,27-08-2024
4684,Customer_04684,Male,31,South,Jaipur,04-07-2024
4685,Customer_04685,Female,48,West,Lucknow,17-02-2024
4686,Customer_04686,Male,30,South,Chennai,20-01-2025
4687,Customer_04687,Female,29,North,Hyderabad,26-07-2024
4688,Customer_04688,Female,36,North,Indore,05-06-2024
4689,Customer_04689,Male,20,East,Indore,12-08-2024
4690,Customer_04690,Male,43,Central,Bengaluru,23-05-2024
4691,Customer_04691,Female,30,South,Bengaluru,22-02-2025
4692,Customer_04692,Female,22,South,Pune,20-04-2024
4693,Customer_04693,Female,39,South,Kochi,09-04-2025
4694,Customer_04694,Male,29,East,Jaipur,11-05-2024
4695,Customer_04695,Male,25,South,Mumbai,16-09-2025
4696,Customer_04696,Female,35,Central,Ahmedabad,23-08-2025
4697,Customer_04697,Female,45,East,Bengaluru,03-11-2025
4698,Customer_04698,Female,30,East,Chennai,29-11-2024
4699,Customer_04699,Male,24,North,Indore,15-03-2024
4700,Customer_04700,Male,18,Central,Delhi,15-02-2025
4701,Customer_04701,Female,19,South,Chennai,02-06-2025
4702,Customer_04702,Male,29,North,Delhi,16-09-2025
4703,Customer_04703,Female,21,West,Hyderabad,05-02-2024
4704,Customer_04704,Male,27,East,Hyderabad,16-09-2025
4705,Customer_04705,Male,53,South,Pune,10-08-2024
4706,Customer_04706,Female,46,South,Ahmedabad,23-12-2025
4707,Customer_04707,Male,26,West,Kolkata,13-06-2025
4708,Customer_04708,Male,35,North,Delhi,28-08-2024
4709,Customer_04709,Female,23,West,Chennai,13-05-2024
4710,Customer_04710,Female,50,West,Ahmedabad,25-01-2025
4711,Customer_04711,Female,35,South,Pune,11-04-2024
4712,Customer_04712,Other,45,East,Ahmedabad,13-10-2025
4713,Customer_04713,Male,26,South,Pune,11-11-2025
4714,Customer_04714,Male,50,West,Ahmedabad,12-05-2025
4715,Customer_04715,Male,30,East,Indore,25-05-2025
4716,Customer_04716,Female,18,South,Indore,03-12-2025
4717,Customer_04717,Female,32,East,Delhi,20-06-2025
4718,Customer_04718,Female,27,Central,Kochi,28-06-2025
4719,Customer_04719,Female,44,South,Bengaluru,08-12-2024
4720,Customer_04720,Female,28,Central,Mumbai,06-01-2024
4721,Customer_04721,Male,39,South,Chennai,12-07-2024
4722,Customer_04722,Male,27,North,Delhi,16-05-2024
4723,Customer_04723,Male,26,North,Chennai,17-04-2025
4724,Customer_04724,Male,34,South,Hyderabad,03-08-2024
4725,Customer_04725,Male,39,South,Hyderabad,14-12-2024
4726,Customer_04726,Female,18,North,Indore,01-07-2024
4727,Customer_04727,Male,43,Central,Bengaluru,16-06-2024
4728,Customer_04728,Female,43,West,Lucknow,07-02-2024
4729,Customer_04729,Male,31,West,Bengaluru,05-11-2025
4730,Customer_04730,Other,32,North,Ahmedabad,15-04-2025
4731,Customer_04731,Female,18,North,Kochi,27-03-2025
4732,Customer_04732,Female,52,North,Delhi,04-05-2025
4733,Customer_04733,Male,31,West,Pune,21-05-2024
4734,Customer_04734,Male,45,Central,Bengaluru,12-04-2024
4735,Customer_04735,Female,28,South,Hyderabad,11-12-2025
4736,Customer_04736,Male,34,North,Indore,12-12-2025
4737,Customer_04737,Male,39,East,Kolkata,11-02-2024
4738,Customer_04738,Male,29,South,Delhi,26-05-2024
4739,Customer_04739,Male,18,South,Delhi,06-03-2024
4740,Customer_04740,Female,33,East,Bengaluru,11-07-2024
4741,Customer_04741,Male,20,West,Jaipur,24-10-2024
4742,Customer_04742,Other,25,North,Bengaluru,07-02-2024
4743,Customer_04743,Male,28,North,Chennai,16-05-2025
4744,Customer_04744,Male,35,Central,Pune,14-10-2025
4745,Customer_04745,Female,28,South,Mumbai,09-09-2025
4746,Customer_04746,Female,22,North,Lucknow,03-03-2025
4747,Customer_04747,Female,36,North,Mumbai,25-10-2025
4748,Customer_04748,Female,41,North,Pune,17-12-2024
4749,Customer_04749,Male,20,South,Chennai,21-11-2024
4750,Customer_04750,Male,34,West,Chennai,07-02-2024
4751,Customer_04751,Male,42,South,Chennai,06-04-2024
4752,Customer_04752,Male,35,South,Jaipur,17-04-2024
4753,Customer_04753,Other,22,West,Ahmedabad,22-09-2025
4754,Customer_04754,Female,36,East,Delhi,30-05-2024
4755,Customer_04755,Male,34,Central,Pune,14-03-2024
4756,Customer_04756,Female,36,Central,Chennai,26-02-2024
4757,Customer_04757,Female,34,North,Lucknow,30-11-2024
4758,Customer_04758,Male,18,West,Pune,08-09-2024
4759,Customer_04759,Male,32,East,Lucknow,10-09-2024
4760,Customer_04760,Male,44,Central,Ahmedabad,19-01-2025
4761,Customer_04761,Female,48,East,Pune,31-03-2025
4762,Customer_04762,Male,44,Central,Pune,15-09-2024
4763,Customer_04763,Female,34,West,Bengaluru,09-04-2025
4764,Customer_04764,Male,41,South,Kolkata,03-02-2024
4765,Customer_04765,Male,39,East,Indore,09-05-2025
4766,Customer_04766,Male,32,Central,Indore,21-11-2024
4767,Customer_04767,Female,45,Central,Mumbai,25-08-2024
4768,Customer_04768,Female,28,North,Indore,21-11-2025
4769,Customer_04769,Female,33,West,Indore,07-09-2025
4770,Customer_04770,Male,43,South,Kolkata,24-06-2025
4771,Customer_04771,Male,25,North,Indore,10-04-2025
4772,Customer_04772,Male,21,South,Chennai,30-10-2024
4773,Customer_04773,Male,24,South,Delhi,26-04-2024
4774,Customer_04774,Female,38,West,Kochi,25-07-2024
4775,Customer_04775,Male,56,South,Indore,27-11-2025
4776,Customer_04776,Male,46,West,Hyderabad,25-04-2025
4777,Customer_04777,Male,42,North,Indore,11-10-2025
4778,Customer_04778,Male,50,South,Ahmedabad,06-02-2025
4779,Customer_04779,Female,37,South,Bengaluru,06-11-2025
4780,Customer_04780,Female,28,South,Kochi,09-08-2025
4781,Customer_04781,Female,33,North,Ahmedabad,20-08-2024
4782,Customer_04782,Female,31,North,Kolkata,10-10-2024
4783,Customer_04783,Male,24,East,Mumbai,24-04-2025
4784,Customer_04784,Female,32,South,Lucknow,09-01-2024
4785,Customer_04785,Male,18,South,Kolkata,15-12-2025
4786,Customer_04786,Female,31,South,Hyderabad,13-01-2025
4787,Customer_04787,Female,33,Central,Chennai,25-08-2025
4788,Customer_04788,Female,32,Central,Bengaluru,15-01-2025
4789,Customer_04789,Male,51,East,Bengaluru,23-10-2025
4790,Customer_04790,Other,36,South,Mumbai,25-12-2024
4791,Customer_04791,Female,52,North,Kolkata,24-06-2024
4792,Customer_04792,Female,20,Central,Bengaluru,29-04-2025
4793,Customer_04793,Male,43,North,Delhi,08-02-2025
4794,Customer_04794,Male,36,South,Delhi,02-02-2024
4795,Customer_04795,Male,33,South,Hyderabad,09-04-2025
4796,Customer_04796,Male,21,South,Kolkata,26-11-2025
4797,Customer_04797,Female,37,North,Delhi,05-06-2024
4798,Customer_04798,Female,57,West,Hyderabad,18-07-2025
4799,Customer_04799,Male,38,North,Mumbai,20-07-2024
4800,Customer_04800,Female,34,West,Ahmedabad,23-06-2024
4801,Customer_04801,Male,35,North,Delhi,31-08-2024
4802,Customer_04802,Male,40,North,Hyderabad,25-09-2024
4803,Customer_04803,Female,50,Central,Kolkata,21-03-2025
4804,Customer_04804,Female,30,North,Ahmedabad,14-03-2024
4805,Customer_04805,Female,36,West,Chennai,05-04-2024
4806,Customer_04806,Male,34,East,Jaipur,21-06-2024
4807,Customer_04807,Male,29,North,Kolkata,09-02-2025
4808,Customer_04808,Male,36,Central,Delhi,03-06-2024
4809,Customer_04809,Male,49,South,Jaipur,01-07-2024
4810,Customer_04810,Male,27,Central,Pune,18-11-2024
4811,Customer_04811,Female,38,North,Lucknow,15-10-2024
4812,Customer_04812,Male,38,Central,Ahmedabad,14-09-2024
4813,Customer_04813,Male,34,North,Bengaluru,09-08-2025
4814,Customer_04814,Female,38,East,Chennai,22-06-2024
4815,Customer_04815,Female,38,West,Mumbai,25-11-2024
4816,Customer_04816,Female,25,Central,Chennai,18-08-2024
4817,Customer_04817,Female,33,Central,Ahmedabad,09-06-2024
4818,Customer_04818,Male,34,West,Pune,04-07-2024
4819,Customer_04819,Male,24,Central,Hyderabad,22-05-2024
4820,Customer_04820,Female,35,North,Kolkata,08-10-2024
4821,Customer_04821,Female,34,South,Kochi,01-10-2025
4822,Customer_04822,Female,54,South,Hyderabad,08-11-2025
4823,Customer_04823,Male,26,South,Hyderabad,27-01-2024
4824,Customer_04824,Male,44,South,Delhi,02-09-2024
4825,Customer_04825,Female,39,East,Jaipur,01-05-2025
4826,Customer_04826,Male,44,North,Ahmedabad,08-10-2025
4827,Customer_04827,Female,26,West,Kochi,20-07-2024
4828,Customer_04828,Female,18,North,Mumbai,21-01-2024
4829,Customer_04829,Female,33,South,Pune,13-08-2025
4830,Customer_04830,Male,42,East,Hyderabad,31-10-2025
4831,Customer_04831,Male,31,West,Kochi,03-04-2024
4832,Customer_04832,Male,33,West,Hyderabad,08-01-2024
4833,Customer_04833,Female,54,West,Pune,16-04-2025
4834,Customer_04834,Female,27,North,Chennai,04-12-2024
4835,Customer_04835,Male,43,East,Pune,15-09-2024
4836,Customer_04836,Male,24,North,Jaipur,24-02-2024
4837,Customer_04837,Male,46,South,Indore,01-07-2025
4838,Customer_04838,Other,33,South,Chennai,06-01-2024
4839,Customer_04839,Female,39,North,Bengaluru,11-01-2025
4840,Customer_04840,Male,28,South,Hyderabad,07-07-2025
4841,Customer_04841,Female,35,Central,Lucknow,19-02-2024
4842,Customer_04842,Female,36,Central,Bengaluru,21-04-2024
4843,Customer_04843,Female,20,South,Ahmedabad,25-05-2024
4844,Customer_04844,Female,29,North,Hyderabad,17-08-2024
4845,Customer_04845,Female,37,North,Pune,23-12-2025
4846,Customer_04846,Male,26,South,Chennai,11-05-2025
4847,Customer_04847,Female,36,Central,Kochi,01-11-2024
4848,Customer_04848,Female,32,North,Lucknow,25-06-2025
4849,Customer_04849,Male,40,West,Jaipur,05-04-2025
4850,Customer_04850,Male,32,North,Delhi,19-09-2025
4851,Customer_04851,Male,58,Central,Chennai,13-08-2024
4852,Customer_04852,Male,18,South,Chennai,28-02-2024
4853,Customer_04853,Male,26,West,Lucknow,16-03-2024
4854,Customer_04854,Female,41,South,Bengaluru,03-03-2025
4855,Customer_04855,Male,36,East,Lucknow,28-12-2025
4856,Customer_04856,Male,38,North,Bengaluru,11-05-2024
4857,Customer_04857,Female,18,North,Jaipur,12-05-2025
4858,Customer_04858,Female,32,Central,Indore,15-08-2025
4859,Customer_04859,Male,34,Central,Mumbai,31-10-2024
4860,Customer_04860,Male,40,Central,Pune,07-03-2024
4861,Customer_04861,Female,38,East,Delhi,17-08-2024
4862,Customer_04862,Female,34,West,Delhi,28-11-2024
4863,Customer_04863,Male,33,North,Chennai,03-10-2024
4864,Customer_04864,Female,21,South,Chennai,06-08-2025
4865,Customer_04865,Female,37,South,Kolkata,21-12-2025
4866,Customer_04866,Female,33,West,Kolkata,23-05-2024
4867,Customer_04867,Male,30,South,Indore,07-09-2024
4868,Customer_04868,Male,34,North,Hyderabad,21-11-2025
4869,Customer_04869,Male,30,East,Pune,20-03-2024
4870,Customer_04870,Male,20,West,Delhi,26-02-2024
4871,Customer_04871,Male,41,South,Bengaluru,31-12-2024
4872,Customer_04872,Male,53,North,Pune,03-11-2024
4873,Customer_04873,Female,37,North,Kolkata,22-06-2024
4874,Customer_04874,Male,37,South,Bengaluru,06-04-2025
4875,Customer_04875,Male,49,South,Bengaluru,08-11-2025
4876,Customer_04876,Female,53,West,Kochi,18-08-2025
4877,Customer_04877,Male,32,East,Lucknow,07-05-2025
4878,Customer_04878,Female,27,West,Kolkata,13-07-2025
4879,Customer_04879,Female,38,South,Jaipur,30-09-2025
4880,Customer_04880,Female,36,West,Mumbai,11-11-2025
4881,Customer_04881,Female,44,North,Mumbai,08-01-2025
4882,Customer_04882,Male,34,East,Ahmedabad,14-12-2024
4883,Customer_04883,Female,35,West,Bengaluru,07-03-2024
4884,Customer_04884,Male,24,North,Jaipur,25-11-2024
4885,Customer_04885,Female,44,North,Kolkata,12-07-2024
4886,Customer_04886,Male,28,Central,Ahmedabad,03-06-2024
4887,Customer_04887,Female,22,South,Jaipur,08-06-2024
4888,Customer_04888,Female,18,West,Indore,26-11-2025
4889,Customer_04889,Female,33,North,Mumbai,22-09-2024
4890,Customer_04890,Female,27,West,Pune,16-06-2024
4891,Customer_04891,Male,32,South,Ahmedabad,24-05-2024
4892,Customer_04892,Male,29,North,Hyderabad,04-07-2024
4893,Customer_04893,Female,30,East,Pune,26-02-2025
4894,Customer_04894,Male,26,South,Mumbai,01-04-2025
4895,Customer_04895,Male,27,South,Ahmedabad,10-12-2024
4896,Customer_04896,Female,25,North,Jaipur,07-07-2025
4897,Customer_04897,Female,32,North,Chennai,30-05-2025
4898,Customer_04898,Male,23,South,Bengaluru,05-12-2025
4899,Customer_04899,Female,47,North,Kolkata,13-04-2024
4900,Customer_04900,Male,34,Central,Indore,03-09-2024
4901,Customer_04901,Male,19,North,Pune,23-01-2024
4902,Customer_04902,Male,36,East,Pune,08-06-2025
4903,Customer_04903,Female,25,North,Indore,23-05-2024
4904,Customer_04904,Female,44,South,Hyderabad,30-12-2025
4905,Customer_04905,Male,28,Central,Hyderabad,25-11-2025
4906,Customer_04906,Female,48,North,Pune,11-07-2024
4907,Customer_04907,Male,44,Central,Pune,09-04-2025
4908,Customer_04908,Male,70,North,Delhi,09-01-2025
4909,Customer_04909,Female,35,West,Ahmedabad,07-11-2025
4910,Customer_04910,Male,41,East,Jaipur,22-11-2025
4911,Customer_04911,Male,34,Central,Pune,20-09-2025
4912,Customer_04912,Female,35,East,Kochi,22-09-2024
4913,Customer_04913,Female,46,East,Ahmedabad,12-01-2025
4914,Customer_04914,Female,42,North,Ahmedabad,03-07-2025
4915,Customer_04915,Male,33,North,Bengaluru,09-07-2025
4916,Customer_04916,Male,47,Central,Delhi,14-03-2024
4917,Customer_04917,Female,44,South,Hyderabad,13-03-2025
4918,Customer_04918,Male,50,South,Hyderabad,13-08-2024
4919,Customer_04919,Female,46,West,Pune,03-11-2024
4920,Customer_04920,Female,30,South,Kolkata,13-12-2024
4921,Customer_04921,Female,29,Central,Chennai,20-04-2025
4922,Customer_04922,Male,30,West,Ahmedabad,10-11-2024
4923,Customer_04923,Female,42,East,Jaipur,08-06-2025
4924,Customer_04924,Female,47,Central,Delhi,28-02-2025
4925,Customer_04925,Female,45,North,Hyderabad,07-06-2025
4926,Customer_04926,Female,20,South,Pune,15-07-2025
4927,Customer_04927,Male,27,East,Hyderabad,05-09-2024
4928,Customer_04928,Male,41,South,Bengaluru,22-09-2025
4929,Customer_04929,Female,46,West,Indore,22-07-2025
4930,Customer_04930,Male,37,Central,Lucknow,30-06-2024
4931,Customer_04931,Male,49,South,Delhi,15-04-2024
4932,Customer_04932,Male,18,South,Delhi,09-07-2024
4933,Customer_04933,Male,32,Central,Pune,16-05-2024
4934,Customer_04934,Female,48,South,Ahmedabad,30-11-2025
4935,Customer_04935,Other,37,East,Mumbai,29-04-2024
4936,Customer_04936,Male,26,South,Pune,12-03-2024
4937,Customer_04937,Female,42,Central,Mumbai,10-05-2024
4938,Customer_04938,Female,35,East,Bengaluru,01-04-2025
4939,Customer_04939,Female,29,West,Indore,23-04-2025
4940,Customer_04940,Male,18,West,Delhi,21-02-2024
4941,Customer_04941,Female,41,South,Delhi,27-07-2025
4942,Customer_04942,Female,23,South,Indore,28-04-2024
4943,Customer_04943,Male,55,West,Bengaluru,20-09-2024
4944,Customer_04944,Female,18,South,Indore,26-08-2024
4945,Customer_04945,Female,35,West,Lucknow,16-12-2024
4946,Customer_04946,Female,42,Central,Mumbai,11-09-2024
4947,Customer_04947,Female,24,East,Jaipur,15-11-2025
4948,Customer_04948,Other,27,West,Kochi,04-11-2024
4949,Customer_04949,Male,43,West,Jaipur,29-08-2025
4950,Customer_04950,Female,24,West,Indore,09-05-2025
4951,Customer_04951,Male,53,South,Kochi,26-02-2024
4952,Customer_04952,Male,35,North,Kolkata,06-02-2025
4953,Customer_04953,Female,30,South,Bengaluru,07-03-2024
4954,Customer_04954,Male,50,West,Chennai,15-02-2024
4955,Customer_04955,Male,23,East,Ahmedabad,28-08-2025
4956,Customer_04956,Male,51,West,Hyderabad,11-10-2025
4957,Customer_04957,Male,24,South,Hyderabad,03-01-2025
4958,Customer_04958,Male,47,West,Lucknow,27-08-2025
4959,Customer_04959,Female,53,North,Lucknow,19-08-2024
4960,Customer_04960,Male,33,West,Pune,05-02-2025
4961,Customer_04961,Female,33,East,Kolkata,14-07-2025
4962,Customer_04962,Female,31,North,Kolkata,23-01-2024
4963,Customer_04963,Male,26,South,Mumbai,27-07-2025
4964,Customer_04964,Female,35,West,Kochi,23-09-2024
4965,Customer_04965,Female,43,East,Delhi,27-04-2024
4966,Customer_04966,Male,40,South,Jaipur,22-08-2025
4967,Customer_04967,Other,39,Central,Lucknow,23-08-2025
4968,Customer_04968,Female,27,West,Kochi,24-02-2024
4969,Customer_04969,Male,23,Central,Delhi,01-06-2024
4970,Customer_04970,Female,52,South,Chennai,26-08-2024
4971,Customer_04971,Female,21,East,Pune,21-09-2024
4972,Customer_04972,Female,32,Central,Kolkata,24-09-2024
4973,Customer_04973,Female,42,East,Chennai,22-04-2024
4974,Customer_04974,Male,49,West,Kolkata,14-06-2024
4975,Customer_04975,Other,34,South,Indore,29-10-2025
4976,Customer_04976,Female,37,South,Bengaluru,08-01-2024
4977,Customer_04977,Female,29,North,Kolkata,14-12-2025
4978,Customer_04978,Male,51,North,Chennai,04-08-2024
4979,Customer_04979,Female,48,North,Kochi,06-03-2025
4980,Customer_04980,Female,24,North,Chennai,18-10-2024
4981,Customer_04981,Female,41,Central,Lucknow,19-02-2024
4982,Customer_04982,Female,33,South,Pune,16-04-2024
4983,Customer_04983,Female,37,West,Indore,09-01-2024
4984,Customer_04984,Male,26,West,Jaipur,30-11-2025
4985,Customer_04985,Female,18,East,Delhi,31-03-2025
4986,Customer_04986,Male,23,North,Chennai,18-11-2024
4987,Customer_04987,Male,28,West,Chennai,04-11-2024
4988,Customer_04988,Male,29,East,Mumbai,13-09-2025
4989,Customer_04989,Female,18,West,Mumbai,24-05-2024
4990,Customer_04990,Female,37,West,Indore,15-02-2025
4991,Customer_04991,Male,20,Central,Hyderabad,23-04-2024
4992,Customer_04992,Male,34,East,Delhi,28-07-2025
4993,Customer_04993,Other,22,South,Jaipur,02-02-2025
4994,Customer_04994,Female,18,West,Bengaluru,01-10-2024
4995,Customer_04995,Male,34,North,Kochi,03-05-2024
4996,Customer_04996,Female,32,Central,Delhi,26-03-2024
4997,Customer_04997,Female,35,North,Jaipur,04-08-2025
4998,Customer_04998,Female,50,South,Jaipur,16-02-2024
4999,Customer_04999,Male,41,West,Ahmedabad,11-12-2025
5000,Customer_05000,Male,54,East,Bengaluru,19-07-2024
5001,Customer_05001,Male,31,South,Lucknow,02-10-2024
5002,Customer_05002,Male,27,East,Mumbai,02-07-2025
5003,Customer_05003,Female,39,Central,Pune,15-12-2025
5004,Customer_05004,Female,53,South,Bengaluru,09-05-2024
5005,Customer_05005,Female,23,Central,Mumbai,23-03-2025
5006,Customer_05006,Other,48,North,Hyderabad,23-01-2025
5007,Customer_05007,Female,39,West,Delhi,29-07-2025
5008,Customer_05008,Male,30,West,Lucknow,19-09-2024
5009,Customer_05009,Male,49,North,Pune,23-09-2025
5010,Customer_05010,Female,22,South,Hyderabad,04-10-2024
5011,Customer_05011,Male,41,North,Indore,14-12-2025
5012,Customer_05012,Female,32,West,Hyderabad,15-02-2024
5013,Customer_05013,Male,45,East,Ahmedabad,16-06-2024
5014,Customer_05014,Female,37,West,Kolkata,20-03-2025
5015,Customer_05015,Female,45,North,Kolkata,13-09-2025
5016,Customer_05016,Male,34,South,Kolkata,15-02-2024
5017,Customer_05017,Female,30,North,Chennai,24-12-2025
5018,Customer_05018,Male,33,South,Delhi,23-06-2025
5019,Customer_05019,Male,36,East,Kolkata,27-03-2024
5020,Customer_05020,Female,38,Central,Lucknow,19-01-2025
5021,Customer_05021,Male,41,West,Mumbai,30-10-2025
5022,Customer_05022,Female,34,South,Jaipur,21-09-2024
5023,Customer_05023,Male,41,Central,Bengaluru,22-01-2024
5024,Customer_05024,Female,56,West,Hyderabad,03-12-2025
5025,Customer_05025,Female,27,Central,Ahmedabad,25-03-2025
5026,Customer_05026,Male,44,East,Pune,19-08-2024
5027,Customer_05027,Male,27,South,Delhi,04-07-2024
5028,Customer_05028,Female,25,North,Kochi,21-11-2024
5029,Customer_05029,Male,48,West,Jaipur,01-07-2024
5030,Customer_05030,Male,25,North,Chennai,31-01-2025
5031,Customer_05031,Female,34,South,Lucknow,25-04-2025
5032,Customer_05032,Male,26,East,Hyderabad,06-02-2025
5033,Customer_05033,Female,58,East,Hyderabad,07-04-2025
5034,Customer_05034,Female,34,East,Kolkata,20-02-2025
5035,Customer_05035,Male,23,North,Hyderabad,20-07-2024
5036,Customer_05036,Male,25,South,Pune,05-03-2024
5037,Customer_05037,Male,55,East,Kolkata,08-07-2025
5038,Customer_05038,Female,32,Central,Lucknow,17-01-2024
5039,Customer_05039,Male,33,West,Kochi,01-07-2024
5040,Customer_05040,Male,49,Central,Chennai,25-01-2025
5041,Customer_05041,Male,47,West,Mumbai,13-02-2024
5042,Customer_05042,Male,25,East,Mumbai,30-11-2025
5043,Customer_05043,Female,26,North,Indore,26-04-2025
5044,Customer_05044,Male,28,West,Bengaluru,19-09-2024
5045,Customer_05045,Male,31,East,Lucknow,22-06-2024
5046,Customer_05046,Male,42,East,Indore,16-03-2025
5047,Customer_05047,Male,33,East,Indore,19-07-2025
5048,Customer_05048,Male,31,East,Hyderabad,07-08-2024
5049,Customer_05049,Male,34,South,Lucknow,11-07-2025
5050,Customer_05050,Male,28,East,Ahmedabad,28-01-2025
5051,Customer_05051,Female,50,North,Jaipur,13-07-2024
5052,Customer_05052,Male,27,West,Bengaluru,12-02-2025
5053,Customer_05053,Female,34,North,Delhi,15-04-2025
5054,Customer_05054,Male,40,North,Mumbai,12-12-2024
5055,Customer_05055,Female,41,South,Delhi,06-04-2025
5056,Customer_05056,Male,30,West,Delhi,01-03-2024
5057,Customer_05057,Female,45,South,Ahmedabad,14-06-2024
5058,Customer_05058,Female,55,South,Lucknow,02-11-2025
5059,Customer_05059,Male,52,East,Mumbai,30-05-2024
5060,Customer_05060,Male,18,South,Mumbai,20-04-2024
5061,Customer_05061,Female,33,Central,Indore,02-05-2025
5062,Customer_05062,Female,27,Central,Pune,02-07-2025
5063,Customer_05063,Male,40,East,Lucknow,03-01-2024
5064,Customer_05064,Male,45,South,Mumbai,27-04-2025
5065,Customer_05065,Male,23,West,Chennai,13-01-2024
5066,Customer_05066,Male,43,North,Delhi,10-06-2024
5067,Customer_05067,Male,34,East,Lucknow,09-12-2024
5068,Customer_05068,Male,31,South,Delhi,24-03-2025
5069,Customer_05069,Male,39,Central,Bengaluru,27-11-2024
5070,Customer_05070,Male,33,North,Jaipur,20-09-2024
5071,Customer_05071,Female,45,East,Chennai,23-03-2024
5072,Customer_05072,Female,30,West,Chennai,29-11-2024
5073,Customer_05073,Male,47,East,Kolkata,14-01-2025
5074,Customer_05074,Female,34,North,Indore,06-08-2024
5075,Customer_05075,Male,18,Central,Mumbai,19-10-2025
5076,Customer_05076,Male,26,East,Indore,29-03-2025
5077,Customer_05077,Female,33,East,Pune,03-11-2025
5078,Customer_05078,Female,38,South,Hyderabad,29-03-2024
5079,Customer_05079,Female,33,East,Chennai,28-11-2024
5080,Customer_05080,Male,27,South,Chennai,05-11-2024
5081,Customer_05081,Male,52,North,Jaipur,27-12-2025
5082,Customer_05082,Female,48,North,Indore,23-02-2025
5083,Customer_05083,Male,22,West,Chennai,31-08-2025
5084,Customer_05084,Male,26,South,Ahmedabad,25-12-2025
5085,Customer_05085,Female,37,North,Mumbai,19-12-2024
5086,Customer_05086,Male,32,East,Indore,09-04-2024
5087,Customer_05087,Male,18,West,Lucknow,24-05-2024
5088,Customer_05088,Male,27,North,Pune,10-01-2024
5089,Customer_05089,Male,41,East,Bengaluru,13-02-2024
5090,Customer_05090,Male,35,North,Jaipur,20-01-2025
5091,Customer_05091,Male,25,North,Pune,09-05-2025
5092,Customer_05092,Male,28,North,Chennai,07-05-2025
5093,Customer_05093,Female,32,West,Jaipur,17-06-2024
5094,Customer_05094,Male,60,North,Hyderabad,03-10-2025
5095,Customer_05095,Female,34,North,Mumbai,14-06-2025
5096,Customer_05096,Male,27,South,Bengaluru,01-12-2024
5097,Customer_05097,Male,52,West,Jaipur,27-05-2025
5098,Customer_05098,Male,40,South,Lucknow,09-05-2024
5099,Customer_05099,Male,26,South,Pune,22-06-2025
5100,Customer_05100,Female,34,North,Lucknow,28-05-2025
5101,Customer_05101,Male,32,South,Pune,06-09-2024
5102,Customer_05102,Female,39,East,Chennai,17-05-2024
5103,Customer_05103,Male,21,East,Delhi,01-10-2024
5104,Customer_05104,Female,22,South,Delhi,08-04-2025
5105,Customer_05105,Female,31,South,Bengaluru,20-05-2024
5106,Customer_05106,Male,25,North,Kolkata,12-09-2024
5107,Customer_05107,Female,44,South,Pune,31-03-2025
5108,Customer_05108,Female,24,North,Mumbai,09-03-2025
5109,Customer_05109,Other,58,West,Indore,29-08-2025
5110,Customer_05110,Male,32,Central,Kolkata,21-06-2024
5111,Customer_05111,Female,35,Central,Jaipur,17-04-2025
5112,Customer_05112,Female,38,Central,Kochi,26-02-2025
5113,Customer_05113,Female,33,East,Hyderabad,14-03-2025
5114,Customer_05114,Female,46,West,Indore,26-02-2024
5115,Customer_05115,Female,35,South,Lucknow,12-05-2025
5116,Customer_05116,Other,29,West,Indore,05-09-2025
5117,Customer_05117,Female,20,East,Kochi,17-06-2024
5118,Customer_05118,Male,38,East,Ahmedabad,04-08-2025
5119,Customer_05119,Female,43,West,Bengaluru,14-07-2025
5120,Customer_05120,Male,21,South,Hyderabad,03-03-2025
5121,Customer_05121,Male,30,South,Jaipur,22-02-2025
5122,Customer_05122,Other,44,Central,Bengaluru,12-12-2024
5123,Customer_05123,Female,25,North,Kolkata,31-05-2025
5124,Customer_05124,Female,25,East,Kolkata,30-03-2025
5125,Customer_05125,Female,32,Central,Hyderabad,14-12-2025
5126,Customer_05126,Male,47,East,Kochi,20-07-2024
5127,Customer_05127,Other,43,East,Hyderabad,27-06-2024
5128,Customer_05128,Male,47,South,Kolkata,26-02-2024
5129,Customer_05129,Female,24,South,Pune,28-11-2025
5130,Customer_05130,Female,27,Central,Delhi,26-08-2025
5131,Customer_05131,Male,32,East,Mumbai,15-05-2025
5132,Customer_05132,Male,31,East,Chennai,21-04-2024
5133,Customer_05133,Male,26,North,Chennai,27-05-2024
5134,Customer_05134,Female,39,North,Lucknow,15-12-2025
5135,Customer_05135,Male,18,Central,Mumbai,12-01-2025
5136,Customer_05136,Male,35,South,Pune,13-12-2024
5137,Customer_05137,Female,51,East,Indore,23-12-2024
5138,Customer_05138,Female,35,North,Mumbai,25-02-2024
5139,Customer_05139,Male,26,West,Delhi,11-11-2024
5140,Customer_05140,Female,21,Central,Mumbai,03-07-2024
5141,Customer_05141,Male,38,East,Indore,23-02-2024
5142,Customer_05142,Male,51,North,Indore,06-02-2024
5143,Customer_05143,Male,36,East,Pune,23-12-2025
5144,Customer_05144,Female,31,West,Jaipur,26-09-2024
5145,Customer_05145,Male,26,South,Mumbai,22-05-2025
5146,Customer_05146,Male,19,Central,Hyderabad,15-08-2024
5147,Customer_05147,Male,37,West,Kolkata,03-03-2025
5148,Customer_05148,Female,18,Central,Indore,23-12-2025
5149,Customer_05149,Female,43,East,Chennai,01-01-2024
5150,Customer_05150,Male,40,North,Delhi,23-01-2024
5151,Customer_05151,Male,32,South,Mumbai,17-05-2025
5152,Customer_05152,Female,40,North,Kolkata,23-03-2025
5153,Customer_05153,Male,36,Central,Bengaluru,10-05-2025
5154,Customer_05154,Male,40,West,Lucknow,28-02-2025
5155,Customer_05155,Male,43,West,Delhi,30-11-2025
5156,Customer_05156,Other,31,South,Bengaluru,18-01-2024
5157,Customer_05157,Female,21,North,Kochi,20-03-2025
5158,Customer_05158,Male,57,West,Ahmedabad,14-07-2025
5159,Customer_05159,Male,32,East,Mumbai,12-07-2025
5160,Customer_05160,Female,30,South,Chennai,18-09-2025
5161,Customer_05161,Male,38,East,Lucknow,08-02-2024
5162,Customer_05162,Female,32,North,Delhi,29-12-2025
5163,Customer_05163,Male,21,South,Chennai,28-07-2024
5164,Customer_05164,Female,22,East,Delhi,29-07-2024
5165,Customer_05165,Male,25,North,Ahmedabad,18-07-2025
5166,Customer_05166,Female,38,Central,Pune,07-10-2024
5167,Customer_05167,Male,27,North,Hyderabad,12-05-2024
5168,Customer_05168,Male,43,North,Chennai,24-03-2025
5169,Customer_05169,Male,32,North,Hyderabad,20-09-2024
5170,Customer_05170,Female,33,West,Indore,20-04-2024
5171,Customer_05171,Male,35,South,Mumbai,08-07-2025
5172,Customer_05172,Male,24,East,Indore,25-08-2024
5173,Customer_05173,Female,47,North,Lucknow,01-04-2025
5174,Customer_05174,Female,37,North,Pune,30-05-2025
5175,Customer_05175,Female,32,South,Jaipur,21-06-2024
5176,Customer_05176,Male,29,West,Mumbai,11-07-2024
5177,Customer_05177,Male,29,Central,Indore,29-05-2025
5178,Customer_05178,Female,22,North,Indore,21-07-2025
5179,Customer_05179,Male,21,East,Indore,12-02-2025
5180,Customer_05180,Female,21,Central,Delhi,18-11-2025
5181,Customer_05181,Female,45,South,Kochi,19-09-2025
5182,Customer_05182,Male,26,West,Hyderabad,24-03-2024
5183,Customer_05183,Male,23,North,Kochi,01-11-2025
5184,Customer_05184,Male,47,Central,Bengaluru,20-03-2024
5185,Customer_05185,Female,35,West,Kolkata,31-07-2025
5186,Customer_05186,Male,22,Central,Ahmedabad,27-07-2024
5187,Customer_05187,Female,40,West,Hyderabad,05-06-2025
5188,Customer_05188,Male,49,South,Jaipur,17-07-2024
5189,Customer_05189,Male,41,Central,Pune,24-07-2025
5190,Customer_05190,Male,35,South,Hyderabad,21-08-2024
5191,Customer_05191,Female,39,South,Delhi,31-08-2024
5192,Customer_05192,Male,46,West,Delhi,27-01-2025
5193,Customer_05193,Male,51,West,Kolkata,19-07-2025
5194,Customer_05194,Female,24,Central,Hyderabad,21-03-2025
5195,Customer_05195,Male,34,North,Kochi,27-01-2025
5196,Customer_05196,Female,40,West,Jaipur,09-01-2024
5197,Customer_05197,Female,36,West,Hyderabad,04-09-2025
5198,Customer_05198,Other,39,North,Kochi,15-12-2025
5199,Customer_05199,Female,56,South,Mumbai,01-06-2024
5200,Customer_05200,Female,31,South,Hyderabad,19-04-2024
5201,Customer_05201,Male,20,South,Hyderabad,22-09-2024
5202,Customer_05202,Male,53,Central,Delhi,07-01-2025
5203,Customer_05203,Male,52,West,Bengaluru,31-05-2024
5204,Customer_05204,Female,39,West,Jaipur,17-08-2025
5205,Customer_05205,Male,29,Central,Hyderabad,18-02-2025
5206,Customer_05206,Female,43,South,Mumbai,07-10-2025
5207,Customer_05207,Male,34,West,Bengaluru,21-11-2024
5208,Customer_05208,Female,31,South,Hyderabad,02-11-2025
5209,Customer_05209,Male,27,Central,Lucknow,04-07-2025
5210,Customer_05210,Male,34,North,Jaipur,24-06-2024
5211,Customer_05211,Female,39,Central,Chennai,08-06-2025
5212,Customer_05212,Female,36,South,Lucknow,10-11-2024
5213,Customer_05213,Male,43,South,Pune,07-03-2024
5214,Customer_05214,Female,32,West,Ahmedabad,06-07-2025
5215,Customer_05215,Male,30,South,Kolkata,02-07-2024
5216,Customer_05216,Female,38,East,Kolkata,04-02-2024
5217,Customer_05217,Female,35,South,Jaipur,19-05-2025
5218,Customer_05218,Male,49,West,Mumbai,16-03-2024
5219,Customer_05219,Female,31,South,Kochi,16-04-2025
5220,Customer_05220,Male,29,North,Ahmedabad,04-08-2025
5221,Customer_05221,Female,32,South,Pune,06-06-2025
5222,Customer_05222,Male,30,East,Ahmedabad,09-10-2024
5223,Customer_05223,Male,28,North,Delhi,19-06-2025
5224,Customer_05224,Female,18,South,Hyderabad,30-09-2024
5225,Customer_05225,Male,22,South,Lucknow,22-06-2025
5226,Customer_05226,Other,33,North,Mumbai,23-02-2024
5227,Customer_05227,Male,21,East,Kochi,24-02-2024
5228,Customer_05228,Male,40,Central,Mumbai,03-10-2024
5229,Customer_05229,Female,38,North,Hyderabad,18-03-2025
5230,Customer_05230,Male,27,East,Chennai,21-02-2025
5231,Customer_05231,Male,33,West,Indore,23-09-2025
5232,Customer_05232,Male,32,South,Pune,12-08-2024
5233,Customer_05233,Other,18,West,Jaipur,23-07-2025
5234,Customer_05234,Female,38,South,Ahmedabad,11-09-2024
5235,Customer_05235,Male,28,East,Delhi,24-06-2024
5236,Customer_05236,Male,24,North,Pune,19-07-2025
5237,Customer_05237,Male,41,West,Mumbai,25-05-2024
5238,Customer_05238,Female,36,West,Hyderabad,25-10-2025
5239,Customer_05239,Other,43,North,Jaipur,19-01-2025
5240,Customer_05240,Female,33,South,Ahmedabad,18-09-2024
5241,Customer_05241,Male,36,Central,Pune,14-06-2025
5242,Customer_05242,Female,42,South,Mumbai,05-01-2025
5243,Customer_05243,Other,51,East,Lucknow,13-11-2025
5244,Customer_05244,Female,31,Central,Chennai,15-07-2024
5245,Customer_05245,Female,36,West,Jaipur,07-08-2025
5246,Customer_05246,Male,40,East,Kolkata,19-08-2025
5247,Customer_05247,Female,40,West,Bengaluru,10-10-2024
5248,Customer_05248,Female,29,Central,Pune,28-10-2024
5249,Customer_05249,Female,33,East,Jaipur,11-05-2024
5250,Customer_05250,Female,40,East,Lucknow,29-04-2024
5251,Customer_05251,Male,36,South,Lucknow,28-12-2025
5252,Customer_05252,Male,53,Central,Kochi,15-05-2024
5253,Customer_05253,Female,31,West,Hyderabad,19-09-2025
5254,Customer_05254,Male,26,North,Indore,26-07-2025
5255,Customer_05255,Other,39,Central,Chennai,12-06-2025
5256,Customer_05256,Female,25,East,Jaipur,03-02-2024
5257,Customer_05257,Male,29,North,Indore,15-06-2025
5258,Customer_05258,Female,35,East,Mumbai,26-07-2024
5259,Customer_05259,Female,34,South,Mumbai,04-11-2025
5260,Customer_05260,Male,33,Central,Indore,25-10-2024
5261,Customer_05261,Male,28,North,Indore,05-06-2025
5262,Customer_05262,Female,38,West,Kochi,03-04-2024
5263,Customer_05263,Female,56,East,Jaipur,17-02-2025
5264,Customer_05264,Female,42,North,Mumbai,05-01-2025
5265,Customer_05265,Female,18,Central,Lucknow,12-02-2025
5266,Customer_05266,Male,30,East,Jaipur,17-01-2025
5267,Customer_05267,Female,39,South,Indore,16-03-2025
5268,Customer_05268,Male,19,East,Kochi,22-03-2025
5269,Customer_05269,Male,18,Central,Mumbai,10-09-2025
5270,Customer_05270,Male,27,South,Ahmedabad,08-09-2025
5271,Customer_05271,Male,26,North,Kochi,11-03-2024
5272,Customer_05272,Female,50,North,Indore,24-03-2024
5273,Customer_05273,Male,38,South,Jaipur,27-07-2024
5274,Customer_05274,Male,33,West,Mumbai,15-09-2024
5275,Customer_05275,Male,31,East,Hyderabad,26-08-2024
5276,Customer_05276,Female,39,South,Jaipur,28-10-2024
5277,Customer_05277,Male,36,North,Kolkata,19-08-2024
5278,Customer_05278,Male,38,South,Pune,08-10-2024
5279,Customer_05279,Female,37,Central,Indore,28-01-2025
5280,Customer_05280,Male,44,South,Delhi,21-02-2025
5281,Customer_05281,Male,34,Central,Chennai,24-07-2024
5282,Customer_05282,Female,42,East,Kolkata,20-09-2024
5283,Customer_05283,Male,38,North,Jaipur,06-11-2024
5284,Customer_05284,Male,36,Central,Pune,27-11-2025
5285,Customer_05285,Female,30,East,Indore,17-09-2025
5286,Customer_05286,Female,33,West,Delhi,19-03-2024
5287,Customer_05287,Female,34,Central,Indore,07-12-2024
5288,Customer_05288,Male,45,North,Delhi,15-07-2025
5289,Customer_05289,Female,36,North,Kochi,04-04-2024
5290,Customer_05290,Female,25,West,Mumbai,16-12-2024
5291,Customer_05291,Male,19,South,Bengaluru,02-03-2024
5292,Customer_05292,Male,23,North,Delhi,21-05-2024
5293,Customer_05293,Female,27,North,Pune,20-04-2024
5294,Customer_05294,Male,39,North,Hyderabad,07-09-2025
5295,Customer_05295,Male,28,West,Bengaluru,10-06-2025
5296,Customer_05296,Male,46,North,Ahmedabad,01-11-2025
5297,Customer_05297,Male,22,East,Mumbai,05-06-2024
5298,Customer_05298,Male,41,East,Hyderabad,22-06-2025
5299,Customer_05299,Male,18,South,Bengaluru,19-08-2025
5300,Customer_05300,Male,23,North,Mumbai,09-01-2024
5301,Customer_05301,Female,24,West,Bengaluru,02-10-2024
5302,Customer_05302,Male,24,North,Delhi,14-08-2024
5303,Customer_05303,Male,28,West,Delhi,04-07-2024
5304,Customer_05304,Female,42,Central,Lucknow,13-08-2025
5305,Customer_05305,Female,41,South,Kochi,03-08-2024
5306,Customer_05306,Male,24,East,Bengaluru,08-03-2025
5307,Customer_05307,Male,32,East,Hyderabad,22-07-2025
5308,Customer_05308,Female,39,South,Mumbai,17-10-2025
5309,Customer_05309,Female,32,Central,Delhi,21-12-2024
5310,Customer_05310,Male,50,Central,Lucknow,26-01-2025
5311,Customer_05311,Male,38,South,Pune,01-08-2025
5312,Customer_05312,Female,25,East,Chennai,01-10-2024
5313,Customer_05313,Male,26,Central,Bengaluru,08-05-2025
5314,Customer_05314,Female,24,Central,Delhi,08-09-2025
5315,Customer_05315,Female,27,East,Indore,26-03-2025
5316,Customer_05316,Male,34,East,Pune,23-02-2025
5317,Customer_05317,Male,32,South,Indore,30-11-2025
5318,Customer_05318,Female,29,Central,Delhi,12-06-2024
5319,Customer_05319,Female,40,North,Lucknow,16-07-2025
5320,Customer_05320,Female,37,East,Lucknow,29-09-2025
5321,Customer_05321,Female,18,South,Kolkata,14-08-2025
5322,Customer_05322,Male,21,South,Pune,01-07-2024
5323,Customer_05323,Female,24,South,Pune,05-11-2024
5324,Customer_05324,Male,26,Central,Kochi,17-01-2024
5325,Customer_05325,Female,28,North,Bengaluru,21-03-2025
5326,Customer_05326,Male,30,East,Lucknow,18-06-2024
5327,Customer_05327,Female,38,North,Kolkata,06-10-2024
5328,Customer_05328,Female,23,North,Jaipur,05-12-2024
5329,Customer_05329,Female,26,South,Pune,26-12-2025
5330,Customer_05330,Female,18,East,Ahmedabad,10-12-2025
5331,Customer_05331,Male,25,South,Pune,02-06-2025
5332,Customer_05332,Male,32,South,Pune,11-01-2024
5333,Customer_05333,Male,25,North,Delhi,07-06-2025
5334,Customer_05334,Female,24,South,Pune,13-09-2025
5335,Customer_05335,Male,29,Central,Kochi,12-05-2024
5336,Customer_05336,Male,36,Central,Delhi,01-10-2025
5337,Customer_05337,Female,25,South,Kochi,27-05-2024
5338,Customer_05338,Female,44,East,Pune,19-07-2025
5339,Customer_05339,Female,26,Central,Hyderabad,19-03-2024
5340,Customer_05340,Male,30,North,Kolkata,11-12-2024
5341,Customer_05341,Female,46,West,Bengaluru,31-08-2025
5342,Customer_05342,Female,40,Central,Pune,05-09-2024
5343,Customer_05343,Female,33,North,Jaipur,30-09-2025
5344,Customer_05344,Male,38,North,Kochi,25-06-2025
5345,Customer_05345,Female,21,Central,Mumbai,24-01-2024
5346,Customer_05346,Male,52,East,Delhi,15-04-2025
5347,Customer_05347,Male,22,North,Chennai,19-07-2024
5348,Customer_05348,Female,36,South,Ahmedabad,10-05-2024
5349,Customer_05349,Male,45,South,Kochi,25-09-2025
5350,Customer_05350,Male,37,West,Pune,21-12-2024
5351,Customer_05351,Male,33,West,Indore,29-05-2024
5352,Customer_05352,Female,45,Central,Ahmedabad,09-06-2025
5353,Customer_05353,Male,40,South,Mumbai,30-10-2024
5354,Customer_05354,Female,29,East,Mumbai,24-06-2025
5355,Customer_05355,Female,49,East,Jaipur,19-02-2024
5356,Customer_05356,Female,27,South,Pune,08-04-2025
5357,Customer_05357,Male,50,North,Ahmedabad,27-08-2024
5358,Customer_05358,Female,40,Central,Delhi,26-04-2025
5359,Customer_05359,Male,30,Central,Chennai,30-03-2025
5360,Customer_05360,Male,24,East,Indore,09-10-2024
5361,Customer_05361,Female,36,East,Jaipur,30-11-2024
5362,Customer_05362,Other,28,South,Kolkata,17-12-2024
5363,Customer_05363,Male,35,East,Chennai,29-10-2025
5364,Customer_05364,Female,42,West,Kolkata,10-10-2025
5365,Customer_05365,Female,43,East,Lucknow,22-11-2024
5366,Customer_05366,Female,48,Central,Jaipur,01-12-2024
5367,Customer_05367,Male,24,East,Mumbai,27-10-2025
5368,Customer_05368,Female,36,South,Mumbai,21-03-2024
5369,Customer_05369,Male,20,West,Delhi,27-03-2024
5370,Customer_05370,Female,34,North,Lucknow,14-09-2024
5371,Customer_05371,Male,18,South,Kochi,03-07-2024
5372,Customer_05372,Female,55,South,Kolkata,22-11-2025
5373,Customer_05373,Female,47,South,Chennai,28-11-2025
5374,Customer_05374,Other,19,West,Chennai,02-05-2024
5375,Customer_05375,Female,28,East,Delhi,05-04-2024
5376,Customer_05376,Male,41,West,Ahmedabad,27-08-2025
5377,Customer_05377,Male,36,East,Mumbai,29-05-2025
5378,Customer_05378,Female,34,South,Indore,18-03-2025
5379,Customer_05379,Female,37,West,Bengaluru,28-05-2025
5380,Customer_05380,Male,43,South,Delhi,05-01-2025
5381,Customer_05381,Male,54,South,Ahmedabad,31-10-2024
5382,Customer_05382,Female,23,East,Delhi,22-12-2024
5383,Customer_05383,Female,32,South,Ahmedabad,27-05-2024
5384,Customer_05384,Male,18,North,Chennai,11-10-2024
5385,Customer_05385,Male,33,West,Jaipur,18-10-2025
5386,Customer_05386,Female,50,East,Bengaluru,18-09-2024
5387,Customer_05387,Female,39,South,Ahmedabad,27-07-2025
5388,Customer_05388,Female,42,Central,Kolkata,05-05-2025
5389,Customer_05389,Female,36,East,Bengaluru,31-01-2024
5390,Customer_05390,Female,27,Central,Chennai,02-12-2025
5391,Customer_05391,Female,19,North,Pune,24-09-2024
5392,Customer_05392,Female,49,East,Jaipur,12-01-2024
5393,Customer_05393,Female,30,Central,Lucknow,09-07-2024
5394,Customer_05394,Female,32,East,Indore,03-02-2025
5395,Customer_05395,Male,18,West,Ahmedabad,20-06-2025
5396,Customer_05396,Male,28,South,Kolkata,31-03-2024
5397,Customer_05397,Female,35,North,Lucknow,22-08-2025
5398,Customer_05398,Male,37,East,Hyderabad,15-05-2025
5399,Customer_05399,Male,50,South,Kochi,27-10-2024
5400,Customer_05400,Female,31,Central,Mumbai,20-04-2024
5401,Customer_05401,Female,33,South,Hyderabad,20-03-2024
5402,Customer_05402,Male,49,Central,Kochi,13-10-2025
5403,Customer_05403,Male,46,Central,Pune,08-03-2025
5404,Customer_05404,Male,20,South,Mumbai,20-02-2025
5405,Customer_05405,Male,48,South,Bengaluru,01-08-2024
5406,Customer_05406,Female,18,Central,Kochi,22-03-2025
5407,Customer_05407,Female,39,Central,Bengaluru,18-01-2024
5408,Customer_05408,Other,42,South,Ahmedabad,23-02-2024
5409,Customer_05409,Male,36,South,Hyderabad,31-08-2025
5410,Customer_05410,Male,30,East,Jaipur,27-08-2024
5411,Customer_05411,Female,30,West,Indore,21-02-2025
5412,Customer_05412,Male,18,South,Kolkata,30-04-2025
5413,Customer_05413,Male,36,West,Hyderabad,19-03-2025
5414,Customer_05414,Other,34,North,Chennai,19-07-2025
5415,Customer_05415,Female,49,North,Chennai,21-08-2025
5416,Customer_05416,Female,31,South,Bengaluru,02-05-2024
5417,Customer_05417,Female,29,South,Hyderabad,23-02-2025
5418,Customer_05418,Male,29,South,Kolkata,19-07-2025
5419,Customer_05419,Other,26,East,Indore,03-08-2024
5420,Customer_05420,Female,29,South,Jaipur,23-02-2025
5421,Customer_05421,Male,24,North,Ahmedabad,09-12-2025
5422,Customer_05422,Male,40,South,Kolkata,04-07-2025
5423,Customer_05423,Female,38,Central,Delhi,15-08-2024
5424,Customer_05424,Male,19,South,Kochi,24-08-2024
5425,Customer_05425,Female,35,South,Kolkata,05-10-2025
5426,Customer_05426,Other,45,East,Ahmedabad,25-11-2024
5427,Customer_05427,Female,45,Central,Jaipur,13-04-2025
5428,Customer_05428,Female,24,South,Jaipur,10-11-2025
5429,Customer_05429,Male,47,West,Chennai,01-05-2025
5430,Customer_05430,Male,29,West,Chennai,02-07-2025
5431,Customer_05431,Female,34,East,Pune,01-08-2025
5432,Customer_05432,Male,30,North,Ahmedabad,14-09-2025
5433,Customer_05433,Female,22,West,Mumbai,18-02-2025
5434,Customer_05434,Male,26,North,Mumbai,06-08-2024
5435,Customer_05435,Male,46,East,Lucknow,21-12-2025
5436,Customer_05436,Male,47,West,Chennai,15-01-2025
5437,Customer_05437,Female,41,South,Lucknow,27-03-2024
5438,Customer_05438,Male,32,West,Hyderabad,05-04-2025
5439,Customer_05439,Male,52,North,Chennai,14-02-2025
5440,Customer_05440,Male,44,West,Jaipur,21-11-2025
5441,Customer_05441,Male,33,East,Chennai,08-06-2025
5442,Customer_05442,Female,18,South,Kolkata,22-03-2025
5443,Customer_05443,Female,43,North,Kochi,26-10-2024
5444,Customer_05444,Male,46,Central,Jaipur,11-02-2025
5445,Customer_05445,Male,38,North,Ahmedabad,28-09-2025
5446,Customer_05446,Other,18,North,Chennai,09-01-2025
5447,Customer_05447,Female,36,South,Indore,20-08-2024
5448,Customer_05448,Male,56,East,Bengaluru,29-09-2025
5449,Customer_05449,Male,32,East,Chennai,11-10-2025
5450,Customer_05450,Male,54,North,Kochi,18-02-2024
5451,Customer_05451,Male,41,South,Ahmedabad,04-07-2024
5452,Customer_05452,Female,34,South,Lucknow,23-07-2024
5453,Customer_05453,Male,48,South,Hyderabad,18-03-2024
5454,Customer_05454,Female,28,South,Kochi,25-04-2025
5455,Customer_05455,Male,22,West,Delhi,20-01-2025
5456,Customer_05456,Male,22,South,Hyderabad,12-07-2024
5457,Customer_05457,Female,36,South,Chennai,12-04-2024
5458,Customer_05458,Male,38,South,Bengaluru,08-09-2025
5459,Customer_05459,Female,27,Central,Indore,10-01-2025
5460,Customer_05460,Female,46,Central,Bengaluru,13-10-2024
5461,Customer_05461,Female,35,West,Kolkata,26-04-2025
5462,Customer_05462,Male,42,South,Delhi,23-12-2025
5463,Customer_05463,Male,27,North,Bengaluru,06-09-2024
5464,Customer_05464,Female,32,South,Lucknow,19-07-2024
5465,Customer_05465,Male,18,South,Mumbai,19-06-2025
5466,Customer_05466,Male,31,East,Mumbai,05-04-2025
5467,Customer_05467,Male,36,West,Bengaluru,26-10-2024
5468,Customer_05468,Female,28,Central,Kolkata,22-04-2025
5469,Customer_05469,Male,33,West,Hyderabad,23-03-2024
5470,Customer_05470,Female,36,South,Jaipur,02-04-2025
5471,Customer_05471,Female,29,West,Chennai,21-11-2025
5472,Customer_05472,Male,31,South,Delhi,24-10-2024
5473,Customer_05473,Female,27,North,Mumbai,29-12-2024
5474,Customer_05474,Male,25,West,Mumbai,18-12-2025
5475,Customer_05475,Male,46,North,Mumbai,09-02-2024
5476,Customer_05476,Male,20,South,Hyderabad,16-09-2025
5477,Customer_05477,Female,43,South,Bengaluru,05-12-2024
5478,Customer_05478,Male,20,West,Lucknow,30-05-2025
5479,Customer_05479,Male,49,West,Kolkata,17-04-2024
5480,Customer_05480,Female,40,South,Mumbai,11-11-2024
5481,Customer_05481,Male,30,West,Pune,23-04-2024
5482,Customer_05482,Female,43,South,Delhi,15-06-2024
5483,Customer_05483,Male,45,South,Kochi,17-09-2024
5484,Customer_05484,Female,40,West,Chennai,09-09-2025
5485,Customer_05485,Female,39,West,Ahmedabad,11-08-2024
5486,Customer_05486,Female,36,Central,Bengaluru,18-09-2024
5487,Customer_05487,Other,48,South,Kochi,07-09-2024
5488,Customer_05488,Female,34,West,Chennai,09-06-2025
5489,Customer_05489,Male,35,East,Bengaluru,10-12-2025
5490,Customer_05490,Female,43,Central,Indore,05-05-2024
5491,Customer_05491,Female,31,North,Jaipur,24-07-2024
5492,Customer_05492,Male,45,West,Bengaluru,19-05-2024
5493,Customer_05493,Female,43,East,Hyderabad,02-03-2024
5494,Customer_05494,Male,62,South,Delhi,09-10-2024
5495,Customer_05495,Male,33,East,Indore,23-02-2024
5496,Customer_05496,Male,40,South,Kolkata,11-12-2024
5497,Customer_05497,Female,39,East,Bengaluru,07-06-2025
5498,Customer_05498,Female,42,Central,Lucknow,15-05-2024
5499,Customer_05499,Female,33,East,Kochi,25-11-2024
5500,Customer_05500,Male,39,West,Jaipur,23-05-2024
5501,Customer_05501,Female,35,East,Indore,11-03-2025
5502,Customer_05502,Female,43,North,Hyderabad,08-10-2024
5503,Customer_05503,Male,18,South,Hyderabad,15-05-2024
5504,Customer_05504,Female,32,East,Ahmedabad,03-05-2025
5505,Customer_05505,Male,55,South,Chennai,21-12-2025
5506,Customer_05506,Male,49,North,Indore,04-02-2025
5507,Customer_05507,Female,37,East,Indore,24-03-2025
5508,Customer_05508,Male,40,South,Jaipur,26-09-2025
5509,Customer_05509,Female,39,South,Ahmedabad,19-09-2025
5510,Customer_05510,Female,40,East,Pune,30-10-2025
5511,Customer_05511,Male,25,North,Delhi,26-09-2024
5512,Customer_05512,Male,27,Central,Pune,17-01-2024
5513,Customer_05513,Female,27,Central,Bengaluru,25-09-2024
5514,Customer_05514,Male,30,West,Chennai,26-04-2025
5515,Customer_05515,Female,50,North,Kochi,06-08-2024
5516,Customer_05516,Female,22,West,Mumbai,14-11-2024
5517,Customer_05517,Female,54,West,Mumbai,25-08-2024
5518,Customer_05518,Female,38,West,Hyderabad,28-06-2025
5519,Customer_05519,Male,22,North,Lucknow,11-10-2024
5520,Customer_05520,Male,28,West,Ahmedabad,06-02-2024
5521,Customer_05521,Male,38,West,Kochi,12-04-2024
5522,Customer_05522,Female,21,East,Mumbai,23-12-2025
5523,Customer_05523,Male,31,West,Hyderabad,05-03-2025
5524,Customer_05524,Female,23,East,Delhi,15-10-2025
5525,Customer_05525,Female,40,East,Hyderabad,26-08-2024
5526,Customer_05526,Male,23,North,Hyderabad,06-10-2025
5527,Customer_05527,Male,19,West,Hyderabad,04-05-2024
5528,Customer_05528,Female,49,North,Bengaluru,18-07-2025
5529,Customer_05529,Male,31,South,Indore,22-08-2025
5530,Customer_05530,Female,30,South,Hyderabad,01-09-2025
5531,Customer_05531,Female,39,East,Indore,29-08-2025
5532,Customer_05532,Female,34,North,Pune,06-07-2024
5533,Customer_05533,Female,26,West,Kolkata,12-09-2024
5534,Customer_05534,Female,28,West,Hyderabad,07-08-2025
5535,Customer_05535,Female,41,North,Kochi,13-06-2025
5536,Customer_05536,Male,24,North,Hyderabad,06-11-2025
5537,Customer_05537,Female,34,North,Lucknow,26-01-2025
5538,Customer_05538,Male,51,Central,Kochi,19-10-2025
5539,Customer_05539,Male,31,East,Jaipur,12-04-2025
5540,Customer_05540,Female,46,East,Jaipur,09-09-2024
5541,Customer_05541,Female,24,North,Hyderabad,02-11-2025
5542,Customer_05542,Female,36,West,Lucknow,14-07-2025
5543,Customer_05543,Male,46,Central,Ahmedabad,24-06-2024
5544,Customer_05544,Female,28,West,Mumbai,10-04-2025
5545,Customer_05545,Male,53,East,Kolkata,30-07-2025
5546,Customer_05546,Male,33,North,Hyderabad,15-10-2024
5547,Customer_05547,Female,22,North,Kolkata,19-02-2024
5548,Customer_05548,Male,44,North,Lucknow,04-01-2024
5549,Customer_05549,Male,50,South,Hyderabad,22-09-2025
5550,Customer_05550,Female,22,North,Mumbai,14-05-2025
5551,Customer_05551,Male,38,South,Indore,06-11-2025
5552,Customer_05552,Female,27,South,Kolkata,10-08-2024
5553,Customer_05553,Female,24,Central,Hyderabad,29-10-2025
5554,Customer_05554,Female,25,East,Jaipur,18-09-2024
5555,Customer_05555,Male,36,West,Chennai,15-11-2025
5556,Customer_05556,Male,47,West,Bengaluru,18-06-2025
5557,Customer_05557,Male,33,North,Delhi,10-01-2025
5558,Customer_05558,Female,38,West,Ahmedabad,01-03-2024
5559,Customer_05559,Male,28,South,Delhi,21-12-2024
5560,Customer_05560,Male,33,West,Kochi,07-10-2025
5561,Customer_05561,Other,25,South,Chennai,24-01-2024
5562,Customer_05562,Male,18,Central,Bengaluru,19-10-2024
5563,Customer_05563,Female,29,South,Chennai,10-07-2025
5564,Customer_05564,Female,45,South,Kolkata,21-11-2025
5565,Customer_05565,Female,18,Central,Jaipur,21-12-2024
5566,Customer_05566,Female,45,North,Ahmedabad,28-07-2025
5567,Customer_05567,Female,37,West,Kochi,29-01-2024
5568,Customer_05568,Female,33,West,Lucknow,22-12-2024
5569,Customer_05569,Female,29,West,Pune,30-12-2024
5570,Customer_05570,Male,39,Central,Jaipur,30-08-2025
5571,Customer_05571,Male,48,Central,Kolkata,12-02-2025
5572,Customer_05572,Male,37,North,Mumbai,22-09-2024
5573,Customer_05573,Male,32,West,Lucknow,17-10-2024
5574,Customer_05574,Female,61,West,Indore,20-07-2025
5575,Customer_05575,Female,35,West,Hyderabad,01-06-2024
5576,Customer_05576,Female,18,North,Chennai,06-08-2024
5577,Customer_05577,Male,37,West,Jaipur,21-06-2024
5578,Customer_05578,Male,28,Central,Ahmedabad,30-08-2025
5579,Customer_05579,Female,30,Central,Pune,26-09-2025
5580,Customer_05580,Male,47,South,Ahmedabad,12-01-2024
5581,Customer_05581,Female,43,North,Ahmedabad,30-05-2025
5582,Customer_05582,Female,18,South,Mumbai,27-12-2024
5583,Customer_05583,Female,18,West,Indore,01-08-2025
5584,Customer_05584,Male,35,West,Pune,18-10-2025
5585,Customer_05585,Male,44,East,Kolkata,21-04-2025
5586,Customer_05586,Male,18,North,Bengaluru,30-07-2025
5587,Customer_05587,Female,44,South,Lucknow,22-03-2024
5588,Customer_05588,Other,59,East,Kolkata,08-09-2025
5589,Customer_05589,Male,46,Central,Kochi,23-11-2025
5590,Customer_05590,Male,26,West,Pune,05-12-2024
5591,Customer_05591,Female,40,South,Bengaluru,16-03-2025
5592,Customer_05592,Male,36,East,Bengaluru,08-09-2025
5593,Customer_05593,Female,52,North,Pune,13-08-2024
5594,Customer_05594,Male,45,Central,Mumbai,05-01-2025
5595,Customer_05595,Female,25,South,Pune,28-01-2024
5596,Customer_05596,Female,40,East,Jaipur,16-01-2024
5597,Customer_05597,Female,26,South,Kochi,03-10-2024
5598,Customer_05598,Male,44,West,Indore,28-11-2024
5599,Customer_05599,Male,31,West,Hyderabad,27-04-2025
5600,Customer_05600,Female,34,West,Mumbai,19-07-2025
5601,Customer_05601,Female,36,South,Bengaluru,14-10-2024
5602,Customer_05602,Female,28,South,Lucknow,23-04-2024
5603,Customer_05603,Male,35,North,Mumbai,07-02-2024
5604,Customer_05604,Male,39,West,Bengaluru,29-03-2025
5605,Customer_05605,Female,31,North,Mumbai,14-06-2024
5606,Customer_05606,Male,36,East,Indore,24-11-2025
5607,Customer_05607,Male,27,Central,Delhi,23-07-2024
5608,Customer_05608,Male,22,Central,Kolkata,01-09-2024
5609,Customer_05609,Female,34,South,Bengaluru,28-11-2024
5610,Customer_05610,Male,44,East,Bengaluru,30-01-2025
5611,Customer_05611,Female,44,North,Bengaluru,21-05-2025
5612,Customer_05612,Male,43,West,Pune,30-04-2024
5613,Customer_05613,Male,44,West,Ahmedabad,15-09-2024
5614,Customer_05614,Female,36,South,Delhi,22-12-2025
5615,Customer_05615,Male,29,South,Indore,13-02-2025
5616,Customer_05616,Male,31,West,Kochi,05-11-2024
5617,Customer_05617,Female,33,Central,Mumbai,06-12-2025
5618,Customer_05618,Male,27,South,Jaipur,08-03-2024
5619,Customer_05619,Male,40,East,Hyderabad,23-04-2024
5620,Customer_05620,Female,28,North,Kochi,07-08-2024
5621,Customer_05621,Female,18,North,Bengaluru,07-08-2024
5622,Customer_05622,Male,45,Central,Indore,17-04-2025
5623,Customer_05623,Male,39,West,Kolkata,30-12-2025
5624,Customer_05624,Male,18,West,Indore,20-01-2025
5625,Customer_05625,Female,28,North,Mumbai,24-10-2024
5626,Customer_05626,Female,33,West,Indore,28-08-2025
5627,Customer_05627,Male,34,South,Jaipur,09-09-2024
5628,Customer_05628,Female,55,South,Hyderabad,08-02-2025
5629,Customer_05629,Female,24,East,Indore,06-05-2025
5630,Customer_05630,Male,24,North,Jaipur,22-12-2024
5631,Customer_05631,Male,47,West,Pune,03-03-2025
5632,Customer_05632,Male,32,East,Hyderabad,02-08-2024
5633,Customer_05633,Female,46,North,Jaipur,14-01-2025
5634,Customer_05634,Female,31,North,Jaipur,01-08-2024
5635,Customer_05635,Male,46,North,Kochi,07-04-2024
5636,Customer_05636,Female,31,North,Lucknow,11-06-2025
5637,Customer_05637,Female,33,East,Chennai,27-10-2025
5638,Customer_05638,Male,24,West,Kolkata,11-06-2025
5639,Customer_05639,Male,51,North,Mumbai,10-12-2025
5640,Customer_05640,Female,26,North,Ahmedabad,11-09-2025
5641,Customer_05641,Male,21,East,Mumbai,18-06-2025
5642,Customer_05642,Male,50,West,Kochi,07-07-2025
5643,Customer_05643,Male,41,South,Kolkata,02-07-2025
5644,Customer_05644,Male,50,South,Delhi,23-11-2024
5645,Customer_05645,Female,27,East,Chennai,13-06-2024
5646,Customer_05646,Male,40,South,Kolkata,25-04-2024
5647,Customer_05647,Female,48,North,Bengaluru,29-05-2024
5648,Customer_05648,Male,23,West,Delhi,01-06-2025
5649,Customer_05649,Female,37,East,Kolkata,01-02-2024
5650,Customer_05650,Male,29,East,Mumbai,18-10-2025
5651,Customer_05651,Female,30,West,Delhi,19-10-2024
5652,Customer_05652,Female,26,West,Kochi,19-11-2025
5653,Customer_05653,Female,38,North,Indore,25-06-2024
5654,Customer_05654,Female,32,South,Ahmedabad,01-03-2024
5655,Customer_05655,Male,25,North,Mumbai,11-08-2025
5656,Customer_05656,Female,48,North,Indore,19-02-2025
5657,Customer_05657,Female,35,West,Jaipur,17-01-2025
5658,Customer_05658,Female,18,Central,Chennai,20-08-2025
5659,Customer_05659,Female,27,Central,Bengaluru,03-12-2025
5660,Customer_05660,Male,19,East,Ahmedabad,07-01-2024
5661,Customer_05661,Male,28,North,Kochi,25-03-2024
5662,Customer_05662,Female,38,North,Ahmedabad,01-02-2025
5663,Customer_05663,Female,40,West,Hyderabad,27-01-2025
5664,Customer_05664,Male,42,East,Jaipur,16-02-2024
5665,Customer_05665,Female,28,East,Bengaluru,06-12-2024
5666,Customer_05666,Female,30,West,Delhi,12-05-2025
5667,Customer_05667,Female,38,West,Pune,28-08-2025
5668,Customer_05668,Male,43,West,Jaipur,22-04-2025
5669,Customer_05669,Male,33,North,Hyderabad,01-03-2025
5670,Customer_05670,Male,40,West,Jaipur,01-03-2025
5671,Customer_05671,Female,28,Central,Ahmedabad,29-05-2025
5672,Customer_05672,Female,18,South,Indore,08-05-2024
5673,Customer_05673,Female,43,West,Kolkata,05-09-2024
5674,Customer_05674,Female,40,South,Bengaluru,10-05-2024
5675,Customer_05675,Female,33,Central,Kolkata,19-11-2025
5676,Customer_05676,Female,36,North,Bengaluru,18-11-2024
5677,Customer_05677,Male,46,East,Jaipur,26-06-2025
5678,Customer_05678,Male,34,North,Indore,06-03-2024
5679,Customer_05679,Male,18,West,Delhi,18-12-2025
5680,Customer_05680,Male,18,North,Bengaluru,10-04-2024
5681,Customer_05681,Male,47,South,Chennai,31-01-2024
5682,Customer_05682,Male,40,East,Jaipur,09-07-2024
5683,Customer_05683,Male,45,Central,Delhi,31-07-2025
5684,Customer_05684,Female,49,South,Chennai,18-02-2025
5685,Customer_05685,Male,48,North,Ahmedabad,14-12-2025
5686,Customer_05686,Female,20,West,Mumbai,14-05-2025
5687,Customer_05687,Female,32,East,Pune,17-08-2025
5688,Customer_05688,Female,25,Central,Hyderabad,15-02-2024
5689,Customer_05689,Female,36,North,Mumbai,29-03-2024
5690,Customer_05690,Female,20,West,Ahmedabad,28-11-2025
5691,Customer_05691,Female,34,South,Kochi,09-01-2025
5692,Customer_05692,Male,18,North,Kochi,01-12-2025
5693,Customer_05693,Male,31,West,Pune,02-09-2024
5694,Customer_05694,Male,49,East,Kochi,11-07-2025
5695,Customer_05695,Female,27,West,Delhi,13-09-2024
5696,Customer_05696,Male,27,South,Indore,17-12-2024
5697,Customer_05697,Male,35,South,Ahmedabad,26-07-2025
5698,Customer_05698,Male,36,South,Mumbai,14-04-2024
5699,Customer_05699,Female,37,Central,Bengaluru,02-12-2024
5700,Customer_05700,Female,26,South,Kochi,09-06-2025
5701,Customer_05701,Male,28,South,Ahmedabad,27-10-2024
5702,Customer_05702,Male,35,South,Indore,17-03-2024
5703,Customer_05703,Female,44,East,Delhi,25-05-2025
5704,Customer_05704,Female,27,South,Indore,17-08-2024
5705,Customer_05705,Male,32,Central,Jaipur,09-11-2025
5706,Customer_05706,Female,18,South,Lucknow,31-07-2025
5707,Customer_05707,Male,30,Central,Mumbai,01-02-2024
5708,Customer_05708,Male,36,North,Jaipur,30-08-2025
5709,Customer_05709,Male,43,West,Kochi,27-02-2024
5710,Customer_05710,Female,26,Central,Pune,13-04-2024
5711,Customer_05711,Male,36,North,Chennai,07-11-2024
5712,Customer_05712,Male,37,Central,Bengaluru,07-10-2025
5713,Customer_05713,Female,18,East,Indore,29-12-2025
5714,Customer_05714,Female,21,Central,Lucknow,07-03-2024
5715,Customer_05715,Female,39,West,Pune,20-11-2025
5716,Customer_05716,Male,35,South,Delhi,08-01-2025
5717,Customer_05717,Male,35,North,Chennai,22-08-2024
5718,Customer_05718,Other,25,South,Lucknow,04-10-2025
5719,Customer_05719,Female,20,North,Pune,21-04-2024
5720,Customer_05720,Female,39,North,Kolkata,23-01-2025
5721,Customer_05721,Female,36,North,Delhi,11-02-2025
5722,Customer_05722,Female,18,South,Lucknow,23-02-2024
5723,Customer_05723,Male,33,West,Ahmedabad,26-08-2024
5724,Customer_05724,Male,52,North,Chennai,21-10-2024
5725,Customer_05725,Male,40,North,Kolkata,21-04-2024
5726,Customer_05726,Male,25,West,Pune,28-03-2024
5727,Customer_05727,Female,36,North,Lucknow,20-04-2025
5728,Customer_05728,Male,32,North,Lucknow,30-10-2024
5729,Customer_05729,Female,50,North,Chennai,31-10-2024
5730,Customer_05730,Female,23,Central,Kolkata,16-10-2024
5731,Customer_05731,Other,47,West,Lucknow,26-07-2024
5732,Customer_05732,Female,22,South,Delhi,04-08-2025
5733,Customer_05733,Female,37,West,Kolkata,04-01-2025
5734,Customer_05734,Female,40,East,Mumbai,07-08-2024
5735,Customer_05735,Female,46,West,Ahmedabad,18-08-2024
5736,Customer_05736,Female,42,West,Kochi,14-12-2024
5737,Customer_05737,Female,19,East,Delhi,11-09-2024
5738,Customer_05738,Female,34,South,Delhi,27-03-2025
5739,Customer_05739,Male,39,North,Indore,21-05-2024
5740,Customer_05740,Male,45,East,Hyderabad,09-03-2024
5741,Customer_05741,Male,23,Central,Ahmedabad,29-03-2024
5742,Customer_05742,Male,25,East,Chennai,15-05-2024
5743,Customer_05743,Male,19,West,Jaipur,16-10-2025
5744,Customer_05744,Female,34,Central,Mumbai,29-11-2025
5745,Customer_05745,Female,37,North,Chennai,06-06-2025
5746,Customer_05746,Male,38,West,Indore,21-10-2025
5747,Customer_05747,Female,31,West,Indore,17-03-2025
5748,Customer_05748,Female,33,Central,Delhi,07-02-2024
5749,Customer_05749,Female,33,Central,Indore,26-07-2024
5750,Customer_05750,Female,32,West,Lucknow,28-07-2024
5751,Customer_05751,Male,18,South,Kolkata,27-05-2025
5752,Customer_05752,Male,24,West,Kochi,25-12-2024
5753,Customer_05753,Female,39,North,Chennai,30-07-2025
5754,Customer_05754,Male,30,West,Bengaluru,01-01-2024
5755,Customer_05755,Male,29,Central,Pune,15-01-2025
5756,Customer_05756,Female,47,South,Delhi,20-06-2025
5757,Customer_05757,Female,45,West,Pune,28-01-2025
5758,Customer_05758,Male,27,South,Hyderabad,19-02-2024
5759,Customer_05759,Male,49,South,Lucknow,30-01-2025
5760,Customer_05760,Male,32,South,Indore,01-02-2024
5761,Customer_05761,Male,42,West,Hyderabad,28-06-2025
5762,Customer_05762,Female,34,Central,Delhi,12-12-2025
5763,Customer_05763,Male,28,Central,Kolkata,21-08-2024
5764,Customer_05764,Female,42,North,Lucknow,26-01-2024
5765,Customer_05765,Female,25,Central,Kolkata,07-07-2025
5766,Customer_05766,Female,32,West,Hyderabad,09-03-2025
5767,Customer_05767,Female,34,South,Chennai,01-03-2024
5768,Customer_05768,Male,30,North,Pune,06-07-2025
5769,Customer_05769,Female,20,South,Chennai,16-03-2025
5770,Customer_05770,Female,39,Central,Kolkata,09-05-2024
5771,Customer_05771,Female,43,West,Pune,19-12-2024
5772,Customer_05772,Male,36,West,Chennai,16-07-2024
5773,Customer_05773,Male,26,South,Chennai,24-10-2025
5774,Customer_05774,Male,56,West,Jaipur,16-12-2025
5775,Customer_05775,Female,32,North,Mumbai,24-11-2025
5776,Customer_05776,Female,32,South,Jaipur,05-01-2025
5777,Customer_05777,Female,18,East,Lucknow,19-12-2025
5778,Customer_05778,Female,22,North,Bengaluru,26-05-2024
5779,Customer_05779,Male,46,West,Kochi,16-12-2025
5780,Customer_05780,Female,67,South,Kolkata,12-05-2025
5781,Customer_05781,Female,47,West,Pune,17-02-2024
5782,Customer_05782,Male,24,South,Ahmedabad,12-10-2025
5783,Customer_05783,Female,39,East,Jaipur,20-06-2024
5784,Customer_05784,Female,30,North,Pune,04-09-2025
5785,Customer_05785,Male,30,North,Bengaluru,29-11-2025
5786,Customer_05786,Female,21,Central,Kochi,10-11-2024
5787,Customer_05787,Female,39,South,Indore,10-01-2025
5788,Customer_05788,Male,21,West,Delhi,16-06-2025
5789,Customer_05789,Male,18,Central,Mumbai,23-02-2025
5790,Customer_05790,Male,30,South,Mumbai,30-01-2025
5791,Customer_05791,Female,18,South,Chennai,05-06-2025
5792,Customer_05792,Male,26,West,Kochi,05-07-2024
5793,Customer_05793,Male,40,Central,Hyderabad,06-10-2025
5794,Customer_05794,Male,45,Central,Jaipur,02-02-2024
5795,Customer_05795,Male,40,East,Delhi,09-03-2024
5796,Customer_05796,Male,32,West,Kolkata,14-08-2025
5797,Customer_05797,Male,29,North,Kolkata,09-07-2024
5798,Customer_05798,Male,25,Central,Kolkata,10-04-2024
5799,Customer_05799,Male,49,Central,Lucknow,29-04-2025
5800,Customer_05800,Female,21,North,Chennai,11-10-2024
5801,Customer_05801,Female,35,South,Delhi,24-01-2025
5802,Customer_05802,Male,40,North,Delhi,18-07-2025
5803,Customer_05803,Female,18,South,Chennai,08-06-2024
5804,Customer_05804,Female,18,West,Pune,07-07-2025
5805,Customer_05805,Male,40,South,Kochi,16-02-2024
5806,Customer_05806,Male,19,North,Kolkata,07-06-2024
5807,Customer_05807,Female,37,South,Chennai,21-03-2025
5808,Customer_05808,Male,25,Central,Indore,26-11-2025
5809,Customer_05809,Female,37,East,Indore,06-06-2025
5810,Customer_05810,Female,38,South,Jaipur,27-10-2025
5811,Customer_05811,Female,44,North,Jaipur,03-06-2024
5812,Customer_05812,Female,38,Central,Hyderabad,04-12-2024
5813,Customer_05813,Female,36,West,Chennai,30-12-2024
5814,Customer_05814,Female,51,South,Bengaluru,29-11-2025
5815,Customer_05815,Female,24,North,Delhi,27-07-2025
5816,Customer_05816,Male,35,North,Lucknow,27-05-2024
5817,Customer_05817,Female,43,North,Kolkata,23-05-2024
5818,Customer_05818,Female,18,East,Kochi,12-04-2024
5819,Customer_05819,Female,49,Central,Pune,02-04-2024
5820,Customer_05820,Male,32,East,Kolkata,12-10-2024
5821,Customer_05821,Male,38,West,Mumbai,27-02-2025
5822,Customer_05822,Female,29,South,Chennai,28-04-2024
5823,Customer_05823,Female,38,West,Pune,29-01-2024
5824,Customer_05824,Male,37,West,Lucknow,25-05-2025
5825,Customer_05825,Male,23,North,Pune,30-01-2024
5826,Customer_05826,Female,30,South,Pune,31-12-2024
5827,Customer_05827,Male,39,West,Jaipur,17-05-2024
5828,Customer_05828,Male,49,North,Pune,19-04-2025
5829,Customer_05829,Female,30,South,Indore,16-07-2025
5830,Customer_05830,Female,21,East,Bengaluru,26-01-2025
5831,Customer_05831,Male,38,Central,Jaipur,10-03-2025
5832,Customer_05832,Female,31,East,Delhi,21-08-2024
5833,Customer_05833,Female,42,West,Kolkata,24-02-2024
5834,Customer_05834,Female,27,South,Pune,18-10-2024
5835,Customer_05835,Male,20,West,Jaipur,07-11-2024
5836,Customer_05836,Male,50,East,Kochi,01-07-2025
5837,Customer_05837,Male,29,Central,Mumbai,29-03-2024
5838,Customer_05838,Male,25,South,Ahmedabad,30-07-2024
5839,Customer_05839,Male,27,East,Chennai,13-11-2024
5840,Customer_05840,Male,48,West,Pune,09-04-2025
5841,Customer_05841,Male,57,South,Mumbai,27-03-2024
5842,Customer_05842,Male,26,North,Mumbai,12-02-2025
5843,Customer_05843,Male,32,North,Kolkata,27-08-2024
5844,Customer_05844,Male,37,North,Pune,30-11-2025
5845,Customer_05845,Female,18,Central,Bengaluru,26-02-2024
5846,Customer_05846,Male,29,South,Kochi,22-04-2024
5847,Customer_05847,Male,53,South,Indore,10-03-2024
5848,Customer_05848,Male,31,West,Ahmedabad,22-11-2025
5849,Customer_05849,Female,47,South,Indore,02-07-2024
5850,Customer_05850,Male,33,East,Chennai,03-12-2025
5851,Customer_05851,Female,18,North,Kolkata,02-10-2024
5852,Customer_05852,Female,44,Central,Mumbai,20-08-2024
5853,Customer_05853,Male,31,Central,Kochi,23-02-2024
5854,Customer_05854,Female,48,Central,Chennai,13-09-2024
5855,Customer_05855,Female,36,South,Indore,30-03-2024
5856,Customer_05856,Male,34,West,Mumbai,24-10-2025
5857,Customer_05857,Male,39,North,Indore,10-03-2025
5858,Customer_05858,Female,38,North,Mumbai,16-09-2025
5859,Customer_05859,Female,18,North,Indore,11-02-2025
5860,Customer_05860,Male,45,East,Hyderabad,25-09-2024
5861,Customer_05861,Male,34,East,Lucknow,30-10-2025
5862,Customer_05862,Male,34,East,Mumbai,31-12-2024
5863,Customer_05863,Female,38,North,Kolkata,16-12-2024
5864,Customer_05864,Female,43,South,Lucknow,25-10-2024
5865,Customer_05865,Male,45,West,Jaipur,07-06-2024
5866,Customer_05866,Female,41,South,Hyderabad,01-05-2025
5867,Customer_05867,Male,18,West,Delhi,09-06-2025
5868,Customer_05868,Female,33,South,Kochi,20-12-2024
5869,Customer_05869,Male,25,West,Kolkata,12-09-2025
5870,Customer_05870,Female,36,East,Pune,04-02-2025
5871,Customer_05871,Female,32,South,Delhi,08-02-2025
5872,Customer_05872,Female,54,South,Lucknow,05-04-2024
5873,Customer_05873,Male,20,East,Mumbai,07-12-2025
5874,Customer_05874,Female,34,West,Pune,23-07-2025
5875,Customer_05875,Female,35,South,Delhi,26-01-2025
5876,Customer_05876,Other,29,South,Chennai,17-12-2024
5877,Customer_05877,Male,34,Central,Bengaluru,27-10-2025
5878,Customer_05878,Female,55,West,Jaipur,29-07-2025
5879,Customer_05879,Male,38,South,Bengaluru,31-10-2025
5880,Customer_05880,Male,49,East,Delhi,24-09-2025
5881,Customer_05881,Male,29,North,Ahmedabad,14-10-2024
5882,Customer_05882,Male,42,East,Kolkata,06-06-2025
5883,Customer_05883,Male,26,South,Delhi,26-12-2025
5884,Customer_05884,Male,25,Central,Ahmedabad,10-06-2024
5885,Customer_05885,Male,18,East,Lucknow,08-09-2025
5886,Customer_05886,Female,23,East,Pune,20-10-2025
5887,Customer_05887,Male,35,East,Ahmedabad,30-06-2024
5888,Customer_05888,Female,49,Central,Delhi,02-07-2025
5889,Customer_05889,Female,33,West,Chennai,22-03-2024
5890,Customer_05890,Female,36,East,Delhi,07-06-2025
5891,Customer_05891,Female,45,West,Kolkata,04-01-2024
5892,Customer_05892,Male,31,East,Delhi,09-05-2025
5893,Customer_05893,Female,24,East,Chennai,08-07-2025
5894,Customer_05894,Female,25,North,Jaipur,20-02-2024
5895,Customer_05895,Female,45,East,Ahmedabad,17-09-2024
5896,Customer_05896,Female,35,South,Bengaluru,13-05-2024
5897,Customer_05897,Female,35,Central,Kolkata,21-08-2025
5898,Customer_05898,Male,25,South,Indore,27-12-2024
5899,Customer_05899,Female,47,Central,Bengaluru,21-07-2025
5900,Customer_05900,Female,52,East,Kochi,04-08-2024
5901,Customer_05901,Male,36,West,Mumbai,08-03-2024
5902,Customer_05902,Female,43,East,Hyderabad,09-07-2025
5903,Customer_05903,Female,28,North,Bengaluru,22-05-2024
5904,Customer_05904,Female,47,South,Mumbai,11-12-2024
5905,Customer_05905,Female,40,North,Chennai,07-07-2025
5906,Customer_05906,Male,22,East,Pune,12-10-2025
5907,Customer_05907,Female,39,South,Kolkata,07-08-2025
5908,Customer_05908,Female,38,West,Chennai,12-07-2024
5909,Customer_05909,Female,36,South,Chennai,28-10-2025
5910,Customer_05910,Male,39,North,Lucknow,02-09-2024
5911,Customer_05911,Male,34,South,Ahmedabad,09-11-2024
5912,Customer_05912,Female,32,Central,Hyderabad,30-12-2025
5913,Customer_05913,Male,36,West,Jaipur,18-01-2025
5914,Customer_05914,Female,31,South,Mumbai,03-10-2024
5915,Customer_05915,Male,28,East,Lucknow,12-03-2024
5916,Customer_05916,Female,45,North,Pune,08-05-2024
5917,Customer_05917,Male,28,Central,Delhi,23-12-2024
5918,Customer_05918,Female,32,West,Bengaluru,28-11-2025
5919,Customer_05919,Female,29,South,Pune,08-06-2025
5920,Customer_05920,Male,25,East,Kochi,07-08-2024
5921,Customer_05921,Female,49,North,Ahmedabad,06-01-2024
5922,Customer_05922,Male,20,Central,Delhi,15-09-2025
5923,Customer_05923,Female,38,North,Ahmedabad,15-08-2024
5924,Customer_05924,Female,33,West,Kolkata,17-01-2024
5925,Customer_05925,Male,39,South,Hyderabad,07-08-2025
5926,Customer_05926,Male,32,West,Chennai,12-01-2024
5927,Customer_05927,Female,39,West,Ahmedabad,20-08-2025
5928,Customer_05928,Male,37,West,Pune,13-05-2025
5929,Customer_05929,Male,40,East,Jaipur,22-11-2025
5930,Customer_05930,Female,51,Central,Lucknow,25-09-2025
5931,Customer_05931,Male,18,North,Kolkata,16-12-2025
5932,Customer_05932,Female,35,South,Bengaluru,16-05-2025
5933,Customer_05933,Female,24,South,Hyderabad,10-03-2024
5934,Customer_05934,Male,27,Central,Indore,17-04-2024
5935,Customer_05935,Male,24,South,Jaipur,19-07-2024
5936,Customer_05936,Female,31,West,Chennai,21-02-2024
5937,Customer_05937,Male,45,West,Bengaluru,02-07-2025
5938,Customer_05938,Male,30,South,Lucknow,20-09-2025
5939,Customer_05939,Female,37,South,Delhi,15-09-2024
5940,Customer_05940,Female,43,South,Kochi,26-04-2025
5941,Customer_05941,Male,25,South,Indore,20-09-2024
5942,Customer_05942,Female,26,South,Pune,29-10-2024
5943,Customer_05943,Female,34,North,Jaipur,29-07-2025
5944,Customer_05944,Female,18,Central,Ahmedabad,07-07-2025
5945,Customer_05945,Female,54,Central,Pune,08-07-2025
5946,Customer_05946,Female,34,South,Delhi,04-05-2024
5947,Customer_05947,Male,40,South,Kochi,26-09-2024
5948,Customer_05948,Male,32,North,Chennai,24-04-2025
5949,Customer_05949,Male,40,West,Lucknow,11-05-2024
5950,Customer_05950,Male,32,West,Lucknow,02-01-2024
5951,Customer_05951,Male,40,North,Delhi,24-04-2024
5952,Customer_05952,Male,47,North,Delhi,25-04-2025
5953,Customer_05953,Female,18,West,Ahmedabad,01-01-2024
5954,Customer_05954,Male,41,East,Delhi,26-11-2024
5955,Customer_05955,Female,29,North,Lucknow,30-07-2025
5956,Customer_05956,Male,23,East,Mumbai,28-09-2025
5957,Customer_05957,Female,20,South,Bengaluru,25-01-2025
5958,Customer_05958,Female,35,South,Kochi,22-05-2024
5959,Customer_05959,Female,37,West,Hyderabad,23-11-2024
5960,Customer_05960,Female,28,West,Chennai,19-09-2025
5961,Customer_05961,Female,21,South,Delhi,11-01-2025
5962,Customer_05962,Female,35,Central,Kochi,30-03-2024
5963,Customer_05963,Male,35,South,Jaipur,11-02-2024
5964,Customer_05964,Female,40,West,Jaipur,04-02-2024
5965,Customer_05965,Male,41,East,Lucknow,08-05-2025
5966,Customer_05966,Male,46,Central,Chennai,06-07-2025
5967,Customer_05967,Male,41,Central,Chennai,03-05-2024
5968,Customer_05968,Male,18,North,Pune,26-02-2024
5969,Customer_05969,Male,34,Central,Delhi,31-03-2025
5970,Customer_05970,Male,44,West,Pune,22-08-2024
5971,Customer_05971,Male,42,West,Ahmedabad,30-08-2025
5972,Customer_05972,Male,58,North,Indore,26-01-2025
5973,Customer_05973,Male,43,West,Chennai,06-05-2025
5974,Customer_05974,Female,21,Central,Ahmedabad,08-12-2024
5975,Customer_05975,Male,18,South,Ahmedabad,05-10-2025
5976,Customer_05976,Female,35,Central,Mumbai,24-06-2024
5977,Customer_05977,Male,36,North,Pune,21-02-2024
5978,Customer_05978,Female,29,North,Hyderabad,03-07-2025
5979,Customer_05979,Male,42,East,Chennai,22-04-2025
5980,Customer_05980,Female,18,East,Kolkata,03-05-2025
5981,Customer_05981,Male,29,West,Chennai,05-01-2024
5982,Customer_05982,Female,18,North,Mumbai,25-12-2025
5983,Customer_05983,Male,26,Central,Bengaluru,23-09-2025
5984,Customer_05984,Female,31,North,Indore,27-07-2024
5985,Customer_05985,Male,45,North,Bengaluru,04-08-2024
5986,Customer_05986,Female,22,North,Jaipur,19-06-2025
5987,Customer_05987,Female,33,East,Bengaluru,07-12-2024
5988,Customer_05988,Female,29,Central,Kolkata,17-12-2025
5989,Customer_05989,Female,33,West,Jaipur,04-02-2025
5990,Customer_05990,Male,30,West,Indore,06-04-2025
5991,Customer_05991,Male,31,North,Mumbai,30-12-2025
5992,Customer_05992,Female,27,East,Kolkata,29-07-2024
5993,Customer_05993,Male,38,East,Hyderabad,26-01-2024
5994,Customer_05994,Female,45,East,Indore,08-09-2024
5995,Customer_05995,Male,34,North,Pune,03-01-2024
5996,Customer_05996,Female,54,West,Lucknow,02-01-2024
5997,Customer_05997,Female,35,East,Bengaluru,26-08-2025
5998,Customer_05998,Male,42,West,Kochi,02-01-2024
5999,Customer_05999,Female,26,East,Hyderabad,29-05-2024
6000,Customer_06000,Male,33,North,Chennai,05-08-2025
6001,Customer_06001,Male,31,West,Pune,04-01-2024
6002,Customer_06002,Female,22,North,Lucknow,11-05-2025
6003,Customer_06003,Male,26,Central,Bengaluru,03-07-2025
6004,Customer_06004,Female,38,East,Delhi,12-04-2025
6005,Customer_06005,Female,47,North,Mumbai,10-03-2024
6006,Customer_06006,Female,40,Central,Hyderabad,19-07-2024
6007,Customer_06007,Male,37,East,Hyderabad,03-11-2024
6008,Customer_06008,Female,25,North,Mumbai,08-09-2024
6009,Customer_06009,Male,39,East,Indore,13-10-2024
6010,Customer_06010,Male,28,South,Bengaluru,18-10-2024
6011,Customer_06011,Female,22,West,Bengaluru,02-06-2024
6012,Customer_06012,Male,25,West,Indore,12-05-2024
6013,Customer_06013,Female,33,Central,Kochi,08-08-2025
6014,Customer_06014,Male,29,East,Chennai,30-09-2024
6015,Customer_06015,Male,37,East,Chennai,27-11-2025
6016,Customer_06016,Male,30,West,Indore,23-05-2025
6017,Customer_06017,Male,37,North,Kolkata,18-12-2024
6018,Customer_06018,Male,31,East,Chennai,05-01-2024
6019,Customer_06019,Male,34,East,Mumbai,19-10-2024
6020,Customer_06020,Female,24,North,Kochi,25-12-2024
6021,Customer_06021,Male,48,South,Pune,20-08-2025
6022,Customer_06022,Male,18,Central,Mumbai,01-08-2024
6023,Customer_06023,Male,59,Central,Indore,09-02-2025
6024,Customer_06024,Female,39,North,Ahmedabad,11-03-2025
6025,Customer_06025,Male,18,North,Pune,15-01-2024
6026,Customer_06026,Female,35,South,Kolkata,29-09-2024
6027,Customer_06027,Male,36,Central,Mumbai,16-07-2025
6028,Customer_06028,Male,49,North,Lucknow,14-02-2024
6029,Customer_06029,Male,21,West,Kolkata,03-12-2025
6030,Customer_06030,Male,21,North,Jaipur,25-09-2025
6031,Customer_06031,Female,37,East,Ahmedabad,15-02-2025
6032,Customer_06032,Male,36,South,Lucknow,05-07-2024
6033,Customer_06033,Male,49,West,Bengaluru,26-12-2025
6034,Customer_06034,Male,24,South,Kochi,22-10-2025
6035,Customer_06035,Male,23,West,Kochi,18-06-2024
6036,Customer_06036,Female,53,South,Bengaluru,21-12-2025
6037,Customer_06037,Female,34,West,Kolkata,16-08-2025
6038,Customer_06038,Male,27,Central,Kochi,04-02-2025
6039,Customer_06039,Male,41,North,Indore,08-12-2025
6040,Customer_06040,Female,18,Central,Delhi,02-09-2024
6041,Customer_06041,Female,38,East,Jaipur,05-07-2025
6042,Customer_06042,Female,28,North,Pune,10-11-2025
6043,Customer_06043,Male,29,South,Jaipur,12-02-2024
6044,Customer_06044,Male,47,North,Lucknow,23-12-2025
6045,Customer_06045,Female,38,West,Mumbai,27-06-2024
6046,Customer_06046,Female,23,West,Pune,01-04-2025
6047,Customer_06047,Female,35,North,Pune,18-06-2025
6048,Customer_06048,Male,35,East,Ahmedabad,29-08-2025
6049,Customer_06049,Female,31,West,Kolkata,02-11-2025
6050,Customer_06050,Male,24,Central,Mumbai,31-08-2024
6051,Customer_06051,Male,36,East,Hyderabad,17-01-2024
6052,Customer_06052,Female,41,Central,Bengaluru,21-04-2024
6053,Customer_06053,Female,39,East,Lucknow,06-09-2025
6054,Customer_06054,Female,27,South,Kochi,20-08-2025
6055,Customer_06055,Female,32,West,Bengaluru,30-06-2025
6056,Customer_06056,Female,18,East,Hyderabad,30-01-2024
6057,Customer_06057,Female,50,East,Delhi,10-07-2024
6058,Customer_06058,Female,28,East,Pune,12-03-2025
6059,Customer_06059,Male,29,West,Delhi,27-06-2024
6060,Customer_06060,Female,21,West,Delhi,07-09-2025
6061,Customer_06061,Male,43,South,Lucknow,07-11-2025
6062,Customer_06062,Female,44,South,Jaipur,18-04-2025
6063,Customer_06063,Male,28,East,Bengaluru,25-09-2025
6064,Customer_06064,Male,23,East,Hyderabad,13-05-2024
6065,Customer_06065,Male,34,South,Kolkata,07-11-2024
6066,Customer_06066,Female,31,West,Chennai,25-01-2024
6067,Customer_06067,Male,41,East,Chennai,05-01-2025
6068,Customer_06068,Male,33,South,Bengaluru,08-06-2025
6069,Customer_06069,Female,32,North,Pune,14-11-2024
6070,Customer_06070,Male,41,South,Chennai,17-08-2024
6071,Customer_06071,Male,18,Central,Chennai,11-04-2024
6072,Customer_06072,Male,31,South,Pune,25-03-2025
6073,Customer_06073,Female,36,North,Bengaluru,12-01-2025
6074,Customer_06074,Female,30,East,Chennai,21-07-2024
6075,Customer_06075,Female,37,South,Lucknow,23-09-2024
6076,Customer_06076,Male,36,North,Hyderabad,06-04-2025
6077,Customer_06077,Male,43,South,Ahmedabad,30-12-2024
6078,Customer_06078,Male,31,East,Hyderabad,13-04-2024
6079,Customer_06079,Female,18,East,Kolkata,20-04-2024
6080,Customer_06080,Female,19,South,Pune,03-03-2025
6081,Customer_06081,Female,39,South,Ahmedabad,13-04-2025
6082,Customer_06082,Female,36,Central,Chennai,03-08-2025
6083,Customer_06083,Male,32,South,Lucknow,10-11-2025
6084,Customer_06084,Male,32,South,Pune,14-07-2025
6085,Customer_06085,Female,28,South,Delhi,06-09-2024
6086,Customer_06086,Female,28,East,Kochi,26-04-2025
6087,Customer_06087,Female,29,West,Kochi,26-11-2024
6088,Customer_06088,Female,31,North,Hyderabad,09-08-2025
6089,Customer_06089,Female,35,West,Lucknow,19-07-2024
6090,Customer_06090,Female,33,North,Kolkata,29-03-2025
6091,Customer_06091,Female,31,South,Bengaluru,18-05-2025
6092,Customer_06092,Male,41,West,Hyderabad,29-06-2025
6093,Customer_06093,Female,43,South,Hyderabad,20-04-2024
6094,Customer_06094,Female,47,East,Hyderabad,27-06-2025
6095,Customer_06095,Female,32,North,Bengaluru,27-07-2024
6096,Customer_06096,Male,29,West,Indore,05-10-2025
6097,Customer_06097,Male,33,North,Hyderabad,09-09-2025
6098,Customer_06098,Male,29,Central,Delhi,02-02-2024
6099,Customer_06099,Other,34,North,Indore,08-07-2025
6100,Customer_06100,Male,38,Central,Kochi,16-04-2024
6101,Customer_06101,Male,35,South,Kochi,21-09-2024
6102,Customer_06102,Female,32,West,Lucknow,13-08-2024
6103,Customer_06103,Female,40,South,Kolkata,01-05-2025
6104,Customer_06104,Female,51,Central,Kochi,27-06-2024
6105,Customer_06105,Female,27,North,Mumbai,09-08-2024
6106,Customer_06106,Female,37,North,Jaipur,04-01-2025
6107,Customer_06107,Female,32,East,Bengaluru,28-09-2025
6108,Customer_06108,Male,26,North,Bengaluru,15-06-2024
6109,Customer_06109,Male,27,North,Kolkata,24-10-2025
6110,Customer_06110,Female,30,Central,Jaipur,06-07-2025
6111,Customer_06111,Male,50,Central,Pune,26-10-2024
6112,Customer_06112,Female,44,South,Lucknow,15-01-2025
6113,Customer_06113,Male,25,Central,Hyderabad,04-02-2024
6114,Customer_06114,Male,39,East,Pune,10-02-2025
6115,Customer_06115,Male,24,South,Delhi,16-05-2025
6116,Customer_06116,Female,28,West,Chennai,09-11-2024
6117,Customer_06117,Male,47,West,Delhi,27-12-2025
6118,Customer_06118,Male,54,Central,Mumbai,10-04-2024
6119,Customer_06119,Female,18,South,Bengaluru,22-07-2025
6120,Customer_06120,Female,34,West,Bengaluru,02-08-2024
6121,Customer_06121,Male,38,North,Kochi,29-10-2025
6122,Customer_06122,Female,31,North,Lucknow,29-07-2025
6123,Customer_06123,Female,35,North,Delhi,02-03-2024
6124,Customer_06124,Male,30,Central,Mumbai,03-01-2025
6125,Customer_06125,Female,40,West,Lucknow,02-01-2025
6126,Customer_06126,Male,31,West,Indore,27-07-2025
6127,Customer_06127,Male,40,East,Pune,03-04-2024
6128,Customer_06128,Female,44,South,Kochi,13-04-2025
6129,Customer_06129,Female,42,North,Mumbai,26-01-2024
6130,Customer_06130,Male,32,South,Mumbai,10-03-2025
6131,Customer_06131,Female,18,South,Delhi,30-04-2024
6132,Customer_06132,Female,39,West,Chennai,19-02-2024
6133,Customer_06133,Female,20,East,Lucknow,05-02-2024
6134,Customer_06134,Female,39,North,Jaipur,13-02-2025
6135,Customer_06135,Female,38,North,Lucknow,15-10-2024
6136,Customer_06136,Male,32,North,Chennai,13-01-2025
6137,Customer_06137,Male,35,South,Hyderabad,09-04-2024
6138,Customer_06138,Female,49,Central,Jaipur,19-11-2024
6139,Customer_06139,Female,47,West,Bengaluru,24-11-2024
6140,Customer_06140,Male,30,West,Delhi,09-10-2025
6141,Customer_06141,Male,18,East,Kochi,06-12-2025
6142,Customer_06142,Female,50,South,Pune,08-08-2024
6143,Customer_06143,Male,18,North,Jaipur,20-07-2025
6144,Customer_06144,Male,35,Central,Bengaluru,19-04-2024
6145,Customer_06145,Male,33,West,Jaipur,28-05-2024
6146,Customer_06146,Male,38,North,Jaipur,09-02-2025
6147,Customer_06147,Male,47,East,Hyderabad,04-11-2025
6148,Customer_06148,Male,35,East,Indore,29-11-2025
6149,Customer_06149,Female,29,East,Indore,13-02-2025
6150,Customer_06150,Male,37,Central,Lucknow,08-05-2024
6151,Customer_06151,Female,20,East,Pune,28-04-2025
6152,Customer_06152,Female,27,East,Indore,17-04-2024
6153,Customer_06153,Male,32,North,Pune,23-01-2025
6154,Customer_06154,Male,39,North,Jaipur,28-02-2025
6155,Customer_06155,Female,48,North,Pune,22-03-2025
6156,Customer_06156,Male,45,North,Bengaluru,08-03-2024
6157,Customer_06157,Male,43,West,Ahmedabad,06-03-2024
6158,Customer_06158,Male,45,West,Hyderabad,17-10-2025
6159,Customer_06159,Male,40,North,Chennai,18-07-2025
6160,Customer_06160,Female,35,West,Kochi,01-10-2025
6161,Customer_06161,Female,24,North,Mumbai,18-05-2025
6162,Customer_06162,Male,34,South,Lucknow,18-05-2025
6163,Customer_06163,Other,18,South,Pune,16-11-2024
6164,Customer_06164,Male,29,South,Indore,19-12-2025
6165,Customer_06165,Female,35,South,Chennai,28-12-2025
6166,Customer_06166,Female,35,East,Indore,02-08-2025
6167,Customer_06167,Female,28,South,Indore,22-03-2025
6168,Customer_06168,Male,18,Central,Kochi,27-07-2025
6169,Customer_06169,Female,28,North,Delhi,28-07-2024
6170,Customer_06170,Male,31,North,Mumbai,04-01-2025
6171,Customer_06171,Male,36,North,Hyderabad,17-07-2025
6172,Customer_06172,Male,41,East,Ahmedabad,19-09-2025
6173,Customer_06173,Female,31,North,Lucknow,02-04-2025
6174,Customer_06174,Male,30,West,Chennai,30-07-2025
6175,Customer_06175,Male,28,East,Ahmedabad,03-10-2025
6176,Customer_06176,Male,33,East,Jaipur,19-11-2025
6177,Customer_06177,Male,43,East,Ahmedabad,11-06-2024
6178,Customer_06178,Male,24,North,Pune,27-11-2024
6179,Customer_06179,Female,18,North,Kochi,25-10-2025
6180,Customer_06180,Male,36,South,Ahmedabad,15-12-2024
6181,Customer_06181,Male,46,East,Chennai,31-10-2025
6182,Customer_06182,Female,37,South,Jaipur,12-04-2025
6183,Customer_06183,Female,24,North,Pune,01-03-2025
6184,Customer_06184,Female,33,Central,Bengaluru,22-11-2024
6185,Customer_06185,Female,35,North,Kolkata,15-04-2024
6186,Customer_06186,Male,41,West,Hyderabad,11-09-2024
6187,Customer_06187,Female,25,West,Kochi,23-12-2024
6188,Customer_06188,Female,50,South,Indore,19-03-2025
6189,Customer_06189,Female,30,North,Hyderabad,22-04-2024
6190,Customer_06190,Female,27,North,Indore,30-01-2024
6191,Customer_06191,Female,37,West,Ahmedabad,07-06-2025
6192,Customer_06192,Female,20,West,Indore,19-11-2025
6193,Customer_06193,Male,55,West,Chennai,15-02-2024
6194,Customer_06194,Male,39,Central,Lucknow,19-06-2024
6195,Customer_06195,Female,31,West,Kochi,09-05-2024
6196,Customer_06196,Female,24,North,Jaipur,18-12-2024
6197,Customer_06197,Male,32,South,Indore,21-07-2024
6198,Customer_06198,Female,44,West,Pune,13-08-2024
6199,Customer_06199,Male,30,North,Hyderabad,20-03-2024
6200,Customer_06200,Female,26,North,Pune,05-11-2024
6201,Customer_06201,Female,41,West,Hyderabad,04-02-2024
6202,Customer_06202,Male,24,South,Chennai,17-07-2025
6203,Customer_06203,Male,36,Central,Mumbai,09-06-2024
6204,Customer_06204,Male,38,West,Indore,18-08-2025
6205,Customer_06205,Female,38,North,Kochi,10-03-2025
6206,Customer_06206,Female,38,Central,Kochi,21-06-2025
6207,Customer_06207,Female,24,South,Jaipur,12-08-2024
6208,Customer_06208,Female,32,South,Hyderabad,21-03-2025
6209,Customer_06209,Male,31,South,Pune,12-11-2024
6210,Customer_06210,Male,35,North,Mumbai,27-10-2025
6211,Customer_06211,Female,18,East,Jaipur,17-02-2025
6212,Customer_06212,Other,20,North,Bengaluru,04-04-2024
6213,Customer_06213,Male,56,South,Indore,12-08-2024
6214,Customer_06214,Male,41,South,Lucknow,06-07-2025
6215,Customer_06215,Male,32,West,Kolkata,06-10-2025
6216,Customer_06216,Female,35,West,Jaipur,06-03-2024
6217,Customer_06217,Male,54,North,Mumbai,31-01-2025
6218,Customer_06218,Other,18,South,Mumbai,28-07-2024
6219,Customer_06219,Male,35,South,Mumbai,18-04-2025
6220,Customer_06220,Male,31,North,Hyderabad,26-10-2025
6221,Customer_06221,Male,46,West,Jaipur,14-11-2025
6222,Customer_06222,Female,40,West,Jaipur,24-07-2025
6223,Customer_06223,Male,56,North,Pune,26-11-2025
6224,Customer_06224,Male,42,South,Jaipur,04-05-2025
6225,Customer_06225,Male,30,North,Jaipur,28-06-2024
6226,Customer_06226,Female,32,East,Hyderabad,07-06-2025
6227,Customer_06227,Male,41,North,Mumbai,03-04-2025
6228,Customer_06228,Female,49,Central,Mumbai,08-03-2024
6229,Customer_06229,Male,27,West,Hyderabad,24-11-2024
6230,Customer_06230,Female,37,South,Pune,20-07-2024
6231,Customer_06231,Female,18,East,Delhi,19-04-2025
6232,Customer_06232,Male,31,Central,Ahmedabad,01-06-2025
6233,Customer_06233,Other,51,East,Pune,15-01-2024
6234,Customer_06234,Male,49,North,Delhi,11-02-2024
6235,Customer_06235,Female,41,South,Chennai,26-06-2025
6236,Customer_06236,Male,52,West,Indore,23-11-2025
6237,Customer_06237,Male,31,West,Bengaluru,15-10-2024
6238,Customer_06238,Male,33,West,Kochi,16-06-2025
6239,Customer_06239,Female,31,Central,Indore,24-11-2025
6240,Customer_06240,Male,41,Central,Hyderabad,26-11-2025
6241,Customer_06241,Female,63,Central,Indore,31-08-2024
6242,Customer_06242,Male,38,North,Kolkata,22-10-2025
6243,Customer_06243,Female,23,East,Kochi,03-09-2025
6244,Customer_06244,Female,23,West,Indore,20-07-2025
6245,Customer_06245,Female,25,West,Mumbai,28-11-2025
6246,Customer_06246,Female,26,East,Mumbai,20-08-2025
6247,Customer_06247,Male,25,North,Pune,22-06-2024
6248,Customer_06248,Male,36,West,Mumbai,17-06-2025
6249,Customer_06249,Male,20,West,Kolkata,23-05-2025
6250,Customer_06250,Female,39,North,Kolkata,31-08-2024
6251,Customer_06251,Female,44,East,Chennai,29-02-2024
6252,Customer_06252,Female,28,North,Hyderabad,13-04-2024
6253,Customer_06253,Female,37,South,Jaipur,12-10-2025
6254,Customer_06254,Female,41,North,Bengaluru,29-10-2024
6255,Customer_06255,Female,43,South,Delhi,01-11-2025
6256,Customer_06256,Female,35,East,Kochi,17-03-2024
6257,Customer_06257,Female,25,East,Kochi,18-01-2024
6258,Customer_06258,Female,35,West,Bengaluru,17-06-2025
6259,Customer_06259,Female,32,West,Indore,02-07-2024
6260,Customer_06260,Female,35,South,Hyderabad,18-10-2025
6261,Customer_06261,Female,24,North,Hyderabad,03-07-2025
6262,Customer_06262,Male,19,Central,Hyderabad,07-10-2024
6263,Customer_06263,Female,18,North,Kolkata,14-10-2024
6264,Customer_06264,Female,18,Central,Lucknow,16-10-2025
6265,Customer_06265,Male,18,West,Indore,08-06-2025
6266,Customer_06266,Male,44,East,Jaipur,28-11-2025
6267,Customer_06267,Female,37,Central,Hyderabad,18-04-2025
6268,Customer_06268,Female,34,North,Kochi,23-09-2024
6269,Customer_06269,Male,31,South,Pune,31-08-2025
6270,Customer_06270,Male,18,West,Lucknow,22-12-2024
6271,Customer_06271,Female,38,South,Chennai,01-01-2024
6272,Customer_06272,Male,36,Central,Mumbai,27-01-2024
6273,Customer_06273,Male,34,North,Bengaluru,01-07-2025
6274,Customer_06274,Female,26,East,Bengaluru,08-06-2024
6275,Customer_06275,Female,27,East,Bengaluru,02-02-2025
6276,Customer_06276,Female,39,West,Kolkata,26-06-2025
6277,Customer_06277,Male,26,South,Delhi,06-05-2024
6278,Customer_06278,Male,45,South,Kolkata,28-07-2024
6279,Customer_06279,Male,50,West,Kochi,29-05-2024
6280,Customer_06280,Male,45,North,Hyderabad,31-01-2024
6281,Customer_06281,Male,35,West,Indore,03-09-2025
6282,Customer_06282,Female,33,East,Kochi,28-10-2024
6283,Customer_06283,Male,35,West,Delhi,13-11-2025
6284,Customer_06284,Female,41,West,Jaipur,13-09-2024
6285,Customer_06285,Male,49,North,Kolkata,26-02-2024
6286,Customer_06286,Female,40,East,Kochi,09-01-2024
6287,Customer_06287,Other,18,Central,Pune,05-01-2024
6288,Customer_06288,Male,25,South,Kolkata,23-04-2024
6289,Customer_06289,Male,32,Central,Bengaluru,15-11-2025
6290,Customer_06290,Female,44,East,Hyderabad,23-07-2024
6291,Customer_06291,Female,57,North,Kochi,24-01-2024
6292,Customer_06292,Female,35,South,Jaipur,07-05-2025
6293,Customer_06293,Male,41,Central,Bengaluru,12-11-2025
6294,Customer_06294,Female,19,South,Bengaluru,09-02-2025
6295,Customer_06295,Female,27,Central,Mumbai,12-04-2024
6296,Customer_06296,Male,38,Central,Indore,29-02-2024
6297,Customer_06297,Female,18,South,Mumbai,26-03-2024
6298,Customer_06298,Female,36,North,Mumbai,07-11-2025
6299,Customer_06299,Female,30,West,Delhi,06-01-2025
6300,Customer_06300,Female,34,South,Lucknow,09-11-2025
6301,Customer_06301,Female,27,West,Hyderabad,18-08-2025
6302,Customer_06302,Male,39,South,Lucknow,20-07-2024
6303,Customer_06303,Female,45,East,Hyderabad,24-08-2025
6304,Customer_06304,Female,41,West,Indore,29-03-2024
6305,Customer_06305,Female,41,South,Indore,12-03-2025
6306,Customer_06306,Other,40,South,Delhi,29-04-2024
6307,Customer_06307,Male,34,South,Hyderabad,04-06-2024
6308,Customer_06308,Male,30,South,Indore,02-02-2025
6309,Customer_06309,Female,43,East,Delhi,30-11-2025
6310,Customer_06310,Female,25,West,Bengaluru,06-07-2024
6311,Customer_06311,Male,39,South,Kolkata,21-02-2024
6312,Customer_06312,Female,39,East,Pune,13-10-2025
6313,Customer_06313,Male,24,West,Bengaluru,14-06-2025
6314,Customer_06314,Male,25,South,Bengaluru,24-04-2025
6315,Customer_06315,Female,39,South,Indore,09-08-2025
6316,Customer_06316,Male,36,Central,Hyderabad,17-08-2024
6317,Customer_06317,Female,38,West,Delhi,25-04-2025
6318,Customer_06318,Male,32,East,Bengaluru,09-05-2024
6319,Customer_06319,Male,49,West,Chennai,24-02-2024
6320,Customer_06320,Female,40,North,Indore,27-09-2024
6321,Customer_06321,Female,47,East,Indore,09-04-2024
6322,Customer_06322,Male,31,East,Delhi,09-03-2024
6323,Customer_06323,Male,44,East,Hyderabad,25-10-2024
6324,Customer_06324,Female,31,South,Chennai,12-06-2025
6325,Customer_06325,Male,31,North,Chennai,19-12-2024
6326,Customer_06326,Female,22,North,Chennai,19-09-2025
6327,Customer_06327,Male,39,Central,Bengaluru,31-05-2024
6328,Customer_06328,Female,24,South,Delhi,25-11-2024
6329,Customer_06329,Male,28,East,Chennai,25-04-2024
6330,Customer_06330,Female,20,North,Lucknow,25-06-2025
6331,Customer_06331,Female,18,North,Lucknow,18-11-2024
6332,Customer_06332,Male,33,West,Pune,16-07-2025
6333,Customer_06333,Female,27,East,Kolkata,25-07-2025
6334,Customer_06334,Male,37,East,Kochi,16-08-2024
6335,Customer_06335,Male,33,South,Lucknow,25-12-2024
6336,Customer_06336,Male,44,West,Mumbai,05-01-2024
6337,Customer_06337,Female,53,North,Mumbai,28-01-2024
6338,Customer_06338,Male,45,North,Kochi,29-12-2024
6339,Customer_06339,Female,34,East,Indore,06-04-2025
6340,Customer_06340,Female,41,South,Bengaluru,18-08-2024
6341,Customer_06341,Male,47,South,Jaipur,29-01-2025
6342,Customer_06342,Male,29,West,Hyderabad,12-12-2025
6343,Customer_06343,Male,43,West,Mumbai,27-09-2024
6344,Customer_06344,Male,47,West,Mumbai,30-10-2024
6345,Customer_06345,Male,35,South,Ahmedabad,17-01-2025
6346,Customer_06346,Female,39,North,Indore,11-07-2025
6347,Customer_06347,Female,54,South,Pune,28-01-2024
6348,Customer_06348,Male,28,Central,Mumbai,02-06-2025
6349,Customer_06349,Female,31,East,Hyderabad,17-07-2024
6350,Customer_06350,Male,40,West,Mumbai,28-08-2025
6351,Customer_06351,Female,25,North,Delhi,22-03-2024
6352,Customer_06352,Other,33,East,Hyderabad,28-03-2024
6353,Customer_06353,Male,22,North,Mumbai,24-01-2025
6354,Customer_06354,Female,18,East,Delhi,28-11-2025
6355,Customer_06355,Female,36,Central,Kolkata,02-08-2025
6356,Customer_06356,Female,21,Central,Delhi,26-03-2025
6357,Customer_06357,Male,25,East,Hyderabad,08-03-2025
6358,Customer_06358,Male,44,East,Jaipur,08-01-2025
6359,Customer_06359,Male,36,Central,Pune,10-03-2025
6360,Customer_06360,Male,34,West,Jaipur,05-07-2024
6361,Customer_06361,Female,30,North,Kolkata,24-01-2025
6362,Customer_06362,Male,49,East,Delhi,05-08-2024
6363,Customer_06363,Female,56,South,Hyderabad,17-04-2024
6364,Customer_06364,Male,40,East,Kolkata,03-07-2025
6365,Customer_06365,Male,18,East,Jaipur,14-12-2024
6366,Customer_06366,Female,34,East,Indore,05-06-2025
6367,Customer_06367,Male,23,South,Pune,26-01-2024
6368,Customer_06368,Female,30,North,Indore,17-02-2024
6369,Customer_06369,Male,39,East,Hyderabad,04-01-2025
6370,Customer_06370,Male,35,West,Jaipur,14-01-2024
6371,Customer_06371,Male,20,West,Kolkata,03-09-2025
6372,Customer_06372,Male,27,South,Hyderabad,05-07-2024
6373,Customer_06373,Female,45,Central,Delhi,07-06-2025
6374,Customer_06374,Male,50,Central,Chennai,05-10-2024
6375,Customer_06375,Female,48,North,Bengaluru,06-12-2024
6376,Customer_06376,Male,20,North,Mumbai,23-11-2024
6377,Customer_06377,Female,30,West,Bengaluru,09-11-2025
6378,Customer_06378,Female,27,West,Delhi,25-09-2025
6379,Customer_06379,Female,41,Central,Kolkata,29-08-2025
6380,Customer_06380,Female,31,Central,Chennai,25-01-2024
6381,Customer_06381,Other,24,East,Kolkata,12-06-2025
6382,Customer_06382,Female,49,East,Indore,01-03-2025
6383,Customer_06383,Male,28,North,Hyderabad,29-01-2024
6384,Customer_06384,Female,44,South,Mumbai,18-11-2024
6385,Customer_06385,Other,28,East,Bengaluru,08-11-2024
6386,Customer_06386,Male,42,East,Indore,06-08-2025
6387,Customer_06387,Female,31,East,Hyderabad,26-09-2024
6388,Customer_06388,Female,24,West,Chennai,21-10-2024
6389,Customer_06389,Female,46,South,Mumbai,17-10-2025
6390,Customer_06390,Female,27,East,Ahmedabad,10-08-2024
6391,Customer_06391,Female,35,North,Chennai,15-03-2024
6392,Customer_06392,Female,21,South,Chennai,11-04-2024
6393,Customer_06393,Male,20,West,Kolkata,15-06-2025
6394,Customer_06394,Male,49,West,Ahmedabad,20-09-2025
6395,Customer_06395,Male,35,Central,Hyderabad,16-11-2025
6396,Customer_06396,Male,33,South,Chennai,21-06-2024
6397,Customer_06397,Male,30,East,Jaipur,04-01-2024
6398,Customer_06398,Female,26,South,Lucknow,23-04-2025
6399,Customer_06399,Male,40,South,Indore,21-10-2025
6400,Customer_06400,Female,48,Central,Jaipur,29-01-2025
6401,Customer_06401,Female,42,West,Kolkata,17-09-2025
6402,Customer_06402,Female,40,Central,Delhi,15-06-2024
6403,Customer_06403,Male,31,North,Bengaluru,26-10-2024
6404,Customer_06404,Male,40,Central,Chennai,27-04-2024
6405,Customer_06405,Male,53,North,Delhi,26-05-2025
6406,Customer_06406,Male,31,Central,Hyderabad,03-09-2025
6407,Customer_06407,Female,38,South,Kolkata,23-06-2024
6408,Customer_06408,Female,48,South,Mumbai,07-06-2024
6409,Customer_06409,Female,54,East,Pune,18-01-2025
6410,Customer_06410,Male,35,Central,Indore,14-08-2024
6411,Customer_06411,Male,42,North,Chennai,07-02-2024
6412,Customer_06412,Female,31,South,Indore,07-04-2025
6413,Customer_06413,Male,37,Central,Delhi,06-03-2025
6414,Customer_06414,Female,32,South,Mumbai,10-12-2025
6415,Customer_06415,Female,46,North,Jaipur,09-10-2025
6416,Customer_06416,Male,51,South,Chennai,13-04-2024
6417,Customer_06417,Female,22,South,Kochi,11-07-2024
6418,Customer_06418,Female,33,Central,Kolkata,06-09-2024
6419,Customer_06419,Female,29,West,Delhi,13-01-2024
6420,Customer_06420,Male,31,East,Hyderabad,20-07-2025
6421,Customer_06421,Female,32,Central,Bengaluru,19-08-2025
6422,Customer_06422,Male,25,East,Indore,12-09-2025
6423,Customer_06423,Female,37,North,Kochi,08-07-2025
6424,Customer_06424,Male,22,South,Chennai,22-01-2025
6425,Customer_06425,Male,43,South,Indore,11-03-2024
6426,Customer_06426,Male,37,North,Ahmedabad,24-07-2025
6427,Customer_06427,Male,23,Central,Ahmedabad,13-03-2025
6428,Customer_06428,Male,23,West,Indore,13-02-2024
6429,Customer_06429,Male,42,South,Ahmedabad,28-09-2024
6430,Customer_06430,Female,27,East,Jaipur,14-01-2024
6431,Customer_06431,Male,49,West,Bengaluru,05-01-2025
6432,Customer_06432,Female,18,Central,Delhi,21-04-2024
6433,Customer_06433,Female,23,Central,Indore,13-01-2025
6434,Customer_06434,Male,30,East,Lucknow,09-11-2024
6435,Customer_06435,Male,34,West,Kochi,18-02-2025
6436,Customer_06436,Male,41,East,Pune,29-04-2025
6437,Customer_06437,Other,32,East,Pune,17-06-2024
6438,Customer_06438,Female,31,North,Indore,02-09-2024
6439,Customer_06439,Female,27,North,Indore,22-09-2024
6440,Customer_06440,Male,26,East,Chennai,30-08-2024
6441,Customer_06441,Female,27,South,Bengaluru,31-10-2025
6442,Customer_06442,Male,33,North,Ahmedabad,26-10-2024
6443,Customer_06443,Female,18,West,Hyderabad,22-11-2024
6444,Customer_06444,Male,39,North,Hyderabad,13-06-2025
6445,Customer_06445,Female,35,East,Indore,17-08-2025
6446,Customer_06446,Female,33,East,Hyderabad,07-12-2024
6447,Customer_06447,Female,45,Central,Jaipur,09-11-2025
6448,Customer_06448,Male,40,East,Chennai,07-07-2025
6449,Customer_06449,Female,35,North,Indore,05-09-2024
6450,Customer_06450,Male,41,East,Bengaluru,14-01-2025
6451,Customer_06451,Female,28,West,Lucknow,15-06-2025
6452,Customer_06452,Female,40,Central,Hyderabad,15-01-2025
6453,Customer_06453,Male,42,South,Delhi,11-02-2024
6454,Customer_06454,Female,18,South,Lucknow,10-12-2024
6455,Customer_06455,Male,52,Central,Bengaluru,21-08-2025
6456,Customer_06456,Male,37,North,Mumbai,17-09-2024
6457,Customer_06457,Male,40,East,Bengaluru,01-11-2024
6458,Customer_06458,Female,45,South,Ahmedabad,27-08-2024
6459,Customer_06459,Female,33,North,Mumbai,09-11-2025
6460,Customer_06460,Female,30,South,Bengaluru,08-11-2024
6461,Customer_06461,Female,37,South,Pune,16-03-2025
6462,Customer_06462,Female,62,West,Kolkata,12-05-2024
6463,Customer_06463,Male,33,Central,Jaipur,19-12-2025
6464,Customer_06464,Female,28,South,Lucknow,20-02-2024
6465,Customer_06465,Male,47,West,Kochi,09-09-2025
6466,Customer_06466,Female,18,North,Delhi,26-01-2025
6467,Customer_06467,Male,33,East,Chennai,26-11-2025
6468,Customer_06468,Female,28,North,Lucknow,13-12-2025
6469,Customer_06469,Female,40,Central,Pune,06-06-2025
6470,Customer_06470,Female,35,West,Mumbai,22-05-2025
6471,Customer_06471,Male,23,West,Mumbai,23-10-2025
6472,Customer_06472,Male,40,West,Mumbai,19-12-2024
6473,Customer_06473,Male,26,West,Chennai,29-01-2025
6474,Customer_06474,Female,34,Central,Lucknow,05-04-2024
6475,Customer_06475,Female,30,West,Pune,15-04-2024
6476,Customer_06476,Male,42,Central,Jaipur,16-10-2025
6477,Customer_06477,Male,29,East,Jaipur,08-11-2025
6478,Customer_06478,Male,18,North,Indore,27-05-2025
6479,Customer_06479,Female,23,East,Chennai,11-07-2025
6480,Customer_06480,Male,35,North,Ahmedabad,29-08-2024
6481,Customer_06481,Other,27,East,Kolkata,02-05-2025
6482,Customer_06482,Male,46,East,Delhi,29-05-2025
6483,Customer_06483,Female,24,East,Hyderabad,15-10-2025
6484,Customer_06484,Female,40,North,Mumbai,01-03-2024
6485,Customer_06485,Male,42,North,Lucknow,19-02-2025
6486,Customer_06486,Female,36,East,Kochi,20-10-2024
6487,Customer_06487,Male,38,Central,Chennai,28-10-2024
6488,Customer_06488,Female,33,South,Kochi,18-06-2024
6489,Customer_06489,Female,37,South,Mumbai,07-10-2025
6490,Customer_06490,Male,29,West,Lucknow,10-02-2024
6491,Customer_06491,Female,36,East,Delhi,18-08-2024
6492,Customer_06492,Female,31,South,Jaipur,12-02-2025
6493,Customer_06493,Female,31,South,Jaipur,12-10-2025
6494,Customer_06494,Male,27,South,Lucknow,13-09-2025
6495,Customer_06495,Male,32,Central,Jaipur,23-10-2024
6496,Customer_06496,Male,49,North,Jaipur,30-03-2025
6497,Customer_06497,Female,32,South,Indore,26-02-2024
6498,Customer_06498,Female,43,North,Hyderabad,26-09-2025
6499,Customer_06499,Male,39,South,Jaipur,27-08-2024
6500,Customer_06500,Male,36,West,Indore,20-08-2025
6501,Customer_06501,Female,37,North,Indore,24-06-2024
6502,Customer_06502,Female,34,North,Lucknow,03-03-2024
6503,Customer_06503,Female,28,East,Indore,04-07-2025
6504,Customer_06504,Male,51,North,Lucknow,17-05-2024
6505,Customer_06505,Male,45,North,Bengaluru,29-03-2025
6506,Customer_06506,Male,34,West,Ahmedabad,24-03-2025
6507,Customer_06507,Male,35,West,Jaipur,13-08-2024
6508,Customer_06508,Female,40,Central,Indore,18-03-2025
6509,Customer_06509,Female,23,Central,Ahmedabad,24-07-2024
6510,Customer_06510,Female,26,West,Jaipur,06-11-2025
6511,Customer_06511,Male,18,North,Chennai,27-01-2024
6512,Customer_06512,Female,32,West,Kochi,01-04-2025
6513,Customer_06513,Female,46,West,Indore,25-11-2025
6514,Customer_06514,Male,31,West,Kolkata,10-12-2025
6515,Customer_06515,Female,56,East,Lucknow,16-04-2024
6516,Customer_06516,Female,30,South,Mumbai,19-03-2025
6517,Customer_06517,Female,36,West,Delhi,01-12-2025
6518,Customer_06518,Male,31,West,Delhi,05-02-2024
6519,Customer_06519,Female,18,Central,Kochi,19-08-2025
6520,Customer_06520,Other,31,North,Delhi,03-06-2024
6521,Customer_06521,Female,26,South,Lucknow,17-06-2024
6522,Customer_06522,Female,36,South,Ahmedabad,28-09-2024
6523,Customer_06523,Male,47,West,Bengaluru,30-06-2025
6524,Customer_06524,Female,30,North,Indore,23-02-2025
6525,Customer_06525,Female,38,North,Bengaluru,02-07-2024
6526,Customer_06526,Female,32,Central,Chennai,02-09-2025
6527,Customer_06527,Male,43,North,Pune,24-08-2024
6528,Customer_06528,Female,57,West,Delhi,23-05-2025
6529,Customer_06529,Female,49,South,Indore,16-03-2025
6530,Customer_06530,Female,28,West,Kolkata,01-05-2024
6531,Customer_06531,Female,48,East,Kochi,20-02-2025
6532,Customer_06532,Female,37,Central,Delhi,18-06-2025
6533,Customer_06533,Female,46,Central,Ahmedabad,09-01-2025
6534,Customer_06534,Female,24,North,Bengaluru,28-07-2025
6535,Customer_06535,Male,33,North,Kochi,21-11-2024
6536,Customer_06536,Male,36,South,Delhi,24-04-2025
6537,Customer_06537,Female,33,West,Lucknow,29-05-2024
6538,Customer_06538,Female,37,Central,Kolkata,07-12-2025
6539,Customer_06539,Female,33,East,Chennai,14-08-2025
6540,Customer_06540,Male,30,East,Kochi,04-05-2025
6541,Customer_06541,Male,29,North,Lucknow,01-06-2024
6542,Customer_06542,Female,26,West,Bengaluru,17-01-2024
6543,Customer_06543,Female,37,Central,Mumbai,04-07-2025
6544,Customer_06544,Female,33,South,Delhi,13-12-2024
6545,Customer_06545,Female,29,East,Chennai,03-04-2025
6546,Customer_06546,Male,19,North,Kolkata,20-07-2024
6547,Customer_06547,Female,39,East,Mumbai,26-02-2025
6548,Customer_06548,Female,41,East,Jaipur,06-10-2024
6549,Customer_06549,Female,25,North,Kochi,25-02-2025
6550,Customer_06550,Male,35,South,Mumbai,22-08-2025
6551,Customer_06551,Male,29,South,Chennai,09-04-2025
6552,Customer_06552,Female,41,East,Chennai,20-12-2024
6553,Customer_06553,Male,29,East,Kolkata,04-08-2025
6554,Customer_06554,Male,29,North,Pune,12-01-2025
6555,Customer_06555,Male,35,West,Lucknow,03-05-2024
6556,Customer_06556,Female,30,West,Mumbai,20-03-2024
6557,Customer_06557,Male,29,South,Indore,10-07-2025
6558,Customer_06558,Female,28,North,Hyderabad,20-08-2024
6559,Customer_06559,Female,30,West,Pune,24-04-2025
6560,Customer_06560,Female,30,Central,Lucknow,02-06-2024
6561,Customer_06561,Female,34,South,Pune,22-11-2025
6562,Customer_06562,Male,32,South,Delhi,12-02-2025
6563,Customer_06563,Male,39,North,Bengaluru,31-01-2024
6564,Customer_06564,Male,22,East,Jaipur,19-08-2025
6565,Customer_06565,Female,55,North,Pune,10-07-2025
6566,Customer_06566,Female,34,South,Hyderabad,17-05-2025
6567,Customer_06567,Female,44,West,Ahmedabad,05-01-2025
6568,Customer_06568,Female,39,East,Kochi,18-11-2024
6569,Customer_06569,Female,35,South,Kolkata,27-11-2024
6570,Customer_06570,Female,39,South,Lucknow,30-08-2024
6571,Customer_06571,Female,37,East,Lucknow,05-07-2025
6572,Customer_06572,Male,32,North,Pune,05-03-2025
6573,Customer_06573,Male,58,North,Indore,30-06-2024
6574,Customer_06574,Female,45,Central,Lucknow,17-04-2025
6575,Customer_06575,Female,18,North,Lucknow,10-01-2025
6576,Customer_06576,Female,45,West,Hyderabad,21-03-2024
6577,Customer_06577,Male,35,Central,Kochi,03-07-2025
6578,Customer_06578,Male,50,South,Chennai,23-02-2025
6579,Customer_06579,Male,31,South,Delhi,11-04-2025
6580,Customer_06580,Male,18,East,Kolkata,03-03-2025
6581,Customer_06581,Female,30,Central,Bengaluru,26-02-2024
6582,Customer_06582,Male,18,Central,Hyderabad,17-11-2024
6583,Customer_06583,Female,27,West,Kolkata,25-06-2025
6584,Customer_06584,Male,28,North,Ahmedabad,09-05-2025
6585,Customer_06585,Male,38,West,Chennai,22-09-2024
6586,Customer_06586,Male,37,South,Ahmedabad,14-08-2024
6587,Customer_06587,Other,40,East,Delhi,23-02-2024
6588,Customer_06588,Female,40,North,Ahmedabad,31-08-2025
6589,Customer_06589,Female,53,North,Lucknow,04-01-2024
6590,Customer_06590,Female,34,West,Mumbai,14-03-2025
6591,Customer_06591,Female,39,East,Kolkata,05-11-2024
6592,Customer_06592,Male,43,South,Pune,25-08-2025
6593,Customer_06593,Male,28,South,Hyderabad,29-03-2024
6594,Customer_06594,Male,21,Central,Chennai,15-11-2024
6595,Customer_06595,Male,38,West,Lucknow,09-01-2025
6596,Customer_06596,Male,30,South,Indore,26-08-2025
6597,Customer_06597,Male,42,North,Delhi,15-05-2025
6598,Customer_06598,Male,41,South,Pune,23-10-2025
6599,Customer_06599,Female,44,Central,Jaipur,21-08-2024
6600,Customer_06600,Female,26,East,Delhi,02-12-2024
6601,Customer_06601,Male,28,East,Bengaluru,24-07-2025
6602,Customer_06602,Female,35,East,Indore,03-07-2024
6603,Customer_06603,Female,32,South,Ahmedabad,13-03-2025
6604,Customer_06604,Male,39,West,Hyderabad,09-07-2025
6605,Customer_06605,Female,48,East,Pune,28-06-2024
6606,Customer_06606,Male,33,North,Delhi,16-03-2024
6607,Customer_06607,Male,20,North,Pune,17-10-2025
6608,Customer_06608,Female,18,East,Mumbai,04-09-2025
6609,Customer_06609,Male,21,Central,Jaipur,28-09-2024
6610,Customer_06610,Male,21,South,Mumbai,24-02-2024
6611,Customer_06611,Male,41,Central,Mumbai,01-12-2025
6612,Customer_06612,Female,34,West,Chennai,17-03-2024
6613,Customer_06613,Female,35,South,Kolkata,22-10-2024
6614,Customer_06614,Female,41,North,Pune,06-08-2024
6615,Customer_06615,Female,48,North,Kolkata,03-10-2024
6616,Customer_06616,Female,32,West,Jaipur,31-07-2025
6617,Customer_06617,Male,41,North,Mumbai,09-10-2025
6618,Customer_06618,Female,38,South,Chennai,11-12-2025
6619,Customer_06619,Female,18,East,Chennai,22-09-2024
6620,Customer_06620,Male,19,West,Mumbai,12-02-2024
6621,Customer_06621,Female,31,North,Lucknow,26-12-2024
6622,Customer_06622,Female,36,South,Kochi,15-08-2024
6623,Customer_06623,Male,39,East,Jaipur,14-08-2024
6624,Customer_06624,Male,32,East,Jaipur,03-03-2024
6625,Customer_06625,Male,18,West,Pune,19-06-2024
6626,Customer_06626,Female,30,North,Chennai,02-11-2024
6627,Customer_06627,Male,18,West,Delhi,21-07-2025
6628,Customer_06628,Male,32,West,Delhi,13-11-2025
6629,Customer_06629,Male,40,East,Chennai,03-02-2024
6630,Customer_06630,Female,38,West,Bengaluru,03-10-2025
6631,Customer_06631,Female,29,South,Ahmedabad,09-05-2024
6632,Customer_06632,Female,38,North,Indore,28-01-2025
6633,Customer_06633,Male,23,West,Kolkata,30-05-2024
6634,Customer_06634,Female,28,East,Kolkata,16-10-2025
6635,Customer_06635,Female,18,West,Hyderabad,21-09-2025
6636,Customer_06636,Female,29,South,Ahmedabad,16-12-2025
6637,Customer_06637,Female,26,Central,Lucknow,18-01-2025
6638,Customer_06638,Male,30,East,Hyderabad,17-01-2024
6639,Customer_06639,Male,31,North,Jaipur,16-08-2025
6640,Customer_06640,Male,36,South,Pune,14-01-2024
6641,Customer_06641,Female,18,West,Ahmedabad,21-03-2024
6642,Customer_06642,Female,25,West,Hyderabad,25-07-2024
6643,Customer_06643,Female,44,East,Pune,22-07-2024
6644,Customer_06644,Female,44,Central,Hyderabad,13-01-2025
6645,Customer_06645,Female,35,South,Mumbai,27-06-2025
6646,Customer_06646,Male,35,South,Bengaluru,23-01-2024
6647,Customer_06647,Male,23,Central,Bengaluru,05-09-2025
6648,Customer_06648,Female,30,Central,Delhi,10-06-2024
6649,Customer_06649,Other,42,West,Kolkata,01-09-2025
6650,Customer_06650,Female,22,Central,Indore,23-05-2024
6651,Customer_06651,Female,35,North,Mumbai,13-04-2024
6652,Customer_06652,Male,40,Central,Kolkata,16-01-2025
6653,Customer_06653,Male,34,South,Jaipur,30-03-2025
6654,Customer_06654,Male,33,North,Delhi,20-02-2025
6655,Customer_06655,Female,32,South,Kolkata,19-11-2024
6656,Customer_06656,Female,39,South,Hyderabad,19-06-2024
6657,Customer_06657,Female,36,South,Bengaluru,29-07-2025
6658,Customer_06658,Male,39,South,Ahmedabad,05-08-2025
6659,Customer_06659,Male,30,North,Mumbai,30-09-2024
6660,Customer_06660,Female,31,South,Chennai,27-03-2025
6661,Customer_06661,Male,39,East,Ahmedabad,04-05-2024
6662,Customer_06662,Female,25,South,Chennai,17-01-2025
6663,Customer_06663,Female,23,South,Indore,12-11-2024
6664,Customer_06664,Female,57,West,Hyderabad,16-04-2024
6665,Customer_06665,Other,38,Central,Bengaluru,21-10-2025
6666,Customer_06666,Male,32,West,Kochi,07-04-2025
6667,Customer_06667,Female,27,South,Lucknow,05-03-2025
6668,Customer_06668,Male,25,West,Mumbai,04-12-2025
6669,Customer_06669,Male,34,North,Kochi,02-12-2024
6670,Customer_06670,Male,33,North,Bengaluru,10-05-2025
6671,Customer_06671,Male,38,South,Jaipur,27-12-2024
6672,Customer_06672,Female,21,West,Chennai,07-03-2025
6673,Customer_06673,Female,21,South,Hyderabad,05-11-2025
6674,Customer_06674,Male,37,North,Lucknow,03-06-2025
6675,Customer_06675,Male,38,North,Lucknow,09-02-2025
6676,Customer_06676,Male,43,Central,Lucknow,11-01-2025
6677,Customer_06677,Female,51,West,Indore,31-05-2024
6678,Customer_06678,Female,31,South,Ahmedabad,17-11-2024
6679,Customer_06679,Female,41,East,Mumbai,29-08-2025
6680,Customer_06680,Male,24,East,Lucknow,01-08-2024
6681,Customer_06681,Male,18,West,Jaipur,29-07-2025
6682,Customer_06682,Male,24,South,Jaipur,05-03-2024
6683,Customer_06683,Female,29,Central,Indore,26-09-2024
6684,Customer_06684,Male,56,South,Pune,20-06-2025
6685,Customer_06685,Male,18,West,Delhi,09-04-2024
6686,Customer_06686,Male,41,North,Indore,14-04-2024
6687,Customer_06687,Female,28,South,Indore,10-05-2024
6688,Customer_06688,Male,39,South,Jaipur,23-01-2025
6689,Customer_06689,Female,34,East,Lucknow,16-11-2024
6690,Customer_06690,Female,25,North,Jaipur,13-03-2025
6691,Customer_06691,Female,44,West,Bengaluru,19-01-2024
6692,Customer_06692,Male,38,South,Kochi,12-08-2024
6693,Customer_06693,Male,34,West,Pune,09-09-2025
6694,Customer_06694,Female,37,West,Lucknow,19-07-2025
6695,Customer_06695,Male,30,East,Delhi,04-04-2025
6696,Customer_06696,Male,18,West,Mumbai,28-01-2025
6697,Customer_06697,Male,35,West,Kochi,13-08-2024
6698,Customer_06698,Male,56,South,Pune,25-12-2024
6699,Customer_06699,Male,42,West,Lucknow,05-03-2025
6700,Customer_06700,Female,37,South,Indore,15-01-2024
6701,Customer_06701,Male,38,East,Ahmedabad,13-07-2025
6702,Customer_06702,Male,34,West,Jaipur,12-10-2025
6703,Customer_06703,Male,18,South,Indore,29-06-2025
6704,Customer_06704,Female,23,South,Jaipur,17-02-2025
6705,Customer_06705,Female,33,East,Bengaluru,20-12-2024
6706,Customer_06706,Male,43,West,Ahmedabad,01-04-2025
6707,Customer_06707,Female,52,Central,Lucknow,22-12-2025
6708,Customer_06708,Male,23,East,Ahmedabad,14-06-2025
6709,Customer_06709,Female,41,West,Chennai,14-07-2024
6710,Customer_06710,Female,18,Central,Delhi,24-04-2024
6711,Customer_06711,Female,31,North,Jaipur,20-02-2025
6712,Customer_06712,Female,34,South,Delhi,17-12-2024
6713,Customer_06713,Male,51,West,Indore,15-03-2024
6714,Customer_06714,Female,26,West,Kochi,23-10-2025
6715,Customer_06715,Male,31,Central,Delhi,05-02-2024
6716,Customer_06716,Female,44,South,Mumbai,29-08-2024
6717,Customer_06717,Male,27,North,Kochi,24-10-2025
6718,Customer_06718,Male,29,South,Indore,03-03-2024
6719,Customer_06719,Male,20,South,Mumbai,27-10-2025
6720,Customer_06720,Male,40,South,Mumbai,23-05-2025
6721,Customer_06721,Female,20,West,Lucknow,06-07-2024
6722,Customer_06722,Male,45,North,Kolkata,02-04-2024
6723,Customer_06723,Male,22,West,Chennai,05-01-2024
6724,Customer_06724,Male,26,South,Jaipur,13-03-2025
6725,Customer_06725,Female,22,East,Bengaluru,14-06-2024
6726,Customer_06726,Male,31,North,Delhi,21-03-2025
6727,Customer_06727,Male,45,South,Bengaluru,25-01-2024
6728,Customer_06728,Female,27,North,Lucknow,22-05-2025
6729,Customer_06729,Male,24,Central,Ahmedabad,07-04-2024
6730,Customer_06730,Male,34,West,Delhi,24-09-2024
6731,Customer_06731,Female,33,East,Hyderabad,23-10-2025
6732,Customer_06732,Male,41,South,Kochi,27-01-2025
6733,Customer_06733,Male,21,Central,Mumbai,18-08-2025
6734,Customer_06734,Female,36,South,Indore,11-10-2024
6735,Customer_06735,Male,46,North,Kolkata,14-11-2025
6736,Customer_06736,Male,24,East,Indore,18-04-2024
6737,Customer_06737,Female,36,Central,Mumbai,27-01-2024
6738,Customer_06738,Female,24,North,Chennai,24-02-2024
6739,Customer_06739,Female,45,South,Bengaluru,12-05-2024
6740,Customer_06740,Male,51,Central,Ahmedabad,21-02-2024
6741,Customer_06741,Male,22,North,Delhi,07-05-2025
6742,Customer_06742,Female,37,North,Hyderabad,24-10-2024
6743,Customer_06743,Male,38,East,Indore,02-02-2025
6744,Customer_06744,Male,35,Central,Delhi,13-08-2025
6745,Customer_06745,Female,32,East,Ahmedabad,18-01-2024
6746,Customer_06746,Male,28,Central,Jaipur,10-09-2025
6747,Customer_06747,Male,18,West,Hyderabad,12-07-2025
6748,Customer_06748,Male,32,North,Pune,02-09-2024
6749,Customer_06749,Female,43,Central,Delhi,17-05-2025
6750,Customer_06750,Male,45,South,Lucknow,29-03-2024
6751,Customer_06751,Male,36,South,Ahmedabad,21-07-2024
6752,Customer_06752,Male,24,East,Hyderabad,27-08-2024
6753,Customer_06753,Female,21,South,Chennai,04-05-2025
6754,Customer_06754,Female,28,North,Hyderabad,13-01-2024
6755,Customer_06755,Male,18,North,Delhi,10-10-2025
6756,Customer_06756,Female,18,South,Indore,10-11-2024
6757,Customer_06757,Male,21,West,Bengaluru,15-11-2025
6758,Customer_06758,Male,37,East,Kochi,16-07-2024
6759,Customer_06759,Female,18,Central,Jaipur,30-08-2024
6760,Customer_06760,Female,37,South,Bengaluru,21-05-2025
6761,Customer_06761,Male,26,South,Delhi,12-02-2024
6762,Customer_06762,Female,46,North,Mumbai,25-11-2024
6763,Customer_06763,Male,28,North,Hyderabad,13-08-2025
6764,Customer_06764,Other,29,South,Indore,04-03-2025
6765,Customer_06765,Female,26,West,Hyderabad,04-09-2025
6766,Customer_06766,Other,27,Central,Bengaluru,10-06-2024
6767,Customer_06767,Male,35,Central,Ahmedabad,17-10-2025
6768,Customer_06768,Male,37,South,Bengaluru,12-09-2025
6769,Customer_06769,Female,34,Central,Hyderabad,10-03-2025
6770,Customer_06770,Female,21,South,Pune,20-08-2024
6771,Customer_06771,Female,38,North,Hyderabad,20-04-2024
6772,Customer_06772,Male,22,Central,Kochi,19-08-2024
6773,Customer_06773,Female,23,West,Jaipur,09-12-2025
6774,Customer_06774,Female,28,North,Pune,29-09-2024
6775,Customer_06775,Female,42,South,Kochi,20-08-2025
6776,Customer_06776,Male,23,South,Pune,10-02-2024
6777,Customer_06777,Female,38,West,Hyderabad,13-07-2025
6778,Customer_06778,Female,18,East,Kolkata,10-04-2025
6779,Customer_06779,Male,39,Central,Mumbai,17-03-2024
6780,Customer_06780,Female,44,North,Hyderabad,20-11-2025
6781,Customer_06781,Male,40,South,Jaipur,04-05-2025
6782,Customer_06782,Female,33,East,Ahmedabad,26-04-2024
6783,Customer_06783,Female,27,East,Delhi,09-03-2025
6784,Customer_06784,Male,25,South,Mumbai,19-01-2024
6785,Customer_06785,Female,26,West,Bengaluru,24-07-2025
6786,Customer_06786,Female,28,Central,Bengaluru,14-07-2024
6787,Customer_06787,Female,43,Central,Lucknow,10-09-2025
6788,Customer_06788,Male,33,West,Mumbai,26-03-2025
6789,Customer_06789,Male,42,Central,Hyderabad,28-02-2025
6790,Customer_06790,Female,64,East,Indore,28-01-2025
6791,Customer_06791,Male,51,West,Kochi,10-10-2024
6792,Customer_06792,Male,34,South,Kolkata,03-02-2024
6793,Customer_06793,Male,28,South,Bengaluru,21-10-2024
6794,Customer_06794,Male,42,South,Indore,07-09-2024
6795,Customer_06795,Female,42,East,Pune,29-09-2025
6796,Customer_06796,Female,39,South,Indore,04-12-2024
6797,Customer_06797,Female,49,Central,Pune,09-09-2025
6798,Customer_06798,Female,25,South,Lucknow,15-03-2025
6799,Customer_06799,Female,37,North,Delhi,28-06-2024
6800,Customer_06800,Male,34,East,Delhi,13-09-2025
6801,Customer_06801,Female,41,North,Hyderabad,15-08-2024
6802,Customer_06802,Male,29,North,Lucknow,24-09-2025
6803,Customer_06803,Female,38,South,Pune,10-09-2025
6804,Customer_06804,Male,18,East,Ahmedabad,04-10-2025
6805,Customer_06805,Male,34,South,Kochi,23-01-2024
6806,Customer_06806,Male,51,West,Delhi,18-10-2025
6807,Customer_06807,Male,29,West,Hyderabad,22-11-2024
6808,Customer_06808,Male,33,South,Delhi,02-06-2024
6809,Customer_06809,Male,45,South,Bengaluru,10-09-2025
6810,Customer_06810,Male,39,South,Delhi,25-05-2024
6811,Customer_06811,Male,18,West,Ahmedabad,08-09-2024
6812,Customer_06812,Male,33,North,Mumbai,28-10-2024
6813,Customer_06813,Male,38,North,Indore,10-03-2024
6814,Customer_06814,Female,48,West,Chennai,26-06-2025
6815,Customer_06815,Female,46,East,Kochi,02-04-2024
6816,Customer_06816,Female,33,North,Lucknow,10-10-2025
6817,Customer_06817,Female,40,South,Bengaluru,11-06-2024
6818,Customer_06818,Female,33,Central,Jaipur,21-03-2024
6819,Customer_06819,Female,29,Central,Mumbai,10-08-2025
6820,Customer_06820,Male,45,West,Hyderabad,03-03-2024
6821,Customer_06821,Female,44,East,Kolkata,03-09-2025
6822,Customer_06822,Male,37,East,Lucknow,11-03-2025
6823,Customer_06823,Female,27,Central,Chennai,17-02-2024
6824,Customer_06824,Female,34,Central,Jaipur,20-03-2025
6825,Customer_06825,Female,34,South,Mumbai,14-03-2024
6826,Customer_06826,Male,43,West,Lucknow,04-12-2025
6827,Customer_06827,Female,31,North,Hyderabad,25-06-2025
6828,Customer_06828,Other,34,South,Kolkata,05-06-2024
6829,Customer_06829,Male,36,West,Ahmedabad,01-05-2025
6830,Customer_06830,Female,31,South,Lucknow,22-09-2024
6831,Customer_06831,Male,37,Central,Bengaluru,12-09-2024
6832,Customer_06832,Male,35,North,Bengaluru,08-02-2024
6833,Customer_06833,Male,26,East,Jaipur,24-02-2024
6834,Customer_06834,Female,28,Central,Delhi,28-01-2024
6835,Customer_06835,Male,20,Central,Hyderabad,27-04-2024
6836,Customer_06836,Male,27,North,Jaipur,04-01-2025
6837,Customer_06837,Male,48,South,Jaipur,27-07-2024
6838,Customer_06838,Male,41,East,Pune,09-08-2025
6839,Customer_06839,Male,26,North,Pune,30-07-2025
6840,Customer_06840,Male,32,Central,Jaipur,03-09-2025
6841,Customer_06841,Male,25,Central,Bengaluru,11-07-2025
6842,Customer_06842,Male,41,North,Jaipur,11-11-2024
6843,Customer_06843,Male,37,North,Delhi,27-01-2025
6844,Customer_06844,Female,41,North,Delhi,19-03-2025
6845,Customer_06845,Other,31,Central,Jaipur,29-10-2025
6846,Customer_06846,Male,44,North,Kolkata,15-09-2024
6847,Customer_06847,Male,22,South,Indore,09-10-2025
6848,Customer_06848,Female,28,South,Kochi,16-07-2024
6849,Customer_06849,Female,30,East,Indore,29-11-2025
6850,Customer_06850,Female,42,North,Chennai,19-09-2025
6851,Customer_06851,Male,29,South,Ahmedabad,20-03-2025
6852,Customer_06852,Male,24,Central,Indore,23-07-2025
6853,Customer_06853,Female,34,Central,Hyderabad,04-08-2025
6854,Customer_06854,Female,58,West,Kolkata,27-08-2025
6855,Customer_06855,Male,24,North,Delhi,10-10-2025
6856,Customer_06856,Male,46,South,Bengaluru,08-09-2025
6857,Customer_06857,Female,34,East,Bengaluru,31-10-2024
6858,Customer_06858,Male,34,South,Lucknow,04-12-2024
6859,Customer_06859,Female,28,Central,Indore,12-06-2025
6860,Customer_06860,Male,40,West,Jaipur,23-02-2024
6861,Customer_06861,Male,44,North,Pune,21-04-2024
6862,Customer_06862,Male,49,Central,Lucknow,14-11-2025
6863,Customer_06863,Female,37,Central,Delhi,22-02-2025
6864,Customer_06864,Male,27,North,Bengaluru,31-10-2024
6865,Customer_06865,Male,52,East,Kolkata,13-03-2025
6866,Customer_06866,Male,29,South,Jaipur,17-10-2025
6867,Customer_06867,Female,26,South,Bengaluru,25-03-2024
6868,Customer_06868,Other,37,North,Delhi,07-06-2025
6869,Customer_06869,Female,24,East,Hyderabad,08-09-2024
6870,Customer_06870,Other,29,Central,Hyderabad,28-12-2025
6871,Customer_06871,Male,40,East,Mumbai,05-05-2024
6872,Customer_06872,Other,63,North,Hyderabad,01-09-2025
6873,Customer_06873,Male,40,East,Delhi,08-02-2025
6874,Customer_06874,Male,46,South,Pune,30-10-2024
6875,Customer_06875,Male,29,Central,Chennai,28-01-2024
6876,Customer_06876,Female,37,South,Jaipur,22-09-2024
6877,Customer_06877,Female,18,North,Indore,21-02-2024
6878,Customer_06878,Female,21,North,Lucknow,16-10-2025
6879,Customer_06879,Other,36,West,Bengaluru,05-10-2025
6880,Customer_06880,Female,38,South,Bengaluru,25-05-2025
6881,Customer_06881,Female,42,West,Indore,25-07-2024
6882,Customer_06882,Male,32,North,Mumbai,27-07-2025
6883,Customer_06883,Female,49,South,Delhi,25-05-2025
6884,Customer_06884,Other,40,East,Jaipur,05-10-2025
6885,Customer_06885,Female,18,Central,Lucknow,06-07-2025
6886,Customer_06886,Male,18,Central,Pune,19-07-2024
6887,Customer_06887,Male,35,North,Jaipur,02-09-2025
6888,Customer_06888,Male,32,South,Chennai,10-10-2024
6889,Customer_06889,Male,36,North,Jaipur,22-12-2024
6890,Customer_06890,Male,31,East,Jaipur,16-02-2024
6891,Customer_06891,Female,28,East,Hyderabad,16-05-2024
6892,Customer_06892,Female,27,Central,Jaipur,09-05-2024
6893,Customer_06893,Female,33,Central,Kolkata,13-07-2024
6894,Customer_06894,Male,42,South,Lucknow,20-09-2025
6895,Customer_06895,Male,23,East,Ahmedabad,29-12-2024
6896,Customer_06896,Male,33,Central,Mumbai,07-03-2025
6897,Customer_06897,Male,48,West,Hyderabad,09-03-2024
6898,Customer_06898,Male,18,North,Delhi,02-04-2025
6899,Customer_06899,Male,40,South,Hyderabad,23-06-2025
6900,Customer_06900,Female,32,South,Hyderabad,30-11-2024
6901,Customer_06901,Male,26,South,Delhi,09-06-2025
6902,Customer_06902,Female,28,North,Ahmedabad,11-07-2025
6903,Customer_06903,Female,44,North,Indore,16-01-2024
6904,Customer_06904,Female,33,West,Hyderabad,31-03-2025
6905,Customer_06905,Female,23,South,Kochi,24-05-2025
6906,Customer_06906,Female,25,North,Kochi,27-07-2024
6907,Customer_06907,Female,29,South,Indore,06-06-2024
6908,Customer_06908,Female,43,West,Jaipur,02-12-2024
6909,Customer_06909,Male,29,Central,Pune,28-08-2024
6910,Customer_06910,Male,34,East,Chennai,27-02-2024
6911,Customer_06911,Female,27,South,Jaipur,31-10-2024
6912,Customer_06912,Male,30,Central,Jaipur,10-12-2024
6913,Customer_06913,Female,32,North,Jaipur,03-10-2025
6914,Customer_06914,Female,25,South,Indore,29-12-2025
6915,Customer_06915,Male,26,South,Mumbai,14-01-2024
6916,Customer_06916,Female,29,North,Indore,24-12-2024
6917,Customer_06917,Female,49,South,Indore,11-01-2025
6918,Customer_06918,Female,35,Central,Ahmedabad,30-08-2024
6919,Customer_06919,Female,25,East,Kochi,24-05-2024
6920,Customer_06920,Female,42,South,Delhi,18-02-2025
6921,Customer_06921,Female,43,Central,Delhi,28-01-2025
6922,Customer_06922,Female,25,North,Indore,06-09-2025
6923,Customer_06923,Male,50,South,Kolkata,29-12-2025
6924,Customer_06924,Male,38,East,Ahmedabad,23-12-2024
6925,Customer_06925,Male,38,East,Delhi,29-07-2025
6926,Customer_06926,Male,38,North,Lucknow,06-06-2024
6927,Customer_06927,Male,37,South,Kochi,04-11-2025
6928,Customer_06928,Female,33,West,Pune,18-01-2024
6929,Customer_06929,Female,40,West,Hyderabad,28-12-2025
6930,Customer_06930,Female,31,West,Bengaluru,14-07-2025
6931,Customer_06931,Female,50,South,Indore,21-07-2025
6932,Customer_06932,Male,18,North,Chennai,12-12-2024
6933,Customer_06933,Male,25,South,Delhi,27-02-2024
6934,Customer_06934,Female,38,North,Mumbai,03-06-2024
6935,Customer_06935,Male,33,Central,Lucknow,20-07-2025
6936,Customer_06936,Female,29,East,Pune,01-05-2025
6937,Customer_06937,Male,36,South,Kochi,14-06-2025
6938,Customer_06938,Male,22,West,Pune,01-05-2025
6939,Customer_06939,Male,24,East,Lucknow,30-05-2024
6940,Customer_06940,Female,33,South,Kochi,24-12-2024
6941,Customer_06941,Female,38,West,Ahmedabad,02-01-2025
6942,Customer_06942,Female,27,Central,Bengaluru,11-09-2025
6943,Customer_06943,Female,18,West,Kolkata,16-02-2024
6944,Customer_06944,Female,36,North,Kolkata,25-07-2024
6945,Customer_06945,Female,39,East,Bengaluru,25-03-2025
6946,Customer_06946,Female,23,West,Pune,27-04-2025
6947,Customer_06947,Male,30,North,Chennai,01-10-2025
6948,Customer_06948,Female,43,South,Bengaluru,27-11-2025
6949,Customer_06949,Female,22,Central,Jaipur,23-07-2025
6950,Customer_06950,Male,34,North,Ahmedabad,22-05-2024
6951,Customer_06951,Male,27,West,Kolkata,03-02-2025
6952,Customer_06952,Male,56,East,Pune,06-04-2024
6953,Customer_06953,Male,22,South,Chennai,16-02-2024
6954,Customer_06954,Female,18,North,Jaipur,09-07-2024
6955,Customer_06955,Female,40,West,Chennai,19-05-2024
6956,Customer_06956,Female,31,South,Pune,06-09-2025
6957,Customer_06957,Female,24,East,Mumbai,18-08-2024
6958,Customer_06958,Female,29,West,Jaipur,05-12-2024
6959,Customer_06959,Male,49,West,Lucknow,05-05-2025
6960,Customer_06960,Female,34,Central,Ahmedabad,18-02-2024
6961,Customer_06961,Female,49,East,Jaipur,15-09-2025
6962,Customer_06962,Female,22,South,Hyderabad,28-03-2025
6963,Customer_06963,Female,45,Central,Hyderabad,11-11-2024
6964,Customer_06964,Female,24,West,Bengaluru,17-11-2024
6965,Customer_06965,Male,46,South,Delhi,27-03-2024
6966,Customer_06966,Female,45,North,Kochi,18-04-2025
6967,Customer_06967,Female,24,West,Chennai,08-10-2024
6968,Customer_06968,Female,38,South,Kolkata,14-03-2024
6969,Customer_06969,Male,36,West,Delhi,28-03-2025
6970,Customer_06970,Male,43,East,Hyderabad,16-02-2024
6971,Customer_06971,Male,23,North,Ahmedabad,10-08-2025
6972,Customer_06972,Female,30,East,Lucknow,05-04-2024
6973,Customer_06973,Male,34,North,Mumbai,31-01-2024
6974,Customer_06974,Female,49,South,Jaipur,17-06-2025
6975,Customer_06975,Male,35,East,Bengaluru,17-01-2024
6976,Customer_06976,Male,24,South,Lucknow,30-07-2024
6977,Customer_06977,Female,37,West,Hyderabad,21-10-2025
6978,Customer_06978,Female,24,West,Kochi,22-08-2024
6979,Customer_06979,Female,18,West,Ahmedabad,26-01-2025
6980,Customer_06980,Male,32,North,Mumbai,19-12-2024
6981,Customer_06981,Male,37,North,Hyderabad,31-10-2024
6982,Customer_06982,Male,36,East,Lucknow,21-08-2025
6983,Customer_06983,Male,35,Central,Mumbai,03-07-2025
6984,Customer_06984,Female,52,West,Ahmedabad,18-07-2025
6985,Customer_06985,Male,50,West,Lucknow,23-06-2025
6986,Customer_06986,Other,26,South,Delhi,11-08-2025
6987,Customer_06987,Female,43,South,Kochi,23-05-2025
6988,Customer_06988,Female,57,East,Lucknow,12-12-2025
6989,Customer_06989,Other,52,North,Kolkata,29-01-2025
6990,Customer_06990,Male,44,North,Ahmedabad,06-03-2025
6991,Customer_06991,Male,33,Central,Kolkata,15-11-2025
6992,Customer_06992,Female,21,South,Hyderabad,15-07-2025
6993,Customer_06993,Male,24,South,Delhi,25-06-2024
6994,Customer_06994,Female,39,North,Kochi,09-02-2025
6995,Customer_06995,Other,37,Central,Jaipur,27-10-2024
6996,Customer_06996,Female,35,East,Kolkata,20-03-2025
6997,Customer_06997,Female,43,West,Indore,06-05-2024
6998,Customer_06998,Female,46,Central,Hyderabad,14-12-2024
6999,Customer_06999,Female,46,South,Ahmedabad,21-01-2024
7000,Customer_07000,Male,41,East,Delhi,11-12-2025
7001,Customer_07001,Female,39,North,Indore,01-12-2025
7002,Customer_07002,Male,29,North,Kolkata,23-02-2025
7003,Customer_07003,Female,35,West,Pune,31-05-2024
7004,Customer_07004,Female,38,West,Kolkata,08-06-2024
7005,Customer_07005,Male,33,South,Kochi,24-04-2025
7006,Customer_07006,Male,18,South,Kochi,18-03-2025
7007,Customer_07007,Male,37,East,Hyderabad,05-04-2024
7008,Customer_07008,Female,33,North,Indore,17-12-2024
7009,Customer_07009,Female,33,South,Pune,15-03-2024
7010,Customer_07010,Female,40,North,Indore,16-08-2025
7011,Customer_07011,Female,40,South,Mumbai,01-10-2025
7012,Customer_07012,Male,46,West,Kochi,24-12-2024
7013,Customer_07013,Female,40,South,Delhi,12-05-2024
7014,Customer_07014,Female,30,North,Hyderabad,03-02-2025
7015,Customer_07015,Male,47,East,Kochi,18-05-2024
7016,Customer_07016,Male,49,Central,Ahmedabad,02-09-2024
7017,Customer_07017,Female,34,South,Bengaluru,17-10-2024
7018,Customer_07018,Other,46,North,Mumbai,21-04-2024
7019,Customer_07019,Female,36,South,Kolkata,15-12-2025
7020,Customer_07020,Female,45,West,Bengaluru,18-06-2024
7021,Customer_07021,Male,47,East,Indore,21-08-2025
7022,Customer_07022,Other,28,West,Delhi,22-09-2025
7023,Customer_07023,Male,48,Central,Indore,01-09-2025
7024,Customer_07024,Female,34,West,Kolkata,27-08-2024
7025,Customer_07025,Male,38,East,Indore,02-12-2024
7026,Customer_07026,Female,45,East,Mumbai,17-05-2024
7027,Customer_07027,Male,31,North,Bengaluru,16-08-2025
7028,Customer_07028,Male,44,Central,Ahmedabad,23-08-2024
7029,Customer_07029,Male,36,South,Bengaluru,09-10-2025
7030,Customer_07030,Male,29,North,Kochi,03-01-2024
7031,Customer_07031,Male,40,West,Kolkata,24-07-2025
7032,Customer_07032,Female,47,South,Lucknow,25-04-2024
7033,Customer_07033,Male,35,East,Mumbai,16-04-2025
7034,Customer_07034,Male,24,East,Delhi,10-05-2024
7035,Customer_07035,Male,31,South,Pune,27-04-2025
7036,Customer_07036,Male,27,West,Lucknow,04-02-2025
7037,Customer_07037,Female,57,South,Mumbai,19-07-2024
7038,Customer_07038,Female,25,South,Hyderabad,18-10-2024
7039,Customer_07039,Male,18,East,Indore,07-12-2024
7040,Customer_07040,Male,30,West,Ahmedabad,01-09-2025
7041,Customer_07041,Female,36,West,Delhi,03-08-2024
7042,Customer_07042,Female,34,South,Hyderabad,27-09-2025
7043,Customer_07043,Male,36,West,Bengaluru,07-08-2025
7044,Customer_07044,Male,21,North,Pune,31-12-2024
7045,Customer_07045,Male,35,Central,Hyderabad,03-10-2025
7046,Customer_07046,Male,24,South,Jaipur,13-04-2025
7047,Customer_07047,Male,43,West,Kolkata,21-02-2025
7048,Customer_07048,Male,23,North,Ahmedabad,27-01-2024
7049,Customer_07049,Male,33,North,Ahmedabad,07-11-2025
7050,Customer_07050,Female,26,East,Pune,30-03-2025
7051,Customer_07051,Female,44,Central,Ahmedabad,02-08-2025
7052,Customer_07052,Female,29,East,Kolkata,14-01-2024
7053,Customer_07053,Female,23,Central,Hyderabad,07-04-2024
7054,Customer_07054,Male,45,East,Mumbai,05-10-2024
7055,Customer_07055,Male,18,East,Jaipur,04-05-2025
7056,Customer_07056,Male,41,North,Ahmedabad,15-09-2025
7057,Customer_07057,Female,37,West,Chennai,25-07-2024
7058,Customer_07058,Female,59,South,Hyderabad,20-08-2024
7059,Customer_07059,Female,41,Central,Bengaluru,26-07-2025
7060,Customer_07060,Male,39,Central,Kochi,19-08-2025
7061,Customer_07061,Male,25,Central,Kochi,25-11-2025
7062,Customer_07062,Female,32,East,Jaipur,26-08-2024
7063,Customer_07063,Female,37,West,Indore,06-09-2024
7064,Customer_07064,Male,48,West,Kochi,05-08-2025
7065,Customer_07065,Female,26,North,Ahmedabad,19-08-2025
7066,Customer_07066,Male,18,East,Jaipur,01-11-2024
7067,Customer_07067,Female,35,North,Bengaluru,07-04-2025
7068,Customer_07068,Male,18,East,Mumbai,23-08-2024
7069,Customer_07069,Female,42,North,Mumbai,17-10-2024
7070,Customer_07070,Female,49,North,Hyderabad,08-02-2024
7071,Customer_07071,Other,44,South,Bengaluru,18-12-2025
7072,Customer_07072,Female,29,South,Kochi,01-07-2024
7073,Customer_07073,Female,50,East,Chennai,29-11-2025
7074,Customer_07074,Male,26,North,Kolkata,06-10-2025
7075,Customer_07075,Male,24,East,Pune,30-01-2024
7076,Customer_07076,Male,48,North,Bengaluru,22-01-2025
7077,Customer_07077,Male,30,East,Ahmedabad,22-05-2024
7078,Customer_07078,Male,36,West,Delhi,06-09-2025
7079,Customer_07079,Female,44,East,Lucknow,22-02-2025
7080,Customer_07080,Male,23,West,Bengaluru,14-03-2024
7081,Customer_07081,Male,29,South,Delhi,24-02-2024
7082,Customer_07082,Female,28,West,Ahmedabad,25-07-2025
7083,Customer_07083,Female,32,South,Hyderabad,24-01-2024
7084,Customer_07084,Female,27,East,Lucknow,22-01-2024
7085,Customer_07085,Female,38,West,Jaipur,03-03-2025
7086,Customer_07086,Male,38,North,Ahmedabad,01-02-2024
7087,Customer_07087,Male,34,West,Ahmedabad,04-12-2024
7088,Customer_07088,Female,36,East,Kochi,29-05-2025
7089,Customer_07089,Male,27,South,Jaipur,26-05-2025
7090,Customer_07090,Female,34,North,Kolkata,10-03-2024
7091,Customer_07091,Male,18,North,Lucknow,02-11-2025
7092,Customer_07092,Female,44,Central,Jaipur,28-03-2024
7093,Customer_07093,Female,28,West,Hyderabad,24-07-2025
7094,Customer_07094,Female,29,North,Hyderabad,06-08-2024
7095,Customer_07095,Male,25,South,Indore,13-12-2025
7096,Customer_07096,Female,35,East,Delhi,11-08-2025
7097,Customer_07097,Female,29,West,Bengaluru,26-09-2024
7098,Customer_07098,Male,40,North,Ahmedabad,12-10-2025
7099,Customer_07099,Female,24,South,Hyderabad,18-03-2024
7100,Customer_07100,Male,35,Central,Delhi,14-08-2025
7101,Customer_07101,Male,38,North,Lucknow,10-01-2024
7102,Customer_07102,Male,42,North,Lucknow,12-04-2025
7103,Customer_07103,Female,41,Central,Jaipur,01-12-2024
7104,Customer_07104,Female,25,East,Bengaluru,27-09-2025
7105,Customer_07105,Female,35,South,Pune,04-07-2024
7106,Customer_07106,Female,33,North,Delhi,29-06-2025
7107,Customer_07107,Female,24,North,Indore,30-04-2024
7108,Customer_07108,Male,34,South,Delhi,14-08-2025
7109,Customer_07109,Male,20,Central,Pune,18-12-2025
7110,Customer_07110,Male,36,South,Kochi,18-07-2025
7111,Customer_07111,Male,46,West,Delhi,29-10-2025
7112,Customer_07112,Female,44,Central,Jaipur,30-09-2024
7113,Customer_07113,Female,38,South,Indore,13-02-2025
7114,Customer_07114,Male,37,North,Indore,23-12-2024
7115,Customer_07115,Male,33,East,Ahmedabad,08-10-2025
7116,Customer_07116,Female,56,Central,Ahmedabad,07-04-2024
7117,Customer_07117,Male,32,West,Chennai,28-08-2024
7118,Customer_07118,Female,21,North,Pune,10-07-2025
7119,Customer_07119,Male,42,West,Hyderabad,11-12-2025
7120,Customer_07120,Female,39,East,Hyderabad,23-04-2024
7121,Customer_07121,Female,23,Central,Jaipur,01-05-2025
7122,Customer_07122,Female,30,North,Indore,28-08-2024
7123,Customer_07123,Female,36,East,Delhi,04-06-2024
7124,Customer_07124,Female,28,Central,Mumbai,17-12-2024
7125,Customer_07125,Female,43,South,Chennai,13-02-2024
7126,Customer_07126,Male,26,East,Jaipur,14-08-2025
7127,Customer_07127,Male,31,North,Jaipur,07-11-2024
7128,Customer_07128,Female,30,South,Mumbai,17-05-2024
7129,Customer_07129,Male,39,South,Indore,24-10-2025
7130,Customer_07130,Male,40,Central,Kolkata,11-03-2025
7131,Customer_07131,Female,38,South,Mumbai,22-05-2024
7132,Customer_07132,Other,18,East,Mumbai,25-10-2024
7133,Customer_07133,Female,36,West,Delhi,15-07-2025
7134,Customer_07134,Female,39,North,Bengaluru,18-09-2024
7135,Customer_07135,Female,40,East,Pune,26-05-2025
7136,Customer_07136,Female,32,West,Chennai,03-11-2025
7137,Customer_07137,Female,34,Central,Kochi,02-03-2024
7138,Customer_07138,Female,28,East,Kochi,20-07-2025
7139,Customer_07139,Female,47,West,Bengaluru,26-02-2025
7140,Customer_07140,Male,21,North,Indore,30-01-2025
7141,Customer_07141,Female,39,Central,Kochi,31-01-2024
7142,Customer_07142,Female,24,North,Bengaluru,25-11-2024
7143,Customer_07143,Male,29,West,Bengaluru,17-06-2024
7144,Customer_07144,Male,34,South,Delhi,22-09-2024
7145,Customer_07145,Female,18,Central,Mumbai,03-11-2024
7146,Customer_07146,Male,20,West,Jaipur,03-04-2025
7147,Customer_07147,Female,18,West,Chennai,03-07-2024
7148,Customer_07148,Male,38,South,Indore,29-11-2024
7149,Customer_07149,Male,44,South,Hyderabad,29-05-2025
7150,Customer_07150,Female,18,East,Bengaluru,16-03-2025
7151,Customer_07151,Male,32,West,Kolkata,03-11-2025
7152,Customer_07152,Male,37,North,Ahmedabad,25-01-2025
7153,Customer_07153,Male,37,Central,Pune,13-07-2025
7154,Customer_07154,Female,54,Central,Kolkata,10-09-2024
7155,Customer_07155,Female,36,South,Bengaluru,08-08-2025
7156,Customer_07156,Female,25,West,Indore,30-11-2024
7157,Customer_07157,Female,41,East,Pune,03-02-2025
7158,Customer_07158,Female,50,East,Indore,14-06-2024
7159,Customer_07159,Female,21,South,Pune,16-09-2024
7160,Customer_07160,Female,39,East,Delhi,04-01-2024
7161,Customer_07161,Female,34,West,Lucknow,28-04-2024
7162,Customer_07162,Male,24,South,Delhi,14-04-2025
7163,Customer_07163,Male,28,East,Bengaluru,14-04-2025
7164,Customer_07164,Female,50,West,Mumbai,07-05-2025
7165,Customer_07165,Male,42,West,Kochi,14-05-2025
7166,Customer_07166,Male,38,North,Pune,10-03-2024
7167,Customer_07167,Female,19,Central,Delhi,24-11-2025
7168,Customer_07168,Male,41,East,Mumbai,04-01-2025
7169,Customer_07169,Female,45,South,Hyderabad,29-06-2024
7170,Customer_07170,Male,20,South,Indore,05-01-2024
7171,Customer_07171,Female,34,East,Lucknow,15-07-2024
7172,Customer_07172,Male,44,Central,Lucknow,16-02-2024
7173,Customer_07173,Female,43,South,Lucknow,05-07-2025
7174,Customer_07174,Male,40,West,Mumbai,25-09-2025
7175,Customer_07175,Female,34,North,Hyderabad,08-10-2025
7176,Customer_07176,Female,45,East,Delhi,19-05-2024
7177,Customer_07177,Male,36,Central,Indore,26-10-2025
7178,Customer_07178,Female,40,West,Delhi,23-06-2025
7179,Customer_07179,Female,37,South,Lucknow,02-03-2025
7180,Customer_07180,Male,23,East,Indore,11-08-2025
7181,Customer_07181,Male,25,South,Hyderabad,17-11-2025
7182,Customer_07182,Male,19,South,Kolkata,14-07-2025
7183,Customer_07183,Male,30,West,Chennai,05-11-2024
7184,Customer_07184,Female,42,West,Hyderabad,30-09-2024
7185,Customer_07185,Male,37,South,Chennai,22-06-2025
7186,Customer_07186,Female,34,Central,Indore,24-01-2025
7187,Customer_07187,Male,48,East,Kolkata,03-04-2025
7188,Customer_07188,Male,31,South,Pune,25-09-2025
7189,Customer_07189,Male,40,East,Kochi,26-12-2024
7190,Customer_07190,Male,31,East,Chennai,09-03-2024
7191,Customer_07191,Female,19,East,Ahmedabad,05-08-2025
7192,Customer_07192,Male,26,East,Jaipur,23-10-2025
7193,Customer_07193,Female,26,East,Hyderabad,29-11-2025
7194,Customer_07194,Female,20,North,Pune,06-03-2025
7195,Customer_07195,Male,32,West,Bengaluru,08-12-2025
7196,Customer_07196,Male,27,East,Ahmedabad,01-02-2024
7197,Customer_07197,Male,49,North,Chennai,12-09-2025
7198,Customer_07198,Male,32,West,Hyderabad,27-05-2025
7199,Customer_07199,Male,26,Central,Chennai,30-06-2024
7200,Customer_07200,Female,23,Central,Kochi,16-11-2025
7201,Customer_07201,Female,23,South,Chennai,11-11-2025
7202,Customer_07202,Female,43,North,Bengaluru,04-09-2024
7203,Customer_07203,Male,44,East,Delhi,11-09-2025
7204,Customer_07204,Male,18,North,Pune,23-10-2024
7205,Customer_07205,Other,56,Central,Hyderabad,30-01-2024
7206,Customer_07206,Female,35,North,Lucknow,28-10-2024
7207,Customer_07207,Male,44,South,Jaipur,20-04-2025
7208,Customer_07208,Male,26,South,Kolkata,17-12-2024
7209,Customer_07209,Male,24,South,Pune,26-04-2025
7210,Customer_07210,Female,32,West,Hyderabad,12-11-2024
7211,Customer_07211,Female,38,East,Ahmedabad,31-01-2025
7212,Customer_07212,Male,36,North,Ahmedabad,29-03-2024
7213,Customer_07213,Male,46,South,Delhi,21-08-2024
7214,Customer_07214,Male,18,East,Delhi,16-06-2024
7215,Customer_07215,Male,43,North,Hyderabad,05-05-2024
7216,Customer_07216,Female,39,East,Jaipur,26-07-2025
7217,Customer_07217,Female,37,East,Ahmedabad,29-04-2024
7218,Customer_07218,Male,21,West,Kochi,03-03-2025
7219,Customer_07219,Female,26,Central,Kolkata,08-07-2024
7220,Customer_07220,Male,40,Central,Bengaluru,24-09-2025
7221,Customer_07221,Female,18,Central,Kolkata,03-03-2025
7222,Customer_07222,Female,18,South,Delhi,13-07-2025
7223,Customer_07223,Male,39,North,Mumbai,20-07-2024
7224,Customer_07224,Female,40,South,Lucknow,28-02-2024
7225,Customer_07225,Male,27,Central,Indore,27-11-2025
7226,Customer_07226,Male,27,Central,Kochi,10-08-2024
7227,Customer_07227,Male,44,Central,Delhi,06-05-2025
7228,Customer_07228,Male,43,North,Kochi,11-01-2024
7229,Customer_07229,Female,31,Central,Pune,01-12-2025
7230,Customer_07230,Male,22,South,Kolkata,26-05-2025
7231,Customer_07231,Female,49,North,Bengaluru,05-11-2024
7232,Customer_07232,Female,21,South,Kolkata,03-02-2024
7233,Customer_07233,Male,41,North,Kochi,05-12-2024
7234,Customer_07234,Male,46,East,Bengaluru,08-10-2025
7235,Customer_07235,Male,34,South,Lucknow,25-04-2025
7236,Customer_07236,Male,28,East,Bengaluru,27-07-2025
7237,Customer_07237,Male,18,East,Hyderabad,02-04-2024
7238,Customer_07238,Female,35,Central,Lucknow,19-09-2025
7239,Customer_07239,Male,19,West,Kolkata,12-05-2024
7240,Customer_07240,Female,37,South,Hyderabad,22-02-2025
7241,Customer_07241,Male,18,West,Mumbai,12-04-2025
7242,Customer_07242,Male,18,Central,Lucknow,19-03-2025
7243,Customer_07243,Male,35,North,Ahmedabad,05-12-2025
7244,Customer_07244,Male,42,East,Hyderabad,30-01-2024
7245,Customer_07245,Male,31,South,Indore,24-10-2024
7246,Customer_07246,Female,45,North,Pune,01-03-2024
7247,Customer_07247,Female,28,West,Indore,02-04-2025
7248,Customer_07248,Male,56,Central,Bengaluru,30-10-2024
7249,Customer_07249,Female,21,North,Jaipur,05-12-2024
7250,Customer_07250,Male,27,West,Bengaluru,23-03-2025
7251,Customer_07251,Male,48,Central,Pune,28-10-2024
7252,Customer_07252,Female,31,Central,Delhi,23-06-2025
7253,Customer_07253,Female,43,South,Jaipur,29-04-2025
7254,Customer_07254,Female,21,Central,Hyderabad,17-03-2024
7255,Customer_07255,Male,24,South,Hyderabad,24-09-2025
7256,Customer_07256,Other,40,East,Kochi,29-05-2025
7257,Customer_07257,Female,20,North,Mumbai,02-07-2025
7258,Customer_07258,Female,22,North,Lucknow,20-10-2025
7259,Customer_07259,Female,33,West,Pune,01-04-2024
7260,Customer_07260,Female,47,South,Mumbai,10-04-2025
7261,Customer_07261,Female,38,South,Kolkata,10-04-2025
7262,Customer_07262,Female,32,North,Jaipur,21-08-2025
7263,Customer_07263,Male,36,West,Indore,09-02-2024
7264,Customer_07264,Female,18,North,Kochi,20-11-2025
7265,Customer_07265,Male,28,West,Bengaluru,24-11-2024
7266,Customer_07266,Other,38,North,Delhi,11-10-2024
7267,Customer_07267,Female,36,North,Mumbai,07-07-2025
7268,Customer_07268,Female,40,South,Pune,06-03-2024
7269,Customer_07269,Male,41,East,Chennai,27-09-2025
7270,Customer_07270,Female,36,South,Indore,18-10-2025
7271,Customer_07271,Male,18,South,Mumbai,23-09-2025
7272,Customer_07272,Female,37,Central,Jaipur,18-04-2024
7273,Customer_07273,Female,29,West,Indore,18-02-2025
7274,Customer_07274,Male,30,North,Ahmedabad,01-04-2024
7275,Customer_07275,Male,30,South,Mumbai,02-01-2025
7276,Customer_07276,Female,37,Central,Kochi,26-02-2025
7277,Customer_07277,Male,19,South,Chennai,25-07-2025
7278,Customer_07278,Male,18,North,Chennai,27-08-2024
7279,Customer_07279,Male,22,West,Chennai,10-03-2025
7280,Customer_07280,Male,43,East,Ahmedabad,30-07-2024
7281,Customer_07281,Female,30,East,Mumbai,03-02-2025
7282,Customer_07282,Female,39,North,Mumbai,01-09-2025
7283,Customer_07283,Female,39,North,Ahmedabad,09-06-2025
7284,Customer_07284,Male,38,East,Jaipur,30-12-2025
7285,Customer_07285,Female,39,North,Chennai,12-04-2025
7286,Customer_07286,Female,29,East,Kochi,18-06-2024
7287,Customer_07287,Female,41,East,Ahmedabad,28-07-2024
7288,Customer_07288,Male,38,South,Chennai,12-09-2024
7289,Customer_07289,Male,18,Central,Indore,13-11-2025
7290,Customer_07290,Female,35,West,Delhi,13-03-2024
7291,Customer_07291,Male,33,West,Bengaluru,26-05-2024
7292,Customer_07292,Female,39,North,Lucknow,05-12-2024
7293,Customer_07293,Female,34,North,Delhi,12-11-2024
7294,Customer_07294,Male,32,East,Bengaluru,09-09-2025
7295,Customer_07295,Female,50,North,Kolkata,28-08-2025
7296,Customer_07296,Male,40,Central,Kolkata,28-07-2025
7297,Customer_07297,Male,34,North,Jaipur,02-06-2024
7298,Customer_07298,Male,23,East,Indore,11-09-2024
7299,Customer_07299,Male,35,South,Delhi,16-12-2024
7300,Customer_07300,Male,25,West,Chennai,30-06-2025
7301,Customer_07301,Male,18,North,Lucknow,07-11-2024
7302,Customer_07302,Male,30,South,Delhi,30-10-2025
7303,Customer_07303,Male,31,South,Delhi,13-05-2024
7304,Customer_07304,Female,44,Central,Chennai,08-05-2024
7305,Customer_07305,Male,44,North,Mumbai,11-03-2025
7306,Customer_07306,Male,41,Central,Jaipur,06-10-2024
7307,Customer_07307,Male,33,West,Kolkata,23-12-2024
7308,Customer_07308,Male,33,South,Hyderabad,08-09-2024
7309,Customer_07309,Female,40,West,Hyderabad,14-05-2024
7310,Customer_07310,Female,40,North,Hyderabad,06-06-2025
7311,Customer_07311,Female,38,Central,Mumbai,21-10-2025
7312,Customer_07312,Male,39,East,Jaipur,14-11-2024
7313,Customer_07313,Female,33,South,Ahmedabad,20-03-2024
7314,Customer_07314,Female,31,South,Jaipur,09-07-2024
7315,Customer_07315,Male,18,North,Chennai,28-03-2025
7316,Customer_07316,Female,31,Central,Kolkata,09-12-2024
7317,Customer_07317,Female,27,North,Kochi,30-01-2024
7318,Customer_07318,Other,35,West,Jaipur,17-02-2025
7319,Customer_07319,Male,27,South,Chennai,02-01-2025
7320,Customer_07320,Female,35,Central,Ahmedabad,18-08-2025
7321,Customer_07321,Male,18,South,Ahmedabad,16-05-2025
7322,Customer_07322,Female,24,East,Mumbai,23-10-2025
7323,Customer_07323,Female,27,East,Chennai,01-12-2025
7324,Customer_07324,Female,24,West,Ahmedabad,21-01-2024
7325,Customer_07325,Female,65,North,Kochi,02-07-2025
7326,Customer_07326,Female,18,North,Mumbai,02-09-2024
7327,Customer_07327,Female,41,South,Mumbai,09-10-2024
7328,Customer_07328,Female,44,West,Pune,05-09-2025
7329,Customer_07329,Male,30,North,Kolkata,19-08-2024
7330,Customer_07330,Male,37,East,Kolkata,11-11-2024
7331,Customer_07331,Male,40,South,Pune,01-12-2024
7332,Customer_07332,Male,35,Central,Kolkata,14-02-2025
7333,Customer_07333,Other,18,Central,Kolkata,01-09-2024
7334,Customer_07334,Male,38,East,Delhi,21-01-2025
7335,Customer_07335,Female,44,South,Ahmedabad,19-11-2025
7336,Customer_07336,Male,55,South,Ahmedabad,25-12-2025
7337,Customer_07337,Male,20,North,Bengaluru,23-12-2024
7338,Customer_07338,Male,32,South,Kochi,05-09-2025
7339,Customer_07339,Male,34,West,Chennai,22-01-2024
7340,Customer_07340,Male,33,East,Bengaluru,19-01-2024
7341,Customer_07341,Female,18,Central,Mumbai,13-10-2024
7342,Customer_07342,Female,45,South,Mumbai,02-10-2024
7343,Customer_07343,Female,44,West,Chennai,20-10-2025
7344,Customer_07344,Female,38,East,Ahmedabad,05-07-2025
7345,Customer_07345,Female,30,East,Mumbai,09-11-2025
7346,Customer_07346,Female,32,South,Kolkata,25-08-2025
7347,Customer_07347,Male,31,East,Chennai,12-03-2024
7348,Customer_07348,Male,20,East,Indore,30-12-2024
7349,Customer_07349,Male,41,West,Kochi,30-11-2024
7350,Customer_07350,Male,34,Central,Kochi,13-10-2025
7351,Customer_07351,Female,41,South,Kochi,12-08-2025
7352,Customer_07352,Female,37,North,Delhi,17-07-2024
7353,Customer_07353,Female,24,East,Bengaluru,17-01-2024
7354,Customer_07354,Female,25,East,Pune,05-08-2024
7355,Customer_07355,Male,47,North,Delhi,11-10-2025
7356,Customer_07356,Male,40,West,Delhi,26-05-2024
7357,Customer_07357,Female,30,Central,Chennai,28-07-2024
7358,Customer_07358,Male,40,Central,Jaipur,31-10-2025
7359,Customer_07359,Female,25,North,Hyderabad,17-02-2025
7360,Customer_07360,Male,45,Central,Chennai,26-10-2025
7361,Customer_07361,Female,20,West,Chennai,25-11-2024
7362,Customer_07362,Female,36,East,Bengaluru,17-12-2024
7363,Customer_07363,Female,33,East,Mumbai,11-06-2024
7364,Customer_07364,Female,34,West,Delhi,10-04-2024
7365,Customer_07365,Male,41,East,Hyderabad,22-11-2024
7366,Customer_07366,Male,44,South,Kochi,22-11-2024
7367,Customer_07367,Male,30,East,Mumbai,03-06-2024
7368,Customer_07368,Male,18,East,Hyderabad,10-01-2024
7369,Customer_07369,Male,18,North,Hyderabad,18-12-2024
7370,Customer_07370,Female,30,Central,Jaipur,01-07-2024
7371,Customer_07371,Male,34,West,Delhi,30-03-2025
7372,Customer_07372,Female,38,West,Delhi,07-10-2025
7373,Customer_07373,Female,36,North,Delhi,06-01-2024
7374,Customer_07374,Female,43,East,Lucknow,28-11-2024
7375,Customer_07375,Female,52,North,Jaipur,28-11-2024
7376,Customer_07376,Female,35,North,Lucknow,14-09-2024
7377,Customer_07377,Female,38,East,Indore,29-07-2024
7378,Customer_07378,Female,26,South,Ahmedabad,20-02-2024
7379,Customer_07379,Female,35,East,Delhi,20-03-2025
7380,Customer_07380,Male,36,North,Indore,20-10-2025
7381,Customer_07381,Male,36,South,Pune,11-01-2025
7382,Customer_07382,Female,26,North,Bengaluru,01-10-2025
7383,Customer_07383,Male,36,Central,Pune,30-04-2025
7384,Customer_07384,Female,35,East,Hyderabad,20-02-2024
7385,Customer_07385,Female,37,West,Chennai,02-06-2024
7386,Customer_07386,Male,30,South,Ahmedabad,04-08-2025
7387,Customer_07387,Male,34,North,Hyderabad,05-11-2024
7388,Customer_07388,Male,56,Central,Lucknow,02-02-2025
7389,Customer_07389,Male,35,South,Bengaluru,13-05-2024
7390,Customer_07390,Male,45,South,Mumbai,07-08-2024
7391,Customer_07391,Female,48,West,Kolkata,11-06-2024
7392,Customer_07392,Male,19,North,Indore,09-10-2025
7393,Customer_07393,Female,32,West,Ahmedabad,22-07-2025
7394,Customer_07394,Male,32,East,Delhi,16-05-2025
7395,Customer_07395,Female,54,South,Ahmedabad,19-11-2025
7396,Customer_07396,Female,53,North,Hyderabad,24-04-2024
7397,Customer_07397,Female,19,North,Mumbai,13-05-2025
7398,Customer_07398,Female,24,Central,Delhi,16-04-2025
7399,Customer_07399,Female,46,West,Chennai,28-05-2024
7400,Customer_07400,Male,29,South,Lucknow,28-08-2024
7401,Customer_07401,Male,40,North,Jaipur,02-05-2024
7402,Customer_07402,Male,32,West,Bengaluru,09-03-2024
7403,Customer_07403,Male,23,East,Kolkata,03-03-2024
7404,Customer_07404,Male,47,South,Mumbai,16-01-2024
7405,Customer_07405,Female,27,South,Indore,24-01-2025
7406,Customer_07406,Male,33,South,Kochi,12-08-2025
7407,Customer_07407,Male,23,West,Bengaluru,25-09-2025
7408,Customer_07408,Female,23,Central,Jaipur,14-09-2024
7409,Customer_07409,Female,35,North,Mumbai,04-08-2024
7410,Customer_07410,Other,24,East,Ahmedabad,23-04-2025
7411,Customer_07411,Female,49,South,Hyderabad,23-04-2024
7412,Customer_07412,Male,41,South,Chennai,14-01-2025
7413,Customer_07413,Female,42,South,Chennai,19-10-2025
7414,Customer_07414,Male,31,West,Pune,24-08-2024
7415,Customer_07415,Male,31,East,Kolkata,20-04-2025
7416,Customer_07416,Male,38,East,Mumbai,20-08-2025
7417,Customer_07417,Female,18,South,Indore,09-11-2025
7418,Customer_07418,Male,29,North,Chennai,08-05-2024
7419,Customer_07419,Female,18,North,Indore,24-05-2025
7420,Customer_07420,Male,36,West,Ahmedabad,13-06-2024
7421,Customer_07421,Male,22,North,Pune,03-10-2024
7422,Customer_07422,Male,33,West,Bengaluru,13-09-2024
7423,Customer_07423,Male,25,South,Kolkata,11-05-2024
7424,Customer_07424,Other,48,South,Mumbai,23-07-2025
7425,Customer_07425,Female,57,East,Kochi,13-09-2024
7426,Customer_07426,Male,43,South,Jaipur,20-05-2024
7427,Customer_07427,Female,44,North,Delhi,16-11-2025
7428,Customer_07428,Female,34,South,Lucknow,17-11-2025
7429,Customer_07429,Male,28,West,Delhi,27-07-2024
7430,Customer_07430,Female,18,West,Delhi,16-12-2025
7431,Customer_07431,Female,36,South,Kochi,02-06-2025
7432,Customer_07432,Male,31,East,Kochi,20-02-2024
7433,Customer_07433,Male,36,North,Ahmedabad,17-05-2025
7434,Customer_07434,Male,27,South,Hyderabad,15-09-2024
7435,Customer_07435,Male,19,North,Mumbai,26-06-2024
7436,Customer_07436,Male,22,Central,Ahmedabad,26-06-2025
7437,Customer_07437,Female,49,South,Indore,21-12-2024
7438,Customer_07438,Female,53,South,Kolkata,13-11-2024
7439,Customer_07439,Male,18,South,Pune,27-10-2025
7440,Customer_07440,Male,27,North,Kolkata,29-12-2024
7441,Customer_07441,Female,18,West,Hyderabad,24-02-2024
7442,Customer_07442,Male,35,North,Ahmedabad,04-06-2024
7443,Customer_07443,Female,35,North,Delhi,13-02-2024
7444,Customer_07444,Other,33,West,Hyderabad,15-08-2025
7445,Customer_07445,Other,29,South,Delhi,08-11-2025
7446,Customer_07446,Female,36,West,Bengaluru,25-06-2025
7447,Customer_07447,Male,41,East,Chennai,17-11-2024
7448,Customer_07448,Male,41,South,Hyderabad,09-10-2025
7449,Customer_07449,Female,46,West,Hyderabad,14-01-2024
7450,Customer_07450,Other,31,North,Chennai,22-12-2024
7451,Customer_07451,Male,28,East,Bengaluru,27-04-2025
7452,Customer_07452,Male,44,South,Jaipur,09-09-2025
7453,Customer_07453,Female,28,South,Kochi,24-12-2024
7454,Customer_07454,Male,32,East,Kolkata,13-11-2024
7455,Customer_07455,Male,29,Central,Delhi,15-03-2024
7456,Customer_07456,Female,51,Central,Kolkata,13-08-2025
7457,Customer_07457,Male,40,East,Ahmedabad,12-07-2024
7458,Customer_07458,Male,23,South,Ahmedabad,28-12-2024
7459,Customer_07459,Female,34,South,Ahmedabad,05-04-2024
7460,Customer_07460,Female,38,South,Indore,09-02-2024
7461,Customer_07461,Male,23,East,Chennai,31-01-2025
7462,Customer_07462,Male,38,South,Kolkata,16-04-2024
7463,Customer_07463,Female,32,Central,Lucknow,17-01-2024
7464,Customer_07464,Female,22,South,Kolkata,10-06-2025
7465,Customer_07465,Male,21,South,Bengaluru,13-05-2025
7466,Customer_07466,Male,48,South,Mumbai,08-06-2025
7467,Customer_07467,Female,26,West,Lucknow,26-12-2025
7468,Customer_07468,Female,44,West,Bengaluru,24-10-2025
7469,Customer_07469,Female,41,East,Mumbai,12-02-2024
7470,Customer_07470,Female,28,South,Jaipur,17-09-2025
7471,Customer_07471,Female,39,West,Kolkata,15-08-2025
7472,Customer_07472,Male,37,North,Delhi,15-12-2024
7473,Customer_07473,Female,43,Central,Ahmedabad,14-10-2025
7474,Customer_07474,Female,36,East,Kolkata,30-01-2024
7475,Customer_07475,Female,31,South,Kochi,16-03-2025
7476,Customer_07476,Male,47,East,Pune,25-06-2025
7477,Customer_07477,Female,41,West,Delhi,30-03-2025
7478,Customer_07478,Female,28,North,Chennai,02-09-2025
7479,Customer_07479,Male,32,Central,Kochi,03-04-2024
7480,Customer_07480,Female,47,South,Ahmedabad,23-12-2025
7481,Customer_07481,Female,49,South,Mumbai,21-10-2024
7482,Customer_07482,Female,32,North,Lucknow,02-07-2025
7483,Customer_07483,Male,39,South,Indore,29-03-2024
7484,Customer_07484,Male,38,East,Mumbai,17-05-2025
7485,Customer_07485,Female,23,South,Chennai,01-08-2024
7486,Customer_07486,Female,39,West,Jaipur,25-02-2025
7487,Customer_07487,Female,18,South,Chennai,09-06-2025
7488,Customer_07488,Female,43,Central,Hyderabad,10-07-2024
7489,Customer_07489,Male,39,East,Chennai,24-11-2025
7490,Customer_07490,Female,18,West,Jaipur,03-10-2025
7491,Customer_07491,Female,24,North,Kolkata,11-08-2024
7492,Customer_07492,Female,18,South,Jaipur,08-07-2025
7493,Customer_07493,Female,24,South,Kochi,23-11-2025
7494,Customer_07494,Female,35,East,Kochi,21-01-2025
7495,Customer_07495,Female,51,Central,Chennai,11-11-2025
7496,Customer_07496,Male,39,North,Mumbai,18-04-2025
7497,Customer_07497,Male,30,North,Bengaluru,30-08-2025
7498,Customer_07498,Male,41,Central,Jaipur,21-07-2024
7499,Customer_07499,Male,40,South,Chennai,22-03-2025
7500,Customer_07500,Male,48,West,Lucknow,08-03-2024
7501,Customer_07501,Female,42,East,Hyderabad,01-04-2024
7502,Customer_07502,Female,34,West,Bengaluru,26-06-2024
7503,Customer_07503,Female,19,North,Bengaluru,24-10-2025
7504,Customer_07504,Male,47,North,Indore,12-07-2025
7505,Customer_07505,Female,33,East,Delhi,03-01-2024
7506,Customer_07506,Female,25,Central,Pune,12-04-2024
7507,Customer_07507,Female,18,South,Ahmedabad,29-09-2024
7508,Customer_07508,Female,23,South,Mumbai,17-06-2025
7509,Customer_07509,Other,38,East,Kochi,25-04-2024
7510,Customer_07510,Female,30,Central,Kochi,08-04-2025
7511,Customer_07511,Female,44,West,Pune,13-04-2024
7512,Customer_07512,Female,50,Central,Delhi,15-09-2024
7513,Customer_07513,Male,18,North,Ahmedabad,03-11-2024
7514,Customer_07514,Female,24,North,Jaipur,01-01-2025
7515,Customer_07515,Male,35,East,Jaipur,03-10-2025
7516,Customer_07516,Male,49,West,Indore,28-10-2024
7517,Customer_07517,Female,26,South,Pune,13-07-2025
7518,Customer_07518,Male,36,South,Bengaluru,27-01-2024
7519,Customer_07519,Female,23,West,Bengaluru,22-05-2025
7520,Customer_07520,Female,33,North,Kochi,10-06-2025
7521,Customer_07521,Female,35,South,Jaipur,30-12-2024
7522,Customer_07522,Male,31,East,Chennai,24-10-2024
7523,Customer_07523,Female,50,East,Kolkata,26-12-2024
7524,Customer_07524,Female,46,West,Pune,07-10-2025
7525,Customer_07525,Female,31,South,Jaipur,18-05-2025
7526,Customer_07526,Female,31,East,Chennai,10-08-2025
7527,Customer_07527,Male,42,East,Ahmedabad,30-01-2024
7528,Customer_07528,Female,34,East,Delhi,14-03-2025
7529,Customer_07529,Female,34,West,Kolkata,05-12-2024
7530,Customer_07530,Male,27,South,Jaipur,05-05-2024
7531,Customer_07531,Male,40,North,Bengaluru,18-08-2025
7532,Customer_07532,Female,28,North,Jaipur,19-07-2025
7533,Customer_07533,Male,28,South,Indore,31-12-2024
7534,Customer_07534,Female,37,East,Ahmedabad,18-03-2025
7535,Customer_07535,Male,35,West,Kochi,19-09-2024
7536,Customer_07536,Female,34,West,Hyderabad,09-08-2024
7537,Customer_07537,Female,18,West,Kochi,02-01-2024
7538,Customer_07538,Female,36,South,Kolkata,28-01-2025
7539,Customer_07539,Female,18,South,Indore,01-11-2024
7540,Customer_07540,Female,44,South,Chennai,25-05-2024
7541,Customer_07541,Female,28,North,Chennai,13-06-2025
7542,Customer_07542,Female,36,North,Kolkata,11-06-2025
7543,Customer_07543,Female,28,East,Lucknow,03-11-2024
7544,Customer_07544,Male,37,Central,Kochi,01-11-2025
7545,Customer_07545,Female,22,North,Delhi,05-12-2024
7546,Customer_07546,Male,53,North,Hyderabad,17-12-2024
7547,Customer_07547,Female,27,West,Pune,27-07-2024
7548,Customer_07548,Male,43,South,Hyderabad,23-07-2024
7549,Customer_07549,Male,23,West,Lucknow,16-09-2025
7550,Customer_07550,Male,30,West,Hyderabad,20-11-2025
7551,Customer_07551,Male,26,Central,Indore,21-12-2025
7552,Customer_07552,Male,28,South,Ahmedabad,27-09-2025
7553,Customer_07553,Female,38,West,Delhi,15-01-2024
7554,Customer_07554,Female,39,East,Chennai,03-03-2025
7555,Customer_07555,Male,38,West,Kochi,20-04-2025
7556,Customer_07556,Male,25,South,Kochi,24-10-2024
7557,Customer_07557,Female,35,North,Hyderabad,10-07-2025
7558,Customer_07558,Male,26,East,Kochi,03-04-2024
7559,Customer_07559,Female,49,East,Kolkata,16-04-2024
7560,Customer_07560,Male,25,West,Lucknow,22-02-2025
7561,Customer_07561,Female,29,West,Bengaluru,04-10-2024
7562,Customer_07562,Male,35,West,Pune,07-05-2024
7563,Customer_07563,Male,24,North,Jaipur,03-04-2025
7564,Customer_07564,Female,40,West,Bengaluru,07-02-2024
7565,Customer_07565,Male,45,East,Pune,31-08-2025
7566,Customer_07566,Other,25,Central,Indore,16-07-2024
7567,Customer_07567,Female,27,Central,Indore,04-12-2025
7568,Customer_07568,Female,46,North,Chennai,22-12-2024
7569,Customer_07569,Other,35,West,Bengaluru,07-01-2024
7570,Customer_07570,Male,32,North,Jaipur,09-07-2025
7571,Customer_07571,Female,26,South,Bengaluru,27-11-2024
7572,Customer_07572,Male,30,East,Hyderabad,02-06-2025
7573,Customer_07573,Female,33,North,Jaipur,12-07-2024
7574,Customer_07574,Female,40,West,Jaipur,11-11-2024
7575,Customer_07575,Male,34,North,Jaipur,01-01-2024
7576,Customer_07576,Male,25,North,Ahmedabad,02-03-2024
7577,Customer_07577,Female,29,East,Delhi,08-12-2024
7578,Customer_07578,Female,23,West,Jaipur,23-08-2025
7579,Customer_07579,Female,33,Central,Bengaluru,18-01-2024
7580,Customer_07580,Female,57,West,Hyderabad,11-09-2025
7581,Customer_07581,Male,59,West,Indore,08-10-2025
7582,Customer_07582,Female,37,South,Kochi,05-01-2025
7583,Customer_07583,Female,18,North,Kolkata,01-08-2025
7584,Customer_07584,Male,43,North,Pune,27-08-2025
7585,Customer_07585,Male,41,East,Mumbai,11-10-2025
7586,Customer_07586,Female,61,West,Bengaluru,01-12-2025
7587,Customer_07587,Female,35,South,Ahmedabad,24-07-2025
7588,Customer_07588,Male,30,West,Delhi,29-11-2025
7589,Customer_07589,Female,24,East,Pune,22-08-2024
7590,Customer_07590,Female,42,North,Delhi,09-03-2024
7591,Customer_07591,Other,32,North,Lucknow,22-03-2025
7592,Customer_07592,Male,31,West,Jaipur,01-09-2025
7593,Customer_07593,Female,29,West,Indore,08-01-2024
7594,Customer_07594,Male,56,Central,Chennai,06-04-2025
7595,Customer_07595,Female,30,North,Pune,06-11-2024
7596,Customer_07596,Male,41,Central,Jaipur,13-05-2024
7597,Customer_07597,Female,39,North,Pune,19-01-2025
7598,Customer_07598,Male,18,North,Bengaluru,25-02-2024
7599,Customer_07599,Female,56,Central,Lucknow,25-12-2024
7600,Customer_07600,Male,18,South,Hyderabad,23-04-2024
7601,Customer_07601,Male,25,West,Jaipur,28-03-2024
7602,Customer_07602,Male,29,North,Bengaluru,17-05-2024
7603,Customer_07603,Male,27,East,Bengaluru,17-04-2024
7604,Customer_07604,Female,32,Central,Delhi,14-05-2025
7605,Customer_07605,Male,26,South,Kochi,18-06-2025
7606,Customer_07606,Male,48,West,Kochi,23-05-2024
7607,Customer_07607,Male,40,North,Mumbai,17-10-2025
7608,Customer_07608,Female,28,East,Kolkata,25-02-2024
7609,Customer_07609,Male,26,South,Kolkata,11-09-2025
7610,Customer_07610,Male,28,South,Mumbai,06-01-2024
7611,Customer_07611,Female,25,South,Mumbai,25-06-2025
7612,Customer_07612,Female,22,North,Jaipur,22-03-2025
7613,Customer_07613,Female,43,Central,Kolkata,19-01-2025
7614,Customer_07614,Male,30,South,Mumbai,02-11-2024
7615,Customer_07615,Male,38,South,Mumbai,30-09-2025
7616,Customer_07616,Female,35,South,Mumbai,28-10-2024
7617,Customer_07617,Female,48,South,Jaipur,24-09-2025
7618,Customer_07618,Female,43,West,Ahmedabad,08-02-2025
7619,Customer_07619,Male,38,Central,Kolkata,02-09-2025
7620,Customer_07620,Female,57,South,Ahmedabad,08-11-2025
7621,Customer_07621,Female,27,Central,Hyderabad,15-07-2025
7622,Customer_07622,Female,32,East,Jaipur,24-05-2025
7623,Customer_07623,Female,41,North,Chennai,13-03-2024
7624,Customer_07624,Male,42,West,Chennai,17-07-2025
7625,Customer_07625,Female,25,East,Chennai,21-09-2024
7626,Customer_07626,Female,34,West,Jaipur,14-08-2024
7627,Customer_07627,Female,34,Central,Chennai,11-07-2024
7628,Customer_07628,Female,57,South,Bengaluru,08-01-2025
7629,Customer_07629,Female,41,Central,Pune,10-01-2024
7630,Customer_07630,Female,45,West,Kolkata,28-10-2024
7631,Customer_07631,Female,30,East,Lucknow,24-12-2024
7632,Customer_07632,Male,26,East,Kolkata,21-02-2024
7633,Customer_07633,Female,30,South,Kolkata,08-04-2024
7634,Customer_07634,Female,39,Central,Lucknow,15-08-2025
7635,Customer_07635,Male,49,West,Bengaluru,13-01-2024
7636,Customer_07636,Male,20,North,Pune,24-01-2025
7637,Customer_07637,Male,54,South,Jaipur,22-12-2024
7638,Customer_07638,Male,43,East,Hyderabad,01-10-2025
7639,Customer_07639,Female,44,North,Mumbai,11-01-2024
7640,Customer_07640,Male,43,North,Indore,21-03-2024
7641,Customer_07641,Female,30,East,Pune,17-09-2024
7642,Customer_07642,Male,33,South,Kolkata,06-01-2024
7643,Customer_07643,Male,41,South,Bengaluru,02-04-2025
7644,Customer_07644,Female,32,South,Kochi,07-01-2025
7645,Customer_07645,Female,36,North,Ahmedabad,25-04-2025
7646,Customer_07646,Male,27,West,Lucknow,09-08-2024
7647,Customer_07647,Other,42,East,Pune,21-03-2024
7648,Customer_07648,Male,33,North,Indore,29-05-2025
7649,Customer_07649,Male,30,South,Jaipur,29-02-2024
7650,Customer_07650,Female,26,East,Jaipur,08-08-2024
7651,Customer_07651,Male,27,North,Jaipur,14-12-2024
7652,Customer_07652,Female,21,North,Jaipur,14-07-2025
7653,Customer_07653,Female,38,North,Bengaluru,15-08-2024
7654,Customer_07654,Male,28,West,Kochi,16-10-2024
7655,Customer_07655,Female,34,West,Kochi,19-10-2024
7656,Customer_07656,Male,46,West,Kolkata,11-07-2024
7657,Customer_07657,Female,33,West,Chennai,18-04-2025
7658,Customer_07658,Male,32,West,Jaipur,13-09-2024
7659,Customer_07659,Female,33,East,Hyderabad,20-05-2025
7660,Customer_07660,Female,37,West,Kochi,22-01-2025
7661,Customer_07661,Male,29,North,Kolkata,06-09-2025
7662,Customer_07662,Female,43,East,Kochi,01-02-2025
7663,Customer_07663,Female,35,West,Chennai,31-12-2024
7664,Customer_07664,Female,29,East,Lucknow,19-10-2025
7665,Customer_07665,Female,31,South,Jaipur,16-10-2024
7666,Customer_07666,Male,45,South,Kolkata,04-11-2024
7667,Customer_07667,Male,27,West,Delhi,04-10-2024
7668,Customer_07668,Male,38,West,Lucknow,08-04-2025
7669,Customer_07669,Male,39,Central,Ahmedabad,07-07-2024
7670,Customer_07670,Male,23,South,Jaipur,26-06-2024
7671,Customer_07671,Female,20,West,Jaipur,11-06-2025
7672,Customer_07672,Male,31,East,Kochi,09-01-2025
7673,Customer_07673,Female,42,Central,Delhi,20-08-2025
7674,Customer_07674,Male,19,East,Pune,29-03-2025
7675,Customer_07675,Male,25,East,Delhi,04-08-2024
7676,Customer_07676,Male,41,East,Hyderabad,11-02-2024
7677,Customer_07677,Female,23,West,Pune,12-07-2024
7678,Customer_07678,Female,44,Central,Ahmedabad,22-11-2024
7679,Customer_07679,Male,61,North,Pune,07-01-2025
7680,Customer_07680,Female,26,North,Indore,09-04-2025
7681,Customer_07681,Female,49,Central,Mumbai,11-06-2024
7682,Customer_07682,Other,37,East,Ahmedabad,02-10-2024
7683,Customer_07683,Female,26,East,Kochi,29-12-2024
7684,Customer_07684,Male,50,East,Jaipur,03-10-2025
7685,Customer_07685,Male,38,North,Hyderabad,24-04-2025
7686,Customer_07686,Male,46,West,Lucknow,19-11-2025
7687,Customer_07687,Female,57,West,Lucknow,04-04-2025
7688,Customer_07688,Male,33,South,Pune,21-09-2024
7689,Customer_07689,Female,40,South,Kochi,22-06-2025
7690,Customer_07690,Male,23,West,Ahmedabad,20-01-2025
7691,Customer_07691,Male,29,North,Bengaluru,25-03-2024
7692,Customer_07692,Other,33,Central,Delhi,08-12-2025
7693,Customer_07693,Other,36,South,Hyderabad,11-11-2024
7694,Customer_07694,Female,18,East,Delhi,30-08-2024
7695,Customer_07695,Male,49,Central,Bengaluru,13-04-2025
7696,Customer_07696,Female,40,West,Mumbai,07-12-2024
7697,Customer_07697,Male,39,South,Delhi,25-06-2024
7698,Customer_07698,Female,54,West,Mumbai,09-05-2024
7699,Customer_07699,Male,50,South,Pune,18-10-2025
7700,Customer_07700,Female,32,South,Kolkata,23-03-2024
7701,Customer_07701,Female,28,Central,Lucknow,25-12-2024
7702,Customer_07702,Female,40,West,Kolkata,28-03-2024
7703,Customer_07703,Female,50,West,Hyderabad,15-06-2025
7704,Customer_07704,Female,33,South,Chennai,29-09-2025
7705,Customer_07705,Female,43,North,Mumbai,15-04-2025
7706,Customer_07706,Female,51,North,Indore,12-05-2025
7707,Customer_07707,Male,44,East,Hyderabad,21-05-2025
7708,Customer_07708,Male,18,West,Hyderabad,19-12-2024
7709,Customer_07709,Female,22,East,Bengaluru,19-02-2025
7710,Customer_07710,Female,54,West,Kochi,20-02-2024
7711,Customer_07711,Male,35,North,Ahmedabad,22-08-2025
7712,Customer_07712,Male,37,South,Delhi,12-11-2025
7713,Customer_07713,Male,40,South,Kochi,03-03-2024
7714,Customer_07714,Female,48,South,Mumbai,29-03-2024
7715,Customer_07715,Male,26,North,Ahmedabad,01-12-2025
7716,Customer_07716,Male,30,Central,Bengaluru,08-07-2024
7717,Customer_07717,Male,24,South,Jaipur,23-08-2025
7718,Customer_07718,Male,18,Central,Delhi,13-12-2024
7719,Customer_07719,Female,38,South,Lucknow,21-06-2025
7720,Customer_07720,Female,25,Central,Jaipur,24-06-2024
7721,Customer_07721,Male,44,East,Hyderabad,29-12-2024
7722,Customer_07722,Male,28,Central,Chennai,07-07-2025
7723,Customer_07723,Female,21,North,Kochi,27-04-2025
7724,Customer_07724,Female,45,West,Kolkata,28-04-2024
7725,Customer_07725,Male,39,Central,Lucknow,17-06-2024
7726,Customer_07726,Male,32,North,Delhi,11-09-2025
7727,Customer_07727,Other,33,North,Indore,26-05-2024
7728,Customer_07728,Female,40,South,Indore,18-11-2025
7729,Customer_07729,Female,51,Central,Chennai,12-03-2025
7730,Customer_07730,Male,38,East,Lucknow,14-03-2025
7731,Customer_07731,Female,39,East,Jaipur,07-07-2024
7732,Customer_07732,Female,29,North,Pune,08-06-2024
7733,Customer_07733,Female,32,North,Pune,05-02-2025
7734,Customer_07734,Other,18,West,Bengaluru,08-08-2025
7735,Customer_07735,Male,25,North,Hyderabad,18-01-2024
7736,Customer_07736,Female,23,West,Delhi,19-05-2024
7737,Customer_07737,Male,23,Central,Kochi,24-04-2024
7738,Customer_07738,Female,30,North,Mumbai,23-11-2024
7739,Customer_07739,Female,31,West,Lucknow,12-08-2024
7740,Customer_07740,Female,23,North,Kolkata,11-07-2025
7741,Customer_07741,Male,47,East,Kolkata,14-03-2025
7742,Customer_07742,Male,40,North,Pune,03-07-2025
7743,Customer_07743,Male,36,West,Chennai,18-12-2025
7744,Customer_07744,Male,40,South,Mumbai,20-01-2025
7745,Customer_07745,Male,18,East,Delhi,04-06-2025
7746,Customer_07746,Female,18,East,Chennai,09-09-2024
7747,Customer_07747,Male,46,North,Delhi,11-09-2025
7748,Customer_07748,Female,58,West,Mumbai,07-04-2024
7749,Customer_07749,Female,35,South,Bengaluru,11-03-2024
7750,Customer_07750,Female,57,West,Chennai,04-07-2025
7751,Customer_07751,Female,34,North,Bengaluru,22-03-2025
7752,Customer_07752,Male,27,West,Bengaluru,30-03-2024
7753,Customer_07753,Male,44,North,Bengaluru,05-03-2025
7754,Customer_07754,Male,18,South,Bengaluru,06-08-2024
7755,Customer_07755,Female,28,South,Ahmedabad,16-04-2024
7756,Customer_07756,Female,26,West,Indore,20-04-2025
7757,Customer_07757,Female,22,South,Kolkata,29-03-2025
7758,Customer_07758,Female,29,Central,Jaipur,30-08-2025
7759,Customer_07759,Female,37,Central,Mumbai,27-06-2025
7760,Customer_07760,Other,47,North,Hyderabad,05-05-2024
7761,Customer_07761,Female,44,East,Pune,26-05-2024
7762,Customer_07762,Male,18,North,Jaipur,06-10-2024
7763,Customer_07763,Male,57,South,Hyderabad,24-01-2024
7764,Customer_07764,Male,46,West,Hyderabad,21-12-2025
7765,Customer_07765,Female,34,West,Delhi,29-04-2024
7766,Customer_07766,Female,47,East,Kochi,13-10-2025
7767,Customer_07767,Male,25,South,Hyderabad,23-10-2024
7768,Customer_07768,Female,42,South,Jaipur,22-03-2024
7769,Customer_07769,Male,18,North,Pune,23-03-2025
7770,Customer_07770,Female,31,West,Chennai,20-12-2025
7771,Customer_07771,Male,48,East,Lucknow,14-04-2025
7772,Customer_07772,Male,29,West,Chennai,26-02-2025
7773,Customer_07773,Male,30,South,Lucknow,28-06-2025
7774,Customer_07774,Male,28,South,Lucknow,24-01-2024
7775,Customer_07775,Male,32,South,Lucknow,01-03-2024
7776,Customer_07776,Female,24,North,Indore,01-12-2025
7777,Customer_07777,Male,50,South,Indore,24-03-2024
7778,Customer_07778,Female,22,West,Bengaluru,12-08-2024
7779,Customer_07779,Male,37,Central,Mumbai,10-11-2025
7780,Customer_07780,Male,42,East,Indore,04-07-2024
7781,Customer_07781,Female,27,East,Kolkata,09-01-2025
7782,Customer_07782,Male,19,North,Delhi,12-03-2024
7783,Customer_07783,Female,28,Central,Pune,14-03-2024
7784,Customer_07784,Male,30,North,Ahmedabad,06-12-2024
7785,Customer_07785,Male,43,Central,Hyderabad,01-06-2024
7786,Customer_07786,Male,33,East,Lucknow,05-04-2024
7787,Customer_07787,Female,34,South,Pune,18-07-2025
7788,Customer_07788,Male,20,Central,Hyderabad,20-03-2025
7789,Customer_07789,Female,32,North,Indore,16-11-2025
7790,Customer_07790,Female,48,East,Indore,19-04-2024
7791,Customer_07791,Male,45,East,Indore,02-04-2025
7792,Customer_07792,Female,29,South,Ahmedabad,20-02-2024
7793,Customer_07793,Male,42,South,Delhi,11-01-2025
7794,Customer_07794,Female,33,West,Chennai,13-03-2024
7795,Customer_07795,Female,39,West,Kochi,30-07-2024
7796,Customer_07796,Male,31,North,Bengaluru,07-03-2025
7797,Customer_07797,Female,24,Central,Mumbai,24-12-2025
7798,Customer_07798,Male,24,North,Kolkata,16-06-2024
7799,Customer_07799,Male,39,South,Kolkata,26-11-2024
7800,Customer_07800,Female,18,South,Indore,08-05-2025
7801,Customer_07801,Other,45,North,Lucknow,22-05-2024
7802,Customer_07802,Female,32,North,Ahmedabad,04-08-2025
7803,Customer_07803,Male,28,Central,Mumbai,20-03-2025
7804,Customer_07804,Female,44,South,Bengaluru,28-01-2025
7805,Customer_07805,Male,18,North,Bengaluru,26-05-2025
7806,Customer_07806,Male,39,North,Pune,16-11-2025
7807,Customer_07807,Female,50,West,Bengaluru,12-09-2025
7808,Customer_07808,Male,20,Central,Lucknow,15-12-2025
7809,Customer_07809,Male,29,South,Delhi,27-11-2025
7810,Customer_07810,Female,39,North,Jaipur,23-11-2024
7811,Customer_07811,Female,18,South,Kochi,26-08-2025
7812,Customer_07812,Female,36,North,Mumbai,15-09-2024
7813,Customer_07813,Male,61,North,Hyderabad,12-03-2025
7814,Customer_07814,Other,37,South,Bengaluru,18-12-2025
7815,Customer_07815,Male,37,South,Kochi,17-07-2025
7816,Customer_07816,Female,22,East,Kochi,14-12-2024
7817,Customer_07817,Female,47,South,Kolkata,23-11-2025
7818,Customer_07818,Female,18,Central,Jaipur,29-05-2025
7819,Customer_07819,Male,34,Central,Jaipur,24-03-2025
7820,Customer_07820,Male,43,East,Delhi,02-02-2025
7821,Customer_07821,Female,18,South,Ahmedabad,18-08-2025
7822,Customer_07822,Male,18,South,Hyderabad,01-08-2024
7823,Customer_07823,Female,19,South,Lucknow,29-06-2025
7824,Customer_07824,Male,48,West,Lucknow,15-07-2025
7825,Customer_07825,Male,28,East,Pune,15-10-2024
7826,Customer_07826,Male,43,Central,Ahmedabad,15-09-2024
7827,Customer_07827,Male,41,Central,Bengaluru,14-09-2024
7828,Customer_07828,Female,18,South,Ahmedabad,22-01-2025
7829,Customer_07829,Male,30,East,Delhi,24-11-2025
7830,Customer_07830,Female,32,North,Bengaluru,28-06-2025
7831,Customer_07831,Male,39,North,Delhi,21-09-2024
7832,Customer_07832,Male,36,South,Ahmedabad,08-11-2024
7833,Customer_07833,Male,33,North,Delhi,09-02-2024
7834,Customer_07834,Male,46,Central,Ahmedabad,28-07-2024
7835,Customer_07835,Female,46,North,Kolkata,28-09-2024
7836,Customer_07836,Other,20,East,Chennai,15-05-2024
7837,Customer_07837,Female,30,East,Ahmedabad,21-08-2025
7838,Customer_07838,Female,34,West,Bengaluru,29-02-2024
7839,Customer_07839,Female,35,South,Mumbai,24-05-2025
7840,Customer_07840,Female,40,Central,Delhi,06-11-2025
7841,Customer_07841,Female,38,East,Kochi,29-05-2025
7842,Customer_07842,Female,40,South,Chennai,15-01-2024
7843,Customer_07843,Female,41,North,Chennai,05-09-2025
7844,Customer_07844,Female,31,East,Hyderabad,11-09-2024
7845,Customer_07845,Female,31,West,Hyderabad,22-12-2025
7846,Customer_07846,Female,48,East,Indore,18-06-2025
7847,Customer_07847,Female,29,West,Lucknow,22-08-2024
7848,Customer_07848,Female,41,East,Hyderabad,10-05-2024
7849,Customer_07849,Male,26,North,Chennai,31-10-2025
7850,Customer_07850,Female,37,North,Bengaluru,15-11-2025
7851,Customer_07851,Male,38,South,Mumbai,17-01-2024
7852,Customer_07852,Female,40,West,Ahmedabad,03-07-2024
7853,Customer_07853,Male,50,West,Indore,25-01-2025
7854,Customer_07854,Male,24,South,Kochi,26-02-2025
7855,Customer_07855,Female,35,East,Ahmedabad,17-03-2025
7856,Customer_07856,Female,41,South,Indore,26-11-2025
7857,Customer_07857,Male,41,South,Kochi,16-10-2025
7858,Customer_07858,Male,31,South,Bengaluru,09-07-2025
7859,Customer_07859,Female,38,North,Ahmedabad,12-01-2024
7860,Customer_07860,Male,34,North,Lucknow,03-06-2025
7861,Customer_07861,Male,41,North,Indore,20-03-2024
7862,Customer_07862,Female,33,North,Jaipur,04-11-2025
7863,Customer_07863,Female,33,North,Kochi,28-10-2024
7864,Customer_07864,Female,37,East,Kochi,03-08-2024
7865,Customer_07865,Female,29,South,Pune,04-09-2024
7866,Customer_07866,Female,26,Central,Hyderabad,24-06-2025
7867,Customer_07867,Female,21,North,Lucknow,28-09-2024
7868,Customer_07868,Female,33,South,Lucknow,12-05-2024
7869,Customer_07869,Male,27,South,Mumbai,05-01-2024
7870,Customer_07870,Male,31,North,Chennai,25-06-2025
7871,Customer_07871,Female,46,West,Mumbai,20-09-2025
7872,Customer_07872,Female,31,North,Mumbai,20-11-2025
7873,Customer_07873,Male,47,Central,Jaipur,20-05-2024
7874,Customer_07874,Female,38,Central,Chennai,27-04-2025
7875,Customer_07875,Female,31,East,Ahmedabad,31-10-2024
7876,Customer_07876,Male,24,East,Kolkata,10-12-2024
7877,Customer_07877,Female,33,West,Delhi,15-07-2025
7878,Customer_07878,Female,30,South,Mumbai,26-09-2024
7879,Customer_07879,Male,46,West,Mumbai,17-04-2024
7880,Customer_07880,Female,54,North,Lucknow,11-07-2025
7881,Customer_07881,Male,44,North,Bengaluru,18-04-2025
7882,Customer_07882,Female,27,East,Chennai,22-03-2024
7883,Customer_07883,Female,35,East,Indore,29-09-2025
7884,Customer_07884,Female,32,Central,Bengaluru,24-03-2024
7885,Customer_07885,Male,28,North,Bengaluru,16-10-2024
7886,Customer_07886,Male,33,West,Indore,11-03-2024
7887,Customer_07887,Female,33,South,Indore,23-06-2024
7888,Customer_07888,Male,52,South,Indore,07-04-2025
7889,Customer_07889,Male,37,South,Delhi,29-01-2025
7890,Customer_07890,Male,42,South,Pune,31-03-2024
7891,Customer_07891,Female,44,North,Indore,13-04-2025
7892,Customer_07892,Female,42,East,Pune,09-03-2025
7893,Customer_07893,Other,48,West,Ahmedabad,05-09-2024
7894,Customer_07894,Male,30,South,Lucknow,05-10-2025
7895,Customer_07895,Male,44,East,Pune,11-11-2025
7896,Customer_07896,Female,54,West,Pune,25-07-2025
7897,Customer_07897,Female,27,West,Delhi,28-08-2024
7898,Customer_07898,Male,31,East,Indore,02-12-2025
7899,Customer_07899,Male,30,South,Chennai,10-05-2025
7900,Customer_07900,Male,56,Central,Lucknow,05-12-2024
7901,Customer_07901,Female,23,East,Kolkata,15-04-2025
7902,Customer_07902,Male,35,South,Kochi,07-04-2025
7903,Customer_07903,Female,39,South,Lucknow,01-10-2024
7904,Customer_07904,Female,29,West,Jaipur,15-01-2024
7905,Customer_07905,Male,24,North,Delhi,10-02-2024
7906,Customer_07906,Male,26,Central,Kochi,26-07-2024
7907,Customer_07907,Male,31,North,Hyderabad,29-02-2024
7908,Customer_07908,Female,29,West,Pune,30-12-2024
7909,Customer_07909,Female,48,South,Bengaluru,27-08-2024
7910,Customer_07910,Male,29,East,Lucknow,30-08-2025
7911,Customer_07911,Female,29,Central,Kolkata,08-06-2024
7912,Customer_07912,Female,38,South,Pune,31-01-2025
7913,Customer_07913,Male,37,East,Jaipur,14-05-2025
7914,Customer_07914,Male,18,North,Pune,27-07-2024
7915,Customer_07915,Male,25,North,Pune,12-05-2024
7916,Customer_07916,Male,29,South,Delhi,15-01-2025
7917,Customer_07917,Male,24,West,Indore,08-03-2025
7918,Customer_07918,Male,44,North,Jaipur,31-08-2025
7919,Customer_07919,Male,19,North,Mumbai,23-01-2025
7920,Customer_07920,Female,45,South,Hyderabad,05-08-2025
7921,Customer_07921,Male,18,West,Lucknow,07-03-2025
7922,Customer_07922,Male,35,West,Kochi,30-09-2024
7923,Customer_07923,Female,50,North,Ahmedabad,16-12-2024
7924,Customer_07924,Male,28,North,Ahmedabad,13-05-2024
7925,Customer_07925,Male,34,Central,Lucknow,06-03-2024
7926,Customer_07926,Male,44,South,Hyderabad,30-09-2025
7927,Customer_07927,Female,44,Central,Jaipur,23-07-2024
7928,Customer_07928,Male,37,Central,Bengaluru,24-10-2024
7929,Customer_07929,Female,32,West,Pune,26-04-2024
7930,Customer_07930,Female,32,North,Jaipur,23-09-2024
7931,Customer_07931,Female,20,West,Pune,28-05-2024
7932,Customer_07932,Female,24,West,Kolkata,12-07-2024
7933,Customer_07933,Male,34,East,Jaipur,10-11-2025
7934,Customer_07934,Male,37,South,Chennai,27-06-2024
7935,Customer_07935,Male,60,South,Hyderabad,27-05-2024
7936,Customer_07936,Male,42,North,Jaipur,09-04-2025
7937,Customer_07937,Other,31,East,Kochi,22-07-2025
7938,Customer_07938,Female,39,East,Kolkata,05-01-2024
7939,Customer_07939,Male,18,South,Ahmedabad,09-06-2025
7940,Customer_07940,Female,35,East,Bengaluru,06-10-2024
7941,Customer_07941,Other,41,South,Chennai,13-05-2025
7942,Customer_07942,Female,41,West,Ahmedabad,11-03-2025
7943,Customer_07943,Female,33,Central,Kolkata,03-08-2024
7944,Customer_07944,Male,40,North,Kolkata,17-11-2025
7945,Customer_07945,Male,31,South,Delhi,29-05-2025
7946,Customer_07946,Male,38,North,Bengaluru,16-05-2024
7947,Customer_07947,Male,25,East,Kochi,03-09-2025
7948,Customer_07948,Male,23,West,Mumbai,17-08-2025
7949,Customer_07949,Female,47,Central,Jaipur,06-10-2024
7950,Customer_07950,Female,32,South,Delhi,11-05-2024
7951,Customer_07951,Female,38,Central,Hyderabad,27-01-2025
7952,Customer_07952,Female,26,North,Kochi,25-04-2025
7953,Customer_07953,Female,23,East,Delhi,27-05-2025
7954,Customer_07954,Male,29,North,Ahmedabad,19-09-2025
7955,Customer_07955,Female,38,Central,Ahmedabad,22-02-2025
7956,Customer_07956,Male,18,East,Kochi,20-07-2024
7957,Customer_07957,Female,36,West,Kochi,13-10-2025
7958,Customer_07958,Male,41,West,Bengaluru,19-10-2025
7959,Customer_07959,Female,25,North,Kochi,06-04-2025
7960,Customer_07960,Female,36,North,Delhi,20-07-2024
7961,Customer_07961,Female,36,Central,Kolkata,31-05-2024
7962,Customer_07962,Male,25,South,Ahmedabad,09-08-2024
7963,Customer_07963,Male,33,North,Hyderabad,19-03-2024
7964,Customer_07964,Female,34,East,Ahmedabad,18-07-2024
7965,Customer_07965,Male,25,East,Hyderabad,08-04-2024
7966,Customer_07966,Female,31,North,Pune,31-07-2024
7967,Customer_07967,Female,34,South,Chennai,22-05-2024
7968,Customer_07968,Male,37,North,Kochi,02-12-2025
7969,Customer_07969,Male,53,South,Kolkata,23-01-2025
7970,Customer_07970,Female,24,Central,Pune,08-01-2025
7971,Customer_07971,Male,48,Central,Kochi,21-02-2024
7972,Customer_07972,Male,25,West,Hyderabad,15-09-2025
7973,Customer_07973,Male,34,North,Pune,14-05-2024
7974,Customer_07974,Male,43,Central,Mumbai,14-02-2025
7975,Customer_07975,Male,38,East,Indore,14-04-2025
7976,Customer_07976,Male,18,North,Pune,21-04-2024
7977,Customer_07977,Female,45,Central,Kolkata,08-06-2025
7978,Customer_07978,Female,37,West,Pune,13-02-2024
7979,Customer_07979,Female,28,West,Jaipur,31-01-2025
7980,Customer_07980,Male,33,West,Indore,07-08-2025
7981,Customer_07981,Female,38,North,Jaipur,17-09-2024
7982,Customer_07982,Female,40,South,Ahmedabad,28-06-2025
7983,Customer_07983,Male,39,West,Chennai,22-01-2025
7984,Customer_07984,Female,27,South,Kochi,20-04-2025
7985,Customer_07985,Male,34,South,Mumbai,13-02-2025
7986,Customer_07986,Male,26,West,Delhi,02-08-2025
7987,Customer_07987,Other,42,West,Lucknow,16-01-2024
7988,Customer_07988,Male,32,East,Kochi,23-10-2025
7989,Customer_07989,Female,38,West,Ahmedabad,11-04-2024
7990,Customer_07990,Male,29,West,Jaipur,04-07-2024
7991,Customer_07991,Female,35,West,Ahmedabad,25-01-2024
7992,Customer_07992,Male,32,South,Kochi,12-03-2024
7993,Customer_07993,Male,22,South,Mumbai,15-08-2025
7994,Customer_07994,Female,45,South,Kolkata,26-07-2025
7995,Customer_07995,Female,41,North,Lucknow,18-01-2024
7996,Customer_07996,Female,21,South,Ahmedabad,23-07-2025
7997,Customer_07997,Female,26,North,Mumbai,27-11-2024
7998,Customer_07998,Male,28,East,Hyderabad,22-07-2025
7999,Customer_07999,Male,47,Central,Kolkata,06-04-2024
8000,Customer_08000,Female,43,North,Mumbai,27-12-2025
8001,Customer_08001,Female,36,West,Hyderabad,12-01-2024
8002,Customer_08002,Male,18,West,Kolkata,11-01-2024
8003,Customer_08003,Female,39,North,Lucknow,11-06-2024
8004,Customer_08004,Female,36,Central,Indore,09-10-2024
8005,Customer_08005,Female,31,East,Kolkata,29-12-2025
8006,Customer_08006,Male,47,South,Delhi,28-08-2024
8007,Customer_08007,Male,32,West,Bengaluru,14-02-2024
8008,Customer_08008,Male,46,South,Kochi,15-08-2025
8009,Customer_08009,Male,30,West,Chennai,11-09-2024
8010,Customer_08010,Male,25,North,Lucknow,07-03-2024
8011,Customer_08011,Male,22,West,Lucknow,05-09-2025
8012,Customer_08012,Male,33,South,Jaipur,25-08-2025
8013,Customer_08013,Male,34,West,Pune,11-02-2024
8014,Customer_08014,Male,24,South,Kochi,18-01-2025
8015,Customer_08015,Male,25,West,Indore,11-08-2025
8016,Customer_08016,Male,46,West,Jaipur,21-08-2024
8017,Customer_08017,Male,41,East,Indore,14-12-2025
8018,Customer_08018,Male,52,East,Hyderabad,29-04-2025
8019,Customer_08019,Female,18,East,Bengaluru,08-02-2024
8020,Customer_08020,Female,51,Central,Lucknow,11-01-2024
8021,Customer_08021,Male,26,East,Pune,15-09-2025
8022,Customer_08022,Female,21,West,Mumbai,12-02-2025
8023,Customer_08023,Male,37,West,Bengaluru,17-04-2024
8024,Customer_08024,Female,18,South,Pune,03-04-2024
8025,Customer_08025,Male,45,South,Kolkata,24-03-2024
8026,Customer_08026,Female,36,South,Delhi,27-02-2024
8027,Customer_08027,Male,27,West,Kochi,19-10-2024
8028,Customer_08028,Male,44,South,Jaipur,16-01-2024
8029,Customer_08029,Male,33,East,Lucknow,21-04-2025
8030,Customer_08030,Female,34,West,Indore,27-08-2025
8031,Customer_08031,Male,40,South,Mumbai,13-06-2024
8032,Customer_08032,Male,28,West,Bengaluru,12-03-2025
8033,Customer_08033,Male,23,South,Lucknow,27-12-2025
8034,Customer_08034,Female,33,North,Chennai,17-10-2025
8035,Customer_08035,Male,20,West,Indore,06-02-2025
8036,Customer_08036,Female,30,North,Jaipur,20-01-2025
8037,Customer_08037,Male,24,South,Hyderabad,17-05-2024
8038,Customer_08038,Female,31,Central,Pune,16-12-2025
8039,Customer_08039,Male,25,South,Ahmedabad,22-12-2025
8040,Customer_08040,Male,31,Central,Kolkata,14-06-2025
8041,Customer_08041,Female,44,Central,Pune,19-10-2024
8042,Customer_08042,Female,27,South,Mumbai,19-04-2025
8043,Customer_08043,Other,38,North,Jaipur,06-04-2025
8044,Customer_08044,Female,18,West,Chennai,07-01-2025
8045,Customer_08045,Male,31,East,Indore,10-06-2024
8046,Customer_08046,Female,26,North,Hyderabad,03-10-2025
8047,Customer_08047,Female,35,West,Jaipur,13-02-2024
8048,Customer_08048,Male,28,North,Kochi,23-03-2024
8049,Customer_08049,Male,43,Central,Jaipur,27-09-2025
8050,Customer_08050,Male,30,North,Hyderabad,22-06-2025
8051,Customer_08051,Male,45,North,Kolkata,02-06-2025
8052,Customer_08052,Male,18,North,Jaipur,14-02-2025
8053,Customer_08053,Female,34,Central,Bengaluru,06-12-2024
8054,Customer_08054,Female,35,West,Kochi,11-12-2025
8055,Customer_08055,Female,25,West,Pune,15-09-2025
8056,Customer_08056,Male,34,South,Kochi,29-03-2024
8057,Customer_08057,Male,39,South,Hyderabad,01-10-2025
8058,Customer_08058,Female,45,South,Mumbai,17-08-2024
8059,Customer_08059,Female,31,East,Lucknow,18-01-2024
8060,Customer_08060,Female,30,East,Chennai,03-11-2025
8061,Customer_08061,Female,28,West,Kolkata,07-10-2024
8062,Customer_08062,Male,34,South,Lucknow,25-02-2025
8063,Customer_08063,Male,25,Central,Chennai,08-11-2025
8064,Customer_08064,Male,42,North,Ahmedabad,02-12-2025
8065,Customer_08065,Male,18,Central,Chennai,03-12-2024
8066,Customer_08066,Male,33,North,Pune,22-09-2024
8067,Customer_08067,Female,20,East,Bengaluru,20-12-2024
8068,Customer_08068,Other,34,South,Indore,25-12-2024
8069,Customer_08069,Female,42,South,Chennai,04-08-2024
8070,Customer_08070,Female,36,East,Kolkata,16-11-2024
8071,Customer_08071,Other,28,South,Hyderabad,19-12-2025
8072,Customer_08072,Female,41,South,Kochi,26-10-2025
8073,Customer_08073,Female,18,West,Jaipur,23-11-2025
8074,Customer_08074,Male,33,West,Jaipur,30-07-2024
8075,Customer_08075,Male,26,West,Ahmedabad,21-07-2024
8076,Customer_08076,Male,39,South,Lucknow,17-12-2025
8077,Customer_08077,Male,18,East,Jaipur,01-06-2024
8078,Customer_08078,Female,29,East,Chennai,12-11-2025
8079,Customer_08079,Male,28,South,Kolkata,04-03-2025
8080,Customer_08080,Male,43,East,Hyderabad,13-10-2024
8081,Customer_08081,Male,26,South,Kolkata,16-11-2024
8082,Customer_08082,Male,32,North,Jaipur,11-03-2025
8083,Customer_08083,Male,35,South,Mumbai,14-08-2025
8084,Customer_08084,Male,34,North,Jaipur,10-05-2025
8085,Customer_08085,Male,34,West,Chennai,26-08-2025
8086,Customer_08086,Male,35,West,Jaipur,28-05-2024
8087,Customer_08087,Female,34,Central,Ahmedabad,25-06-2025
8088,Customer_08088,Male,58,West,Lucknow,26-09-2025
8089,Customer_08089,Female,18,North,Kolkata,26-04-2025
8090,Customer_08090,Male,26,Central,Kochi,21-11-2024
8091,Customer_08091,Male,34,Central,Pune,29-01-2024
8092,Customer_08092,Female,45,South,Bengaluru,15-09-2024
8093,Customer_08093,Male,44,East,Indore,28-11-2025
8094,Customer_08094,Male,44,Central,Kolkata,15-03-2024
8095,Customer_08095,Female,34,East,Bengaluru,10-07-2025
8096,Customer_08096,Female,46,Central,Pune,03-08-2025
8097,Customer_08097,Male,28,North,Pune,12-05-2025
8098,Customer_08098,Female,43,North,Jaipur,19-02-2025
8099,Customer_08099,Female,36,South,Kochi,22-12-2025
8100,Customer_08100,Male,36,East,Lucknow,05-12-2024
8101,Customer_08101,Female,21,West,Delhi,03-11-2024
8102,Customer_08102,Female,18,Central,Jaipur,04-12-2025
8103,Customer_08103,Male,31,South,Bengaluru,06-09-2025
8104,Customer_08104,Female,33,North,Chennai,28-08-2024
8105,Customer_08105,Male,23,West,Mumbai,09-09-2024
8106,Customer_08106,Female,43,East,Pune,07-08-2024
8107,Customer_08107,Female,26,North,Bengaluru,31-01-2025
8108,Customer_08108,Male,40,East,Kochi,01-12-2024
8109,Customer_08109,Female,31,West,Jaipur,29-12-2025
8110,Customer_08110,Female,42,West,Delhi,14-12-2025
8111,Customer_08111,Female,22,East,Kolkata,29-01-2024
8112,Customer_08112,Male,18,South,Chennai,08-05-2025
8113,Customer_08113,Male,39,Central,Ahmedabad,24-12-2025
8114,Customer_08114,Female,43,West,Indore,16-05-2025
8115,Customer_08115,Male,37,South,Delhi,02-06-2024
8116,Customer_08116,Male,25,South,Kolkata,18-08-2024
8117,Customer_08117,Female,41,West,Lucknow,11-04-2024
8118,Customer_08118,Male,40,South,Chennai,25-06-2024
8119,Customer_08119,Male,23,North,Mumbai,23-11-2025
8120,Customer_08120,Male,38,East,Ahmedabad,19-08-2024
8121,Customer_08121,Male,35,South,Pune,12-01-2024
8122,Customer_08122,Male,35,East,Delhi,04-07-2024
8123,Customer_08123,Male,20,North,Jaipur,22-09-2024
8124,Customer_08124,Male,42,West,Jaipur,14-05-2024
8125,Customer_08125,Female,29,South,Bengaluru,31-01-2024
8126,Customer_08126,Male,28,North,Kochi,31-03-2025
8127,Customer_08127,Female,39,North,Jaipur,15-09-2024
8128,Customer_08128,Male,32,Central,Delhi,13-04-2024
8129,Customer_08129,Female,20,Central,Jaipur,06-03-2025
8130,Customer_08130,Other,49,South,Kochi,16-01-2025
8131,Customer_08131,Female,36,West,Ahmedabad,13-04-2025
8132,Customer_08132,Female,34,East,Kochi,27-05-2025
8133,Customer_08133,Male,34,Central,Mumbai,25-07-2024
8134,Customer_08134,Male,34,South,Kochi,08-10-2025
8135,Customer_08135,Female,35,West,Kolkata,22-03-2025
8136,Customer_08136,Female,45,North,Indore,29-03-2024
8137,Customer_08137,Female,50,South,Bengaluru,13-07-2024
8138,Customer_08138,Female,31,Central,Bengaluru,17-02-2025
8139,Customer_08139,Male,41,East,Delhi,01-05-2024
8140,Customer_08140,Female,40,South,Kochi,06-04-2025
8141,Customer_08141,Male,41,North,Kolkata,25-04-2024
8142,Customer_08142,Female,47,West,Delhi,14-07-2024
8143,Customer_08143,Male,43,West,Bengaluru,05-02-2024
8144,Customer_08144,Female,38,South,Indore,07-03-2024
8145,Customer_08145,Female,28,Central,Bengaluru,06-10-2025
8146,Customer_08146,Male,37,North,Chennai,07-10-2024
8147,Customer_08147,Female,24,South,Mumbai,23-04-2025
8148,Customer_08148,Female,39,Central,Mumbai,11-01-2024
8149,Customer_08149,Male,37,South,Hyderabad,30-12-2025
8150,Customer_08150,Male,20,South,Mumbai,17-11-2024
8151,Customer_08151,Male,29,East,Delhi,29-10-2025
8152,Customer_08152,Male,27,West,Indore,27-08-2024
8153,Customer_08153,Female,41,North,Pune,29-02-2024
8154,Customer_08154,Male,31,Central,Lucknow,11-10-2025
8155,Customer_08155,Male,20,West,Pune,15-07-2025
8156,Customer_08156,Female,38,North,Indore,09-11-2025
8157,Customer_08157,Other,36,West,Chennai,13-06-2024
8158,Customer_08158,Female,35,South,Delhi,07-07-2024
8159,Customer_08159,Female,23,South,Pune,01-05-2025
8160,Customer_08160,Male,40,West,Chennai,01-04-2024
8161,Customer_08161,Male,33,Central,Kochi,15-10-2024
8162,Customer_08162,Male,32,North,Hyderabad,23-05-2025
8163,Customer_08163,Female,21,South,Indore,15-03-2024
8164,Customer_08164,Male,22,East,Bengaluru,10-07-2025
8165,Customer_08165,Male,70,South,Jaipur,03-03-2025
8166,Customer_08166,Female,22,South,Kochi,19-01-2025
8167,Customer_08167,Male,18,North,Delhi,22-02-2024
8168,Customer_08168,Female,30,West,Pune,23-06-2024
8169,Customer_08169,Female,32,South,Chennai,03-11-2025
8170,Customer_08170,Male,25,North,Bengaluru,01-08-2025
8171,Customer_08171,Female,26,West,Hyderabad,18-04-2025
8172,Customer_08172,Male,33,West,Hyderabad,26-12-2024
8173,Customer_08173,Female,38,East,Hyderabad,26-09-2024
8174,Customer_08174,Male,20,South,Pune,10-02-2025
8175,Customer_08175,Female,30,West,Kochi,03-05-2024
8176,Customer_08176,Female,34,South,Kolkata,24-11-2025
8177,Customer_08177,Female,32,South,Kolkata,10-01-2025
8178,Customer_08178,Female,27,West,Jaipur,26-01-2025
8179,Customer_08179,Female,24,North,Mumbai,30-06-2024
8180,Customer_08180,Female,51,North,Jaipur,05-02-2024
8181,Customer_08181,Female,18,North,Hyderabad,30-07-2024
8182,Customer_08182,Female,44,North,Bengaluru,13-05-2024
8183,Customer_08183,Male,23,North,Kolkata,20-11-2025
8184,Customer_08184,Female,36,Central,Indore,08-11-2025
8185,Customer_08185,Female,35,South,Bengaluru,05-05-2025
8186,Customer_08186,Female,24,North,Kochi,13-03-2025
8187,Customer_08187,Female,32,South,Lucknow,15-02-2024
8188,Customer_08188,Male,30,Central,Delhi,29-10-2025
8189,Customer_08189,Male,34,East,Bengaluru,04-02-2025
8190,Customer_08190,Male,47,South,Lucknow,02-05-2025
8191,Customer_08191,Female,48,Central,Bengaluru,07-03-2025
8192,Customer_08192,Male,26,South,Lucknow,03-03-2025
8193,Customer_08193,Female,37,South,Hyderabad,25-07-2025
8194,Customer_08194,Male,44,North,Jaipur,31-05-2025
8195,Customer_08195,Male,30,South,Kochi,06-04-2025
8196,Customer_08196,Male,40,South,Mumbai,29-06-2024
8197,Customer_08197,Male,58,West,Hyderabad,24-05-2024
8198,Customer_08198,Male,23,South,Kochi,21-09-2024
8199,Customer_08199,Female,39,East,Pune,09-02-2025
8200,Customer_08200,Male,24,North,Ahmedabad,28-04-2025
8201,Customer_08201,Male,28,North,Kolkata,26-04-2025
8202,Customer_08202,Female,29,South,Kolkata,24-08-2024
8203,Customer_08203,Male,38,Central,Bengaluru,08-06-2025
8204,Customer_08204,Female,54,South,Lucknow,04-12-2024
8205,Customer_08205,Female,28,West,Delhi,24-09-2024
8206,Customer_08206,Female,44,South,Pune,22-09-2024
8207,Customer_08207,Female,25,North,Bengaluru,11-06-2025
8208,Customer_08208,Male,30,North,Chennai,01-04-2024
8209,Customer_08209,Male,47,South,Indore,04-09-2024
8210,Customer_08210,Male,44,North,Chennai,19-01-2024
8211,Customer_08211,Male,30,North,Mumbai,24-01-2025
8212,Customer_08212,Male,28,West,Bengaluru,22-01-2025
8213,Customer_08213,Female,39,North,Lucknow,06-09-2025
8214,Customer_08214,Male,27,East,Kolkata,04-04-2024
8215,Customer_08215,Female,29,South,Ahmedabad,05-03-2025
8216,Customer_08216,Female,30,East,Delhi,25-12-2025
8217,Customer_08217,Male,32,East,Delhi,06-02-2024
8218,Customer_08218,Male,28,South,Lucknow,27-01-2025
8219,Customer_08219,Male,18,South,Jaipur,26-07-2025
8220,Customer_08220,Female,50,West,Delhi,17-10-2024
8221,Customer_08221,Male,42,Central,Kochi,29-10-2024
8222,Customer_08222,Female,33,North,Indore,04-02-2025
8223,Customer_08223,Female,27,North,Mumbai,09-12-2024
8224,Customer_08224,Female,46,Central,Lucknow,01-06-2025
8225,Customer_08225,Male,39,South,Hyderabad,11-01-2025
8226,Customer_08226,Female,28,East,Mumbai,13-06-2024
8227,Customer_08227,Male,39,South,Chennai,13-01-2024
8228,Customer_08228,Male,35,North,Bengaluru,25-01-2024
8229,Customer_08229,Male,35,East,Chennai,02-05-2024
8230,Customer_08230,Female,43,East,Jaipur,08-05-2024
8231,Customer_08231,Other,39,North,Kochi,25-09-2025
8232,Customer_08232,Male,43,East,Lucknow,30-06-2025
8233,Customer_08233,Female,52,West,Pune,17-08-2025
8234,Customer_08234,Male,40,East,Mumbai,04-11-2024
8235,Customer_08235,Female,58,North,Chennai,11-03-2025
8236,Customer_08236,Male,46,East,Indore,30-06-2024
8237,Customer_08237,Male,32,West,Hyderabad,10-08-2025
8238,Customer_08238,Female,19,West,Ahmedabad,07-09-2025
8239,Customer_08239,Female,46,East,Jaipur,12-02-2024
8240,Customer_08240,Male,21,North,Chennai,07-02-2025
8241,Customer_08241,Female,36,West,Jaipur,27-08-2025
8242,Customer_08242,Male,41,West,Ahmedabad,17-10-2025
8243,Customer_08243,Male,23,North,Ahmedabad,12-08-2025
8244,Customer_08244,Male,28,South,Bengaluru,19-09-2024
8245,Customer_08245,Female,23,South,Chennai,10-03-2024
8246,Customer_08246,Female,55,West,Indore,22-10-2025
8247,Customer_08247,Male,41,South,Ahmedabad,18-10-2024
8248,Customer_08248,Female,27,East,Mumbai,01-08-2024
8249,Customer_08249,Female,19,Central,Hyderabad,26-05-2024
8250,Customer_08250,Female,25,West,Lucknow,25-01-2024
8251,Customer_08251,Female,28,Central,Delhi,18-11-2024
8252,Customer_08252,Female,28,Central,Delhi,18-04-2024
8253,Customer_08253,Male,42,North,Kochi,23-11-2025
8254,Customer_08254,Male,20,East,Delhi,07-09-2024
8255,Customer_08255,Female,45,South,Delhi,26-04-2025
8256,Customer_08256,Female,18,Central,Jaipur,15-12-2025
8257,Customer_08257,Male,33,South,Lucknow,12-11-2025
8258,Customer_08258,Female,27,Central,Hyderabad,23-06-2024
8259,Customer_08259,Female,44,East,Jaipur,12-12-2024
8260,Customer_08260,Male,48,West,Kolkata,18-06-2024
8261,Customer_08261,Female,42,North,Chennai,02-01-2024
8262,Customer_08262,Male,38,North,Bengaluru,07-10-2025
8263,Customer_08263,Female,31,West,Kochi,30-09-2025
8264,Customer_08264,Female,47,North,Indore,11-07-2025
8265,Customer_08265,Other,24,West,Kochi,06-12-2025
8266,Customer_08266,Female,38,North,Kochi,27-12-2024
8267,Customer_08267,Male,45,West,Delhi,21-12-2025
8268,Customer_08268,Male,43,South,Lucknow,22-10-2024
8269,Customer_08269,Female,39,East,Delhi,23-07-2025
8270,Customer_08270,Female,39,West,Delhi,12-08-2025
8271,Customer_08271,Female,43,South,Lucknow,20-07-2024
8272,Customer_08272,Male,33,North,Indore,15-10-2024
8273,Customer_08273,Female,48,North,Bengaluru,02-03-2024
8274,Customer_08274,Male,55,East,Ahmedabad,16-05-2025
8275,Customer_08275,Male,18,East,Delhi,05-05-2024
8276,Customer_08276,Male,30,West,Jaipur,18-02-2024
8277,Customer_08277,Female,23,East,Bengaluru,22-08-2025
8278,Customer_08278,Female,27,South,Kolkata,27-06-2024
8279,Customer_08279,Other,35,South,Chennai,03-08-2025
8280,Customer_08280,Female,39,North,Chennai,07-05-2025
8281,Customer_08281,Male,32,South,Kolkata,08-03-2025
8282,Customer_08282,Female,40,Central,Delhi,25-07-2025
8283,Customer_08283,Male,27,Central,Mumbai,28-10-2024
8284,Customer_08284,Female,30,South,Jaipur,17-06-2024
8285,Customer_08285,Male,40,East,Indore,25-09-2024
8286,Customer_08286,Female,31,West,Mumbai,29-12-2024
8287,Customer_08287,Female,21,South,Chennai,15-09-2025
8288,Customer_08288,Male,56,North,Bengaluru,09-04-2024
8289,Customer_08289,Male,43,North,Kolkata,02-08-2024
8290,Customer_08290,Male,36,East,Indore,16-09-2025
8291,Customer_08291,Other,43,Central,Lucknow,06-04-2024
8292,Customer_08292,Male,38,West,Kolkata,21-09-2025
8293,Customer_08293,Female,18,North,Indore,01-07-2025
8294,Customer_08294,Male,36,North,Chennai,02-12-2024
8295,Customer_08295,Male,27,West,Ahmedabad,24-12-2024
8296,Customer_08296,Female,35,West,Jaipur,16-10-2024
8297,Customer_08297,Female,38,East,Delhi,30-01-2025
8298,Customer_08298,Female,44,West,Lucknow,25-12-2024
8299,Customer_08299,Female,24,North,Indore,12-12-2024
8300,Customer_08300,Female,25,West,Bengaluru,03-05-2024
8301,Customer_08301,Male,29,West,Bengaluru,05-07-2025
8302,Customer_08302,Male,49,South,Lucknow,14-10-2025
8303,Customer_08303,Male,30,West,Delhi,21-06-2025
8304,Customer_08304,Male,39,South,Pune,15-10-2025
8305,Customer_08305,Female,33,North,Pune,25-02-2025
8306,Customer_08306,Female,30,North,Bengaluru,01-12-2024
8307,Customer_08307,Male,35,North,Hyderabad,17-05-2025
8308,Customer_08308,Female,42,South,Bengaluru,26-02-2024
8309,Customer_08309,Female,41,South,Ahmedabad,23-10-2025
8310,Customer_08310,Male,22,East,Chennai,17-12-2025
8311,Customer_08311,Female,37,East,Mumbai,16-03-2024
8312,Customer_08312,Male,50,South,Jaipur,10-04-2025
8313,Customer_08313,Female,37,North,Indore,11-10-2024
8314,Customer_08314,Male,45,East,Indore,22-12-2025
8315,Customer_08315,Female,51,South,Kolkata,20-01-2025
8316,Customer_08316,Male,36,South,Ahmedabad,15-09-2024
8317,Customer_08317,Other,33,Central,Pune,21-04-2025
8318,Customer_08318,Male,38,West,Kolkata,26-11-2025
8319,Customer_08319,Male,47,Central,Mumbai,11-01-2024
8320,Customer_08320,Female,32,East,Hyderabad,02-11-2025
8321,Customer_08321,Female,23,North,Hyderabad,16-09-2024
8322,Customer_08322,Female,38,West,Hyderabad,27-01-2025
8323,Customer_08323,Female,43,North,Lucknow,22-08-2025
8324,Customer_08324,Female,38,South,Lucknow,03-01-2025
8325,Customer_08325,Male,38,North,Indore,02-07-2024
8326,Customer_08326,Male,34,West,Kolkata,16-01-2024
8327,Customer_08327,Male,32,North,Bengaluru,20-05-2025
8328,Customer_08328,Female,47,Central,Indore,26-03-2024
8329,Customer_08329,Male,18,Central,Pune,11-12-2025
8330,Customer_08330,Male,35,East,Hyderabad,10-01-2024
8331,Customer_08331,Female,24,West,Kochi,21-04-2025
8332,Customer_08332,Male,34,East,Ahmedabad,12-06-2024
8333,Customer_08333,Male,37,West,Chennai,24-01-2024
8334,Customer_08334,Female,39,South,Jaipur,29-07-2025
8335,Customer_08335,Male,35,West,Mumbai,07-11-2024
8336,Customer_08336,Female,48,East,Bengaluru,25-08-2024
8337,Customer_08337,Male,35,Central,Ahmedabad,06-04-2025
8338,Customer_08338,Male,23,East,Lucknow,06-04-2025
8339,Customer_08339,Female,44,East,Chennai,25-08-2024
8340,Customer_08340,Male,37,West,Hyderabad,22-01-2024
8341,Customer_08341,Male,24,West,Lucknow,28-06-2024
8342,Customer_08342,Female,41,East,Indore,12-07-2025
8343,Customer_08343,Male,28,North,Pune,30-12-2025
8344,Customer_08344,Male,43,East,Indore,13-05-2025
8345,Customer_08345,Male,21,Central,Mumbai,19-04-2025
8346,Customer_08346,Female,33,West,Ahmedabad,16-12-2025
8347,Customer_08347,Male,38,West,Pune,04-12-2024
8348,Customer_08348,Female,23,North,Bengaluru,14-06-2025
8349,Customer_08349,Male,39,East,Pune,22-11-2025
8350,Customer_08350,Male,44,West,Mumbai,10-06-2024
8351,Customer_08351,Female,32,West,Kolkata,01-03-2024
8352,Customer_08352,Male,38,North,Hyderabad,25-03-2024
8353,Customer_08353,Male,26,Central,Indore,30-06-2025
8354,Customer_08354,Female,63,East,Hyderabad,04-05-2025
8355,Customer_08355,Other,34,North,Kochi,05-01-2024
8356,Customer_08356,Male,37,South,Indore,16-03-2024
8357,Customer_08357,Male,31,South,Delhi,09-09-2024
8358,Customer_08358,Male,27,East,Kolkata,07-01-2024
8359,Customer_08359,Female,44,North,Delhi,11-11-2025
8360,Customer_08360,Female,18,North,Jaipur,03-10-2025
8361,Customer_08361,Female,18,West,Ahmedabad,17-04-2025
8362,Customer_08362,Male,37,North,Chennai,17-05-2024
8363,Customer_08363,Male,30,South,Hyderabad,23-12-2024
8364,Customer_08364,Male,42,East,Mumbai,25-08-2025
8365,Customer_08365,Male,29,East,Ahmedabad,11-06-2024
8366,Customer_08366,Female,18,West,Indore,13-11-2024
8367,Customer_08367,Male,33,South,Kolkata,02-04-2025
8368,Customer_08368,Female,31,West,Ahmedabad,09-09-2024
8369,Customer_08369,Female,23,East,Hyderabad,19-07-2024
8370,Customer_08370,Male,42,North,Bengaluru,15-06-2025
8371,Customer_08371,Female,38,North,Kochi,05-11-2025
8372,Customer_08372,Male,24,South,Kolkata,13-06-2024
8373,Customer_08373,Male,19,South,Chennai,19-08-2024
8374,Customer_08374,Male,38,West,Chennai,23-11-2024
8375,Customer_08375,Male,24,East,Indore,25-08-2024
8376,Customer_08376,Male,24,South,Kochi,29-04-2024
8377,Customer_08377,Female,33,North,Jaipur,10-09-2025
8378,Customer_08378,Female,34,South,Hyderabad,06-09-2024
8379,Customer_08379,Male,39,East,Chennai,01-12-2024
8380,Customer_08380,Female,45,South,Kolkata,10-10-2024
8381,Customer_08381,Female,29,East,Chennai,16-07-2024
8382,Customer_08382,Female,40,North,Kochi,19-02-2025
8383,Customer_08383,Male,32,West,Lucknow,29-01-2025
8384,Customer_08384,Male,46,Central,Kolkata,30-05-2024
8385,Customer_08385,Female,26,South,Hyderabad,21-09-2024
8386,Customer_08386,Female,39,East,Chennai,07-08-2024
8387,Customer_08387,Male,26,Central,Pune,03-08-2024
8388,Customer_08388,Female,25,South,Pune,10-11-2024
8389,Customer_08389,Male,29,East,Delhi,29-10-2025
8390,Customer_08390,Female,18,North,Chennai,03-08-2024
8391,Customer_08391,Male,44,East,Ahmedabad,30-11-2024
8392,Customer_08392,Female,25,North,Pune,24-12-2024
8393,Customer_08393,Female,29,Central,Hyderabad,17-09-2025
8394,Customer_08394,Male,24,West,Chennai,09-06-2024
8395,Customer_08395,Male,43,West,Indore,01-09-2025
8396,Customer_08396,Female,37,West,Kolkata,25-05-2025
8397,Customer_08397,Female,40,East,Indore,05-06-2024
8398,Customer_08398,Female,36,South,Ahmedabad,10-06-2024
8399,Customer_08399,Female,36,Central,Delhi,11-02-2024
8400,Customer_08400,Female,37,Central,Bengaluru,28-06-2024
8401,Customer_08401,Male,43,East,Delhi,29-10-2024
8402,Customer_08402,Female,23,Central,Pune,25-11-2024
8403,Customer_08403,Male,28,East,Pune,16-07-2025
8404,Customer_08404,Male,23,East,Pune,04-03-2025
8405,Customer_08405,Female,40,East,Hyderabad,15-12-2024
8406,Customer_08406,Other,38,North,Lucknow,29-04-2024
8407,Customer_08407,Male,41,North,Kolkata,15-03-2024
8408,Customer_08408,Male,18,South,Kolkata,04-11-2025
8409,Customer_08409,Female,30,East,Chennai,22-10-2025
8410,Customer_08410,Male,18,South,Indore,02-05-2024
8411,Customer_08411,Other,54,South,Delhi,14-10-2025
8412,Customer_08412,Female,35,Central,Indore,30-06-2024
8413,Customer_08413,Female,26,South,Lucknow,13-09-2024
8414,Customer_08414,Male,33,East,Mumbai,20-08-2025
8415,Customer_08415,Male,34,North,Lucknow,05-08-2025
8416,Customer_08416,Female,54,North,Lucknow,25-09-2024
8417,Customer_08417,Male,32,West,Lucknow,07-05-2025
8418,Customer_08418,Female,36,East,Ahmedabad,28-06-2024
8419,Customer_08419,Male,28,West,Lucknow,28-05-2024
8420,Customer_08420,Male,55,North,Ahmedabad,01-06-2025
8421,Customer_08421,Female,50,East,Mumbai,27-05-2024
8422,Customer_08422,Female,18,South,Lucknow,10-11-2025
8423,Customer_08423,Male,43,South,Lucknow,09-01-2024
8424,Customer_08424,Female,38,North,Chennai,26-06-2024
8425,Customer_08425,Female,26,North,Ahmedabad,29-01-2025
8426,Customer_08426,Female,24,South,Kochi,19-09-2025
8427,Customer_08427,Male,18,North,Kochi,30-08-2025
8428,Customer_08428,Male,40,Central,Pune,26-11-2024
8429,Customer_08429,Female,20,South,Bengaluru,25-02-2024
8430,Customer_08430,Male,37,North,Hyderabad,25-07-2024
8431,Customer_08431,Male,23,North,Kolkata,14-04-2024
8432,Customer_08432,Male,22,East,Bengaluru,30-06-2025
8433,Customer_08433,Male,35,North,Kochi,21-12-2025
8434,Customer_08434,Female,47,Central,Kochi,20-12-2024
8435,Customer_08435,Male,26,Central,Delhi,20-10-2025
8436,Customer_08436,Male,33,South,Lucknow,03-05-2025
8437,Customer_08437,Female,35,East,Pune,15-08-2025
8438,Customer_08438,Female,33,North,Kolkata,17-05-2025
8439,Customer_08439,Male,37,West,Kolkata,19-02-2024
8440,Customer_08440,Female,34,South,Kolkata,27-03-2024
8441,Customer_08441,Male,18,South,Delhi,03-12-2025
8442,Customer_08442,Male,47,North,Lucknow,29-10-2024
8443,Customer_08443,Female,38,West,Kochi,01-01-2024
8444,Customer_08444,Female,32,South,Kochi,15-01-2025
8445,Customer_08445,Female,24,North,Indore,11-10-2025
8446,Customer_08446,Female,30,West,Indore,09-10-2025
8447,Customer_08447,Female,43,East,Indore,27-12-2024
8448,Customer_08448,Other,21,Central,Pune,15-01-2025
8449,Customer_08449,Female,26,North,Mumbai,27-10-2025
8450,Customer_08450,Female,33,West,Ahmedabad,10-06-2024
8451,Customer_08451,Female,18,West,Hyderabad,19-01-2024
8452,Customer_08452,Male,24,North,Ahmedabad,30-08-2024
8453,Customer_08453,Male,31,West,Chennai,08-05-2024
8454,Customer_08454,Male,18,South,Ahmedabad,24-06-2024
8455,Customer_08455,Female,32,Central,Indore,12-02-2025
8456,Customer_08456,Female,21,North,Delhi,24-03-2024
8457,Customer_08457,Female,46,West,Bengaluru,10-01-2025
8458,Customer_08458,Male,28,South,Delhi,09-08-2024
8459,Customer_08459,Male,41,Central,Lucknow,20-11-2024
8460,Customer_08460,Male,38,South,Ahmedabad,26-03-2025
8461,Customer_08461,Female,26,Central,Kochi,19-02-2025
8462,Customer_08462,Female,38,Central,Hyderabad,18-10-2025
8463,Customer_08463,Female,51,South,Lucknow,20-03-2025
8464,Customer_08464,Male,34,West,Chennai,09-09-2025
8465,Customer_08465,Male,30,Central,Lucknow,20-11-2024
8466,Customer_08466,Male,38,South,Pune,06-06-2025
8467,Customer_08467,Male,39,South,Delhi,14-06-2024
8468,Customer_08468,Female,30,East,Delhi,08-12-2025
8469,Customer_08469,Male,18,South,Delhi,20-10-2025
8470,Customer_08470,Female,25,North,Mumbai,25-08-2024
8471,Customer_08471,Female,21,South,Indore,13-01-2024
8472,Customer_08472,Male,34,South,Kochi,13-09-2024
8473,Customer_08473,Male,46,South,Chennai,28-05-2025
8474,Customer_08474,Female,39,North,Pune,28-07-2024
8475,Customer_08475,Male,29,Central,Mumbai,28-04-2025
8476,Customer_08476,Female,37,West,Lucknow,30-12-2024
8477,Customer_08477,Male,34,North,Lucknow,12-08-2024
8478,Customer_08478,Female,39,West,Mumbai,12-07-2024
8479,Customer_08479,Male,40,West,Jaipur,14-07-2024
8480,Customer_08480,Female,47,Central,Bengaluru,03-02-2025
8481,Customer_08481,Female,33,North,Pune,26-02-2024
8482,Customer_08482,Male,18,South,Ahmedabad,16-09-2025
8483,Customer_08483,Male,21,Central,Ahmedabad,31-07-2024
8484,Customer_08484,Female,34,Central,Hyderabad,05-10-2024
8485,Customer_08485,Male,31,West,Indore,14-01-2025
8486,Customer_08486,Female,41,West,Hyderabad,26-04-2024
8487,Customer_08487,Female,44,North,Ahmedabad,26-03-2025
8488,Customer_08488,Male,34,East,Hyderabad,21-08-2025
8489,Customer_08489,Male,22,South,Mumbai,13-02-2025
8490,Customer_08490,Male,40,North,Jaipur,01-01-2025
8491,Customer_08491,Female,37,West,Mumbai,22-04-2024
8492,Customer_08492,Female,40,North,Bengaluru,12-06-2024
8493,Customer_08493,Female,27,East,Hyderabad,04-01-2024
8494,Customer_08494,Female,64,Central,Indore,21-09-2025
8495,Customer_08495,Female,18,North,Hyderabad,23-01-2024
8496,Customer_08496,Male,35,Central,Kochi,24-08-2025
8497,Customer_08497,Female,41,Central,Mumbai,01-04-2024
8498,Customer_08498,Male,42,East,Pune,13-04-2025
8499,Customer_08499,Male,34,North,Kolkata,03-06-2024
8500,Customer_08500,Female,40,South,Pune,18-09-2025
8501,Customer_08501,Female,43,South,Pune,25-07-2024
8502,Customer_08502,Male,35,South,Jaipur,21-03-2024
8503,Customer_08503,Female,36,South,Delhi,06-09-2025
8504,Customer_08504,Male,40,Central,Chennai,27-04-2025
8505,Customer_08505,Female,34,North,Hyderabad,14-08-2025
8506,Customer_08506,Male,47,West,Delhi,10-02-2025
8507,Customer_08507,Male,44,North,Kochi,12-04-2024
8508,Customer_08508,Female,31,East,Pune,27-08-2024
8509,Customer_08509,Female,27,Central,Kolkata,21-09-2024
8510,Customer_08510,Female,42,South,Lucknow,02-02-2024
8511,Customer_08511,Female,35,North,Bengaluru,04-02-2024
8512,Customer_08512,Female,28,West,Kochi,05-09-2024
8513,Customer_08513,Female,29,West,Pune,19-02-2024
8514,Customer_08514,Female,40,West,Mumbai,06-10-2024
8515,Customer_08515,Female,29,South,Kolkata,31-05-2024
8516,Customer_08516,Female,48,South,Jaipur,20-10-2025
8517,Customer_08517,Male,24,Central,Lucknow,04-07-2025
8518,Customer_08518,Female,29,Central,Delhi,01-12-2025
8519,Customer_08519,Female,25,East,Ahmedabad,20-06-2025
8520,Customer_08520,Male,22,West,Kochi,17-08-2024
8521,Customer_08521,Female,26,East,Pune,26-10-2025
8522,Customer_08522,Male,29,South,Mumbai,14-10-2024
8523,Customer_08523,Male,30,North,Mumbai,29-01-2025
8524,Customer_08524,Female,18,South,Mumbai,28-03-2025
8525,Customer_08525,Male,22,East,Delhi,11-09-2025
8526,Customer_08526,Female,36,North,Bengaluru,02-02-2024
8527,Customer_08527,Male,27,South,Indore,28-12-2024
8528,Customer_08528,Female,44,West,Indore,20-04-2024
8529,Customer_08529,Male,32,West,Chennai,30-04-2024
8530,Customer_08530,Male,40,West,Indore,16-01-2024
8531,Customer_08531,Female,30,Central,Ahmedabad,06-06-2025
8532,Customer_08532,Male,43,North,Indore,15-12-2025
8533,Customer_08533,Male,18,East,Kolkata,14-12-2025
8534,Customer_08534,Male,35,West,Jaipur,07-04-2024
8535,Customer_08535,Male,49,East,Indore,25-04-2024
8536,Customer_08536,Male,19,South,Mumbai,15-04-2025
8537,Customer_08537,Male,42,North,Delhi,14-03-2025
8538,Customer_08538,Female,38,Central,Ahmedabad,07-10-2024
8539,Customer_08539,Female,20,East,Kochi,14-12-2024
8540,Customer_08540,Female,37,Central,Lucknow,19-08-2024
8541,Customer_08541,Female,37,East,Mumbai,20-04-2024
8542,Customer_08542,Male,33,West,Hyderabad,17-12-2024
8543,Customer_08543,Female,45,West,Bengaluru,12-01-2024
8544,Customer_08544,Male,44,West,Kochi,02-05-2025
8545,Customer_08545,Other,42,South,Kochi,16-06-2025
8546,Customer_08546,Male,48,East,Ahmedabad,30-09-2025
8547,Customer_08547,Female,26,West,Indore,11-10-2024
8548,Customer_08548,Female,29,South,Kolkata,24-09-2025
8549,Customer_08549,Male,27,South,Delhi,27-09-2025
8550,Customer_08550,Other,29,North,Ahmedabad,28-06-2025
8551,Customer_08551,Male,29,Central,Mumbai,26-01-2025
8552,Customer_08552,Female,33,North,Hyderabad,18-06-2024
8553,Customer_08553,Female,30,West,Delhi,17-03-2024
8554,Customer_08554,Male,23,South,Pune,23-10-2024
8555,Customer_08555,Male,42,South,Pune,25-11-2024
8556,Customer_08556,Female,25,West,Delhi,03-03-2024
8557,Customer_08557,Female,50,North,Ahmedabad,26-09-2024
8558,Customer_08558,Female,42,East,Jaipur,03-08-2024
8559,Customer_08559,Female,22,West,Bengaluru,08-07-2024
8560,Customer_08560,Male,34,West,Mumbai,15-03-2024
8561,Customer_08561,Female,20,North,Indore,16-11-2025
8562,Customer_08562,Female,47,Central,Ahmedabad,24-05-2025
8563,Customer_08563,Male,34,West,Hyderabad,01-08-2025
8564,Customer_08564,Male,34,Central,Hyderabad,02-04-2024
8565,Customer_08565,Male,36,East,Kolkata,22-02-2024
8566,Customer_08566,Female,32,East,Kochi,10-05-2025
8567,Customer_08567,Male,27,Central,Kolkata,03-04-2024
8568,Customer_08568,Female,33,Central,Kolkata,16-09-2025
8569,Customer_08569,Other,47,South,Chennai,16-08-2024
8570,Customer_08570,Male,28,South,Indore,06-09-2024
8571,Customer_08571,Male,48,South,Kolkata,25-01-2025
8572,Customer_08572,Male,29,South,Jaipur,21-12-2025
8573,Customer_08573,Male,36,South,Pune,30-06-2024
8574,Customer_08574,Male,54,South,Pune,23-09-2024
8575,Customer_08575,Female,40,Central,Mumbai,07-10-2024
8576,Customer_08576,Female,38,North,Kolkata,28-10-2025
8577,Customer_08577,Female,41,West,Pune,23-03-2024
8578,Customer_08578,Male,44,North,Indore,04-07-2024
8579,Customer_08579,Female,26,South,Chennai,12-10-2025
8580,Customer_08580,Female,39,North,Mumbai,20-07-2025
8581,Customer_08581,Male,37,South,Mumbai,14-06-2025
8582,Customer_08582,Male,18,West,Pune,13-12-2024
8583,Customer_08583,Female,36,Central,Pune,26-02-2025
8584,Customer_08584,Female,24,South,Chennai,29-03-2025
8585,Customer_08585,Male,35,East,Mumbai,23-09-2024
8586,Customer_08586,Female,44,East,Indore,21-05-2025
8587,Customer_08587,Other,25,Central,Bengaluru,21-05-2024
8588,Customer_08588,Male,33,West,Delhi,11-11-2024
8589,Customer_08589,Male,30,East,Delhi,06-11-2025
8590,Customer_08590,Female,45,West,Kochi,19-08-2024
8591,Customer_08591,Male,29,West,Bengaluru,23-10-2024
8592,Customer_08592,Female,36,North,Indore,25-07-2025
8593,Customer_08593,Male,40,South,Jaipur,22-01-2024
8594,Customer_08594,Female,42,Central,Lucknow,18-01-2025
8595,Customer_08595,Female,24,West,Lucknow,05-05-2024
8596,Customer_08596,Male,31,East,Mumbai,12-04-2024
8597,Customer_08597,Male,50,East,Hyderabad,19-04-2024
8598,Customer_08598,Female,34,South,Indore,23-07-2025
8599,Customer_08599,Male,44,East,Chennai,16-04-2025
8600,Customer_08600,Female,55,West,Kochi,05-03-2024
8601,Customer_08601,Male,33,South,Mumbai,16-04-2025
8602,Customer_08602,Male,42,West,Pune,23-07-2025
8603,Customer_08603,Male,44,Central,Hyderabad,31-10-2025
8604,Customer_08604,Male,20,North,Kochi,16-03-2024
8605,Customer_08605,Male,38,East,Delhi,19-01-2024
8606,Customer_08606,Female,49,South,Hyderabad,18-01-2025
8607,Customer_08607,Female,18,West,Hyderabad,08-07-2024
8608,Customer_08608,Female,33,South,Kochi,25-12-2024
8609,Customer_08609,Male,35,West,Ahmedabad,27-03-2025
8610,Customer_08610,Male,33,Central,Kochi,19-03-2024
8611,Customer_08611,Male,32,South,Lucknow,18-08-2025
8612,Customer_08612,Male,23,Central,Delhi,20-06-2024
8613,Customer_08613,Female,38,Central,Kochi,30-07-2024
8614,Customer_08614,Female,27,North,Mumbai,20-03-2025
8615,Customer_08615,Male,27,South,Pune,28-05-2024
8616,Customer_08616,Female,18,Central,Lucknow,10-01-2024
8617,Customer_08617,Male,20,Central,Kochi,25-06-2025
8618,Customer_08618,Female,49,North,Jaipur,24-02-2024
8619,Customer_08619,Female,35,North,Pune,30-09-2025
8620,Customer_08620,Male,41,North,Hyderabad,28-06-2024
8621,Customer_08621,Female,25,Central,Ahmedabad,15-01-2025
8622,Customer_08622,Female,18,North,Hyderabad,25-02-2025
8623,Customer_08623,Male,27,East,Mumbai,26-03-2025
8624,Customer_08624,Female,18,West,Jaipur,02-04-2024
8625,Customer_08625,Female,27,North,Delhi,03-06-2025
8626,Customer_08626,Female,46,East,Ahmedabad,16-02-2025
8627,Customer_08627,Female,33,South,Jaipur,28-01-2025
8628,Customer_08628,Male,48,Central,Ahmedabad,26-11-2024
8629,Customer_08629,Male,40,South,Pune,08-12-2025
8630,Customer_08630,Male,45,West,Jaipur,08-03-2025
8631,Customer_08631,Male,32,West,Lucknow,11-06-2024
8632,Customer_08632,Female,20,South,Pune,09-02-2024
8633,Customer_08633,Male,24,North,Chennai,25-03-2024
8634,Customer_08634,Female,46,South,Ahmedabad,12-08-2025
8635,Customer_08635,Female,36,South,Delhi,25-12-2025
8636,Customer_08636,Female,20,West,Mumbai,31-03-2024
8637,Customer_08637,Male,40,West,Delhi,28-04-2025
8638,Customer_08638,Male,18,East,Indore,19-01-2025
8639,Customer_08639,Male,39,East,Jaipur,11-07-2024
8640,Customer_08640,Other,31,East,Delhi,09-09-2024
8641,Customer_08641,Female,41,West,Kolkata,16-10-2025
8642,Customer_08642,Male,31,South,Hyderabad,31-08-2024
8643,Customer_08643,Male,41,South,Indore,24-12-2025
8644,Customer_08644,Female,19,South,Pune,07-12-2025
8645,Customer_08645,Male,37,East,Ahmedabad,26-09-2024
8646,Customer_08646,Female,30,South,Kolkata,19-01-2024
8647,Customer_08647,Female,38,South,Chennai,09-02-2024
8648,Customer_08648,Female,31,North,Delhi,01-09-2025
8649,Customer_08649,Female,25,West,Bengaluru,30-05-2025
8650,Customer_08650,Female,33,South,Hyderabad,02-02-2024
8651,Customer_08651,Male,46,North,Hyderabad,07-11-2025
8652,Customer_08652,Female,28,South,Chennai,25-03-2025
8653,Customer_08653,Female,36,South,Jaipur,22-06-2025
8654,Customer_08654,Male,27,East,Kolkata,15-11-2025
8655,Customer_08655,Male,18,South,Bengaluru,16-09-2025
8656,Customer_08656,Male,35,South,Pune,29-08-2025
8657,Customer_08657,Female,70,East,Kochi,14-11-2024
8658,Customer_08658,Male,21,North,Kolkata,07-10-2025
8659,Customer_08659,Female,44,North,Ahmedabad,03-05-2024
8660,Customer_08660,Male,18,Central,Lucknow,06-01-2025
8661,Customer_08661,Female,33,South,Jaipur,16-12-2024
8662,Customer_08662,Female,20,South,Mumbai,18-11-2024
8663,Customer_08663,Male,38,North,Indore,02-05-2025
8664,Customer_08664,Male,28,East,Bengaluru,26-03-2025
8665,Customer_08665,Male,28,East,Kolkata,18-12-2024
8666,Customer_08666,Female,23,East,Ahmedabad,25-04-2024
8667,Customer_08667,Female,18,West,Jaipur,13-01-2024
8668,Customer_08668,Male,31,North,Kochi,15-11-2024
8669,Customer_08669,Male,27,South,Indore,13-06-2024
8670,Customer_08670,Male,30,West,Chennai,20-12-2025
8671,Customer_08671,Female,31,Central,Jaipur,25-03-2024
8672,Customer_08672,Male,26,North,Hyderabad,04-09-2024
8673,Customer_08673,Female,35,East,Jaipur,07-03-2025
8674,Customer_08674,Female,32,South,Kochi,21-07-2025
8675,Customer_08675,Female,42,North,Chennai,14-11-2025
8676,Customer_08676,Male,58,South,Bengaluru,14-10-2025
8677,Customer_08677,Male,36,North,Pune,05-10-2025
8678,Customer_08678,Female,45,West,Hyderabad,23-04-2025
8679,Customer_08679,Male,35,East,Kolkata,13-12-2025
8680,Customer_08680,Male,39,North,Kolkata,02-01-2025
8681,Customer_08681,Female,31,North,Indore,22-12-2024
8682,Customer_08682,Male,33,West,Kochi,11-02-2025
8683,Customer_08683,Male,26,North,Ahmedabad,10-12-2024
8684,Customer_08684,Female,48,East,Hyderabad,27-06-2024
8685,Customer_08685,Female,44,South,Bengaluru,28-02-2025
8686,Customer_08686,Male,37,East,Lucknow,24-06-2025
8687,Customer_08687,Female,24,South,Hyderabad,18-03-2025
8688,Customer_08688,Female,32,North,Ahmedabad,01-11-2024
8689,Customer_08689,Other,44,South,Indore,01-01-2025
8690,Customer_08690,Male,58,North,Ahmedabad,05-02-2024
8691,Customer_08691,Female,35,South,Indore,07-04-2025
8692,Customer_08692,Male,46,West,Mumbai,12-09-2025
8693,Customer_08693,Male,36,South,Kochi,25-05-2024
8694,Customer_08694,Male,47,North,Indore,25-05-2024
8695,Customer_08695,Male,18,East,Bengaluru,14-01-2025
8696,Customer_08696,Female,25,East,Jaipur,16-06-2024
8697,Customer_08697,Female,37,Central,Chennai,01-10-2024
8698,Customer_08698,Male,22,East,Jaipur,27-03-2024
8699,Customer_08699,Male,38,East,Bengaluru,02-06-2024
8700,Customer_08700,Male,34,East,Pune,11-05-2025
8701,Customer_08701,Male,18,Central,Lucknow,10-11-2024
8702,Customer_08702,Male,18,West,Hyderabad,01-09-2025
8703,Customer_08703,Male,37,South,Kolkata,23-12-2025
8704,Customer_08704,Male,23,South,Delhi,13-07-2025
8705,Customer_08705,Male,29,South,Kolkata,30-09-2024
8706,Customer_08706,Female,40,East,Jaipur,06-12-2025
8707,Customer_08707,Male,33,West,Hyderabad,18-09-2024
8708,Customer_08708,Male,30,East,Hyderabad,01-05-2025
8709,Customer_08709,Male,19,North,Lucknow,29-03-2025
8710,Customer_08710,Male,49,West,Kolkata,18-03-2025
8711,Customer_08711,Female,42,West,Kochi,18-09-2024
8712,Customer_08712,Female,28,South,Lucknow,26-06-2025
8713,Customer_08713,Female,25,West,Indore,14-04-2024
8714,Customer_08714,Female,28,South,Bengaluru,15-12-2024
8715,Customer_08715,Male,24,Central,Ahmedabad,13-03-2025
8716,Customer_08716,Male,31,West,Delhi,17-06-2024
8717,Customer_08717,Female,45,East,Kolkata,08-12-2024
8718,Customer_08718,Female,44,West,Kochi,17-08-2024
8719,Customer_08719,Female,44,Central,Bengaluru,23-01-2024
8720,Customer_08720,Male,21,East,Ahmedabad,06-11-2025
8721,Customer_08721,Male,24,South,Pune,07-10-2024
8722,Customer_08722,Male,44,West,Hyderabad,02-06-2025
8723,Customer_08723,Male,39,South,Jaipur,22-12-2025
8724,Customer_08724,Female,30,South,Lucknow,09-09-2024
8725,Customer_08725,Male,41,Central,Bengaluru,07-02-2025
8726,Customer_08726,Male,39,West,Delhi,12-05-2024
8727,Customer_08727,Female,19,South,Jaipur,30-09-2024
8728,Customer_08728,Male,18,South,Ahmedabad,09-09-2025
8729,Customer_08729,Male,34,South,Ahmedabad,19-08-2024
8730,Customer_08730,Male,18,South,Delhi,28-06-2025
8731,Customer_08731,Male,45,North,Hyderabad,19-03-2024
8732,Customer_08732,Male,39,West,Kochi,04-02-2024
8733,Customer_08733,Female,30,South,Delhi,09-05-2025
8734,Customer_08734,Female,22,East,Mumbai,19-04-2024
8735,Customer_08735,Female,25,South,Lucknow,16-11-2024
8736,Customer_08736,Female,18,Central,Mumbai,28-07-2025
8737,Customer_08737,Female,48,South,Hyderabad,23-11-2024
8738,Customer_08738,Male,36,North,Jaipur,20-11-2025
8739,Customer_08739,Female,32,North,Mumbai,18-01-2025
8740,Customer_08740,Male,52,East,Delhi,29-12-2024
8741,Customer_08741,Male,25,East,Hyderabad,19-08-2024
8742,Customer_08742,Male,32,South,Mumbai,07-09-2025
8743,Customer_08743,Male,27,South,Hyderabad,17-02-2025
8744,Customer_08744,Female,55,North,Delhi,20-10-2024
8745,Customer_08745,Male,31,East,Kochi,30-06-2025
8746,Customer_08746,Male,36,East,Indore,06-12-2025
8747,Customer_08747,Female,50,North,Kolkata,22-06-2024
8748,Customer_08748,Male,45,North,Kochi,26-01-2025
8749,Customer_08749,Female,18,North,Lucknow,11-04-2024
8750,Customer_08750,Female,31,North,Ahmedabad,19-10-2024
8751,Customer_08751,Male,33,East,Ahmedabad,25-03-2024
8752,Customer_08752,Male,36,North,Hyderabad,19-07-2024
8753,Customer_08753,Male,37,South,Lucknow,15-11-2025
8754,Customer_08754,Male,25,North,Pune,24-06-2025
8755,Customer_08755,Male,49,Central,Ahmedabad,23-10-2024
8756,Customer_08756,Male,38,Central,Kochi,25-02-2024
8757,Customer_08757,Female,41,South,Kochi,16-04-2025
8758,Customer_08758,Male,48,South,Ahmedabad,16-01-2024
8759,Customer_08759,Male,37,North,Jaipur,13-10-2025
8760,Customer_08760,Male,32,East,Ahmedabad,06-03-2024
8761,Customer_08761,Female,30,North,Chennai,20-10-2025
8762,Customer_08762,Male,32,West,Hyderabad,31-10-2025
8763,Customer_08763,Male,32,East,Jaipur,16-04-2025
8764,Customer_08764,Male,18,Central,Kochi,03-08-2025
8765,Customer_08765,Male,28,North,Kochi,23-01-2024
8766,Customer_08766,Male,23,West,Kochi,02-12-2025
8767,Customer_08767,Other,18,West,Kochi,30-04-2025
8768,Customer_08768,Female,36,North,Chennai,18-02-2025
8769,Customer_08769,Female,38,South,Kolkata,18-10-2025
8770,Customer_08770,Female,25,North,Indore,31-10-2024
8771,Customer_08771,Female,31,South,Indore,25-06-2024
8772,Customer_08772,Female,40,South,Kolkata,13-07-2024
8773,Customer_08773,Male,31,East,Lucknow,13-01-2024
8774,Customer_08774,Female,33,South,Delhi,14-06-2024
8775,Customer_08775,Male,32,Central,Ahmedabad,29-05-2024
8776,Customer_08776,Male,40,North,Lucknow,06-12-2024
8777,Customer_08777,Male,34,Central,Kochi,10-07-2025
8778,Customer_08778,Female,31,South,Jaipur,22-06-2024
8779,Customer_08779,Male,29,West,Indore,15-06-2024
8780,Customer_08780,Female,26,South,Delhi,09-12-2025
8781,Customer_08781,Female,40,North,Bengaluru,18-12-2025
8782,Customer_08782,Male,40,Central,Kochi,16-08-2025
8783,Customer_08783,Male,34,South,Delhi,02-08-2025
8784,Customer_08784,Male,43,West,Bengaluru,06-04-2024
8785,Customer_08785,Male,34,East,Indore,09-11-2025
8786,Customer_08786,Female,37,East,Hyderabad,07-02-2025
8787,Customer_08787,Female,28,East,Hyderabad,17-03-2024
8788,Customer_08788,Male,46,West,Lucknow,24-08-2024
8789,Customer_08789,Female,36,North,Delhi,08-12-2025
8790,Customer_08790,Female,38,West,Jaipur,17-10-2024
8791,Customer_08791,Male,35,Central,Jaipur,15-05-2024
8792,Customer_08792,Female,35,North,Kolkata,01-01-2025
8793,Customer_08793,Male,37,North,Chennai,01-07-2025
8794,Customer_08794,Female,18,West,Pune,04-09-2024
8795,Customer_08795,Male,38,South,Hyderabad,01-08-2024
8796,Customer_08796,Female,27,South,Mumbai,10-03-2024
8797,Customer_08797,Male,32,North,Hyderabad,24-11-2024
8798,Customer_08798,Female,27,East,Kochi,16-01-2024
8799,Customer_08799,Male,42,North,Chennai,01-05-2025
8800,Customer_08800,Male,26,East,Delhi,22-06-2024
8801,Customer_08801,Male,31,West,Mumbai,29-11-2025
8802,Customer_08802,Female,28,South,Pune,30-09-2024
8803,Customer_08803,Female,27,East,Pune,07-06-2025
8804,Customer_08804,Female,27,Central,Jaipur,06-08-2024
8805,Customer_08805,Female,22,West,Delhi,27-05-2025
8806,Customer_08806,Female,28,West,Jaipur,02-02-2025
8807,Customer_08807,Male,36,South,Delhi,20-04-2024
8808,Customer_08808,Male,25,West,Ahmedabad,08-04-2025
8809,Customer_08809,Other,35,North,Ahmedabad,02-10-2025
8810,Customer_08810,Female,39,North,Bengaluru,02-04-2024
8811,Customer_08811,Male,33,North,Kochi,26-03-2025
8812,Customer_08812,Female,22,South,Indore,30-01-2025
8813,Customer_08813,Female,18,West,Ahmedabad,04-07-2025
8814,Customer_08814,Female,42,South,Bengaluru,23-04-2025
8815,Customer_08815,Female,49,West,Lucknow,11-11-2024
8816,Customer_08816,Male,48,West,Ahmedabad,01-11-2025
8817,Customer_08817,Female,37,East,Pune,28-11-2025
8818,Customer_08818,Male,37,South,Mumbai,18-12-2024
8819,Customer_08819,Male,32,East,Indore,26-08-2024
8820,Customer_08820,Male,32,South,Lucknow,13-04-2024
8821,Customer_08821,Female,27,North,Kolkata,29-01-2024
8822,Customer_08822,Female,26,Central,Indore,29-03-2024
8823,Customer_08823,Female,18,North,Pune,09-01-2025
8824,Customer_08824,Female,41,North,Mumbai,31-01-2025
8825,Customer_08825,Female,40,Central,Chennai,16-07-2025
8826,Customer_08826,Male,30,South,Delhi,29-12-2024
8827,Customer_08827,Female,47,West,Pune,26-05-2024
8828,Customer_08828,Male,56,South,Hyderabad,09-11-2024
8829,Customer_08829,Female,19,South,Hyderabad,01-07-2025
8830,Customer_08830,Male,40,South,Ahmedabad,27-03-2025
8831,Customer_08831,Male,34,South,Ahmedabad,20-05-2025
8832,Customer_08832,Male,50,South,Indore,30-04-2025
8833,Customer_08833,Female,29,West,Jaipur,10-04-2024
8834,Customer_08834,Male,45,East,Ahmedabad,16-04-2024
8835,Customer_08835,Male,41,Central,Bengaluru,17-10-2024
8836,Customer_08836,Female,46,North,Lucknow,14-12-2024
8837,Customer_08837,Male,27,East,Chennai,08-09-2025
8838,Customer_08838,Female,30,East,Ahmedabad,10-08-2025
8839,Customer_08839,Female,39,Central,Jaipur,14-08-2024
8840,Customer_08840,Female,45,North,Pune,18-08-2025
8841,Customer_08841,Male,36,East,Delhi,10-08-2025
8842,Customer_08842,Male,18,Central,Jaipur,19-02-2024
8843,Customer_08843,Male,46,South,Indore,22-12-2025
8844,Customer_08844,Male,47,Central,Delhi,06-06-2024
8845,Customer_08845,Male,29,North,Pune,23-11-2024
8846,Customer_08846,Female,43,West,Indore,17-03-2024
8847,Customer_08847,Female,39,Central,Chennai,24-09-2025
8848,Customer_08848,Male,25,West,Hyderabad,29-03-2025
8849,Customer_08849,Male,43,South,Delhi,05-11-2024
8850,Customer_08850,Female,34,North,Kochi,22-11-2024
8851,Customer_08851,Male,20,Central,Mumbai,22-05-2025
8852,Customer_08852,Female,43,East,Ahmedabad,16-04-2024
8853,Customer_08853,Male,55,North,Kolkata,28-08-2024
8854,Customer_08854,Female,18,West,Kochi,10-03-2025
8855,Customer_08855,Female,37,East,Hyderabad,28-01-2024
8856,Customer_08856,Female,37,North,Lucknow,04-12-2025
8857,Customer_08857,Male,22,South,Ahmedabad,05-09-2024
8858,Customer_08858,Male,44,North,Kolkata,29-12-2024
8859,Customer_08859,Female,23,East,Indore,25-12-2025
8860,Customer_08860,Female,35,East,Bengaluru,16-06-2025
8861,Customer_08861,Female,27,East,Kochi,16-04-2025
8862,Customer_08862,Female,24,West,Indore,28-10-2025
8863,Customer_08863,Male,38,Central,Delhi,22-06-2025
8864,Customer_08864,Male,27,East,Bengaluru,11-08-2025
8865,Customer_08865,Male,47,North,Jaipur,16-02-2025
8866,Customer_08866,Female,34,West,Ahmedabad,22-07-2025
8867,Customer_08867,Male,43,South,Hyderabad,22-09-2025
8868,Customer_08868,Male,42,East,Hyderabad,13-06-2024
8869,Customer_08869,Female,46,West,Ahmedabad,29-07-2025
8870,Customer_08870,Female,31,South,Chennai,17-02-2024
8871,Customer_08871,Female,33,Central,Hyderabad,23-10-2025
8872,Customer_08872,Female,25,North,Lucknow,28-04-2025
8873,Customer_08873,Other,35,West,Delhi,06-06-2024
8874,Customer_08874,Male,26,North,Bengaluru,29-10-2025
8875,Customer_08875,Male,45,Central,Jaipur,30-05-2024
8876,Customer_08876,Female,25,North,Kochi,12-08-2024
8877,Customer_08877,Male,30,North,Pune,16-09-2024
8878,Customer_08878,Male,39,South,Lucknow,21-01-2025
8879,Customer_08879,Male,39,South,Jaipur,12-09-2024
8880,Customer_08880,Female,23,South,Hyderabad,01-03-2024
8881,Customer_08881,Male,28,East,Hyderabad,30-01-2025
8882,Customer_08882,Male,31,South,Lucknow,31-01-2025
8883,Customer_08883,Male,32,North,Delhi,10-06-2024
8884,Customer_08884,Male,36,South,Bengaluru,14-01-2025
8885,Customer_08885,Female,42,West,Hyderabad,18-03-2025
8886,Customer_08886,Other,33,West,Pune,14-12-2024
8887,Customer_08887,Female,35,West,Ahmedabad,31-01-2024
8888,Customer_08888,Other,26,West,Hyderabad,11-03-2024
8889,Customer_08889,Male,49,South,Lucknow,31-01-2025
8890,Customer_08890,Female,38,North,Lucknow,13-03-2025
8891,Customer_08891,Male,31,South,Kochi,02-01-2024
8892,Customer_08892,Female,46,West,Kochi,15-07-2025
8893,Customer_08893,Male,38,Central,Pune,14-05-2024
8894,Customer_08894,Female,36,East,Hyderabad,25-05-2024
8895,Customer_08895,Male,34,North,Ahmedabad,27-06-2024
8896,Customer_08896,Male,44,North,Pune,20-09-2024
8897,Customer_08897,Female,50,South,Hyderabad,06-11-2024
8898,Customer_08898,Female,44,East,Jaipur,22-07-2024
8899,Customer_08899,Female,34,North,Hyderabad,29-11-2025
8900,Customer_08900,Female,47,Central,Jaipur,30-01-2024
8901,Customer_08901,Male,31,South,Mumbai,28-02-2024
8902,Customer_08902,Female,25,Central,Ahmedabad,09-01-2024
8903,Customer_08903,Male,42,West,Ahmedabad,19-11-2024
8904,Customer_08904,Female,48,West,Kolkata,15-06-2024
8905,Customer_08905,Female,34,East,Indore,02-12-2024
8906,Customer_08906,Female,50,East,Bengaluru,13-01-2025
8907,Customer_08907,Male,19,West,Mumbai,03-12-2025
8908,Customer_08908,Male,33,East,Chennai,29-08-2024
8909,Customer_08909,Male,25,East,Chennai,27-10-2025
8910,Customer_08910,Male,25,Central,Bengaluru,08-06-2024
8911,Customer_08911,Male,34,West,Hyderabad,22-08-2024
8912,Customer_08912,Female,51,West,Chennai,28-03-2025
8913,Customer_08913,Male,47,Central,Chennai,17-07-2024
8914,Customer_08914,Female,48,South,Indore,21-04-2025
8915,Customer_08915,Male,38,North,Mumbai,02-02-2024
8916,Customer_08916,Male,31,East,Ahmedabad,11-02-2025
8917,Customer_08917,Female,37,East,Pune,29-03-2024
8918,Customer_08918,Female,20,West,Bengaluru,29-08-2025
8919,Customer_08919,Male,49,South,Bengaluru,08-08-2024
8920,Customer_08920,Male,18,East,Delhi,09-03-2024
8921,Customer_08921,Male,33,East,Pune,20-10-2024
8922,Customer_08922,Female,34,North,Indore,24-08-2024
8923,Customer_08923,Female,42,East,Jaipur,08-06-2024
8924,Customer_08924,Female,38,West,Ahmedabad,16-10-2024
8925,Customer_08925,Male,39,North,Ahmedabad,07-07-2025
8926,Customer_08926,Female,18,East,Bengaluru,31-07-2025
8927,Customer_08927,Female,32,East,Lucknow,16-06-2025
8928,Customer_08928,Female,28,North,Delhi,30-11-2024
8929,Customer_08929,Male,35,North,Pune,04-08-2025
8930,Customer_08930,Female,33,Central,Pune,16-05-2025
8931,Customer_08931,Female,36,South,Indore,02-09-2024
8932,Customer_08932,Female,22,South,Kochi,18-11-2024
8933,Customer_08933,Male,35,North,Pune,02-09-2025
8934,Customer_08934,Female,51,West,Ahmedabad,24-11-2024
8935,Customer_08935,Other,55,East,Ahmedabad,30-06-2025
8936,Customer_08936,Female,48,West,Kolkata,04-12-2024
8937,Customer_08937,Female,18,North,Chennai,19-06-2024
8938,Customer_08938,Female,31,Central,Pune,19-04-2024
8939,Customer_08939,Female,29,South,Pune,10-01-2024
8940,Customer_08940,Male,36,South,Mumbai,20-07-2024
8941,Customer_08941,Male,47,East,Lucknow,13-09-2024
8942,Customer_08942,Female,34,South,Mumbai,18-09-2024
8943,Customer_08943,Male,25,Central,Indore,23-11-2025
8944,Customer_08944,Female,46,Central,Kolkata,05-03-2025
8945,Customer_08945,Female,38,South,Pune,21-05-2025
8946,Customer_08946,Female,42,Central,Chennai,06-03-2024
8947,Customer_08947,Female,44,West,Lucknow,03-11-2025
8948,Customer_08948,Male,31,Central,Pune,01-08-2025
8949,Customer_08949,Male,22,South,Pune,03-09-2025
8950,Customer_08950,Male,36,East,Delhi,11-08-2025
8951,Customer_08951,Female,31,South,Indore,04-02-2024
8952,Customer_08952,Other,35,West,Lucknow,10-07-2025
8953,Customer_08953,Male,48,North,Chennai,23-10-2025
8954,Customer_08954,Male,36,East,Kolkata,05-05-2025
8955,Customer_08955,Male,52,South,Lucknow,02-08-2025
8956,Customer_08956,Female,37,South,Lucknow,10-09-2024
8957,Customer_08957,Female,31,West,Hyderabad,17-01-2024
8958,Customer_08958,Female,21,Central,Indore,17-09-2024
8959,Customer_08959,Female,36,East,Kochi,25-12-2025
8960,Customer_08960,Female,25,Central,Indore,12-09-2024
8961,Customer_08961,Male,39,South,Pune,28-12-2025
8962,Customer_08962,Male,33,East,Chennai,27-02-2025
8963,Customer_08963,Female,33,East,Pune,15-05-2025
8964,Customer_08964,Female,35,North,Hyderabad,12-10-2024
8965,Customer_08965,Male,36,East,Delhi,07-01-2024
8966,Customer_08966,Male,34,West,Ahmedabad,11-05-2025
8967,Customer_08967,Female,55,East,Delhi,17-07-2024
8968,Customer_08968,Male,26,West,Kochi,25-08-2025
8969,Customer_08969,Female,44,East,Ahmedabad,20-10-2025
8970,Customer_08970,Female,47,North,Lucknow,21-02-2025
8971,Customer_08971,Male,23,North,Ahmedabad,23-10-2025
8972,Customer_08972,Female,35,East,Bengaluru,21-02-2024
8973,Customer_08973,Male,38,South,Pune,30-08-2024
8974,Customer_08974,Male,36,North,Kolkata,06-08-2024
8975,Customer_08975,Male,35,South,Kolkata,01-06-2025
8976,Customer_08976,Female,40,East,Hyderabad,18-04-2024
8977,Customer_08977,Female,18,South,Delhi,16-12-2024
8978,Customer_08978,Male,33,West,Kolkata,06-03-2024
8979,Customer_08979,Female,30,West,Pune,10-01-2024
8980,Customer_08980,Male,27,South,Indore,20-07-2024
8981,Customer_08981,Female,43,West,Mumbai,01-08-2024
8982,Customer_08982,Female,44,West,Kochi,08-03-2024
8983,Customer_08983,Female,45,West,Kochi,22-11-2024
8984,Customer_08984,Male,43,East,Hyderabad,19-02-2024
8985,Customer_08985,Male,22,North,Chennai,17-01-2024
8986,Customer_08986,Male,35,West,Lucknow,06-06-2025
8987,Customer_08987,Male,45,South,Ahmedabad,01-11-2024
8988,Customer_08988,Female,18,Central,Mumbai,26-01-2025
8989,Customer_08989,Male,50,West,Chennai,03-05-2024
8990,Customer_08990,Male,21,East,Jaipur,18-05-2025
8991,Customer_08991,Male,25,South,Ahmedabad,12-08-2024
8992,Customer_08992,Female,42,North,Lucknow,13-11-2024
8993,Customer_08993,Female,53,South,Jaipur,17-04-2025
8994,Customer_08994,Male,25,East,Chennai,24-06-2025
8995,Customer_08995,Male,26,South,Mumbai,23-12-2024
8996,Customer_08996,Female,47,East,Lucknow,27-04-2025
8997,Customer_08997,Male,36,North,Jaipur,04-03-2025
8998,Customer_08998,Female,32,Central,Delhi,11-05-2025
8999,Customer_08999,Female,36,North,Hyderabad,16-04-2025
9000,Customer_09000,Male,56,Central,Lucknow,24-07-2025
9001,Customer_09001,Male,42,Central,Bengaluru,16-10-2025
9002,Customer_09002,Male,38,East,Ahmedabad,26-10-2024
9003,Customer_09003,Female,40,West,Bengaluru,06-11-2025
9004,Customer_09004,Female,38,South,Pune,24-03-2024
9005,Customer_09005,Male,43,West,Indore,11-01-2025
9006,Customer_09006,Male,28,South,Chennai,08-11-2024
9007,Customer_09007,Female,33,South,Jaipur,20-09-2025
9008,Customer_09008,Male,34,East,Ahmedabad,15-11-2024
9009,Customer_09009,Male,25,East,Hyderabad,22-07-2024
9010,Customer_09010,Female,23,East,Mumbai,20-12-2024
9011,Customer_09011,Female,48,South,Indore,20-10-2024
9012,Customer_09012,Male,41,South,Chennai,18-05-2025
9013,Customer_09013,Male,52,North,Indore,24-05-2024
9014,Customer_09014,Female,39,North,Ahmedabad,22-06-2025
9015,Customer_09015,Male,37,South,Kolkata,17-01-2024
9016,Customer_09016,Female,32,North,Bengaluru,28-07-2025
9017,Customer_09017,Female,44,North,Indore,29-07-2025
9018,Customer_09018,Male,21,West,Kolkata,08-02-2024
9019,Customer_09019,Female,37,North,Chennai,09-05-2024
9020,Customer_09020,Male,43,West,Pune,24-04-2024
9021,Customer_09021,Female,33,South,Ahmedabad,25-03-2025
9022,Customer_09022,Female,38,Central,Chennai,14-02-2024
9023,Customer_09023,Female,50,East,Jaipur,03-08-2024
9024,Customer_09024,Female,32,South,Hyderabad,22-08-2025
9025,Customer_09025,Male,38,East,Chennai,18-02-2025
9026,Customer_09026,Male,44,South,Hyderabad,19-11-2025
9027,Customer_09027,Male,31,East,Hyderabad,21-09-2024
9028,Customer_09028,Female,23,North,Hyderabad,15-03-2025
9029,Customer_09029,Female,41,Central,Chennai,08-09-2025
9030,Customer_09030,Male,35,South,Jaipur,15-01-2025
9031,Customer_09031,Male,34,South,Bengaluru,27-10-2024
9032,Customer_09032,Male,36,West,Pune,19-06-2024
9033,Customer_09033,Female,22,South,Chennai,11-09-2025
9034,Customer_09034,Male,32,West,Indore,09-02-2025
9035,Customer_09035,Female,41,East,Kolkata,20-12-2024
9036,Customer_09036,Male,34,West,Kolkata,09-06-2024
9037,Customer_09037,Male,29,North,Mumbai,05-07-2025
9038,Customer_09038,Male,27,West,Pune,26-01-2024
9039,Customer_09039,Male,37,West,Mumbai,23-03-2024
9040,Customer_09040,Male,42,South,Bengaluru,21-06-2024
9041,Customer_09041,Male,44,North,Chennai,15-11-2025
9042,Customer_09042,Male,28,South,Delhi,10-03-2024
9043,Customer_09043,Male,50,Central,Delhi,06-01-2024
9044,Customer_09044,Female,35,South,Delhi,13-07-2024
9045,Customer_09045,Female,18,East,Ahmedabad,08-06-2025
9046,Customer_09046,Female,35,North,Hyderabad,03-03-2024
9047,Customer_09047,Male,24,South,Mumbai,13-01-2024
9048,Customer_09048,Female,38,East,Jaipur,23-07-2024
9049,Customer_09049,Male,37,Central,Mumbai,09-02-2024
9050,Customer_09050,Male,19,East,Hyderabad,13-06-2024
9051,Customer_09051,Male,48,West,Chennai,31-01-2024
9052,Customer_09052,Male,28,East,Delhi,12-06-2025
9053,Customer_09053,Male,18,North,Kochi,10-10-2025
9054,Customer_09054,Male,47,South,Ahmedabad,07-11-2025
9055,Customer_09055,Male,40,East,Lucknow,01-02-2025
9056,Customer_09056,Male,31,Central,Indore,03-04-2025
9057,Customer_09057,Female,34,Central,Lucknow,10-08-2024
9058,Customer_09058,Female,33,South,Jaipur,25-09-2025
9059,Customer_09059,Female,18,South,Kochi,18-03-2024
9060,Customer_09060,Male,20,North,Chennai,22-08-2025
9061,Customer_09061,Male,44,Central,Hyderabad,16-09-2025
9062,Customer_09062,Female,38,Central,Delhi,03-09-2025
9063,Customer_09063,Male,43,West,Mumbai,03-03-2025
9064,Customer_09064,Female,46,South,Pune,28-02-2025
9065,Customer_09065,Male,18,East,Bengaluru,21-01-2025
9066,Customer_09066,Male,30,East,Chennai,26-08-2024
9067,Customer_09067,Male,22,South,Ahmedabad,14-09-2025
9068,Customer_09068,Female,33,East,Lucknow,30-03-2024
9069,Customer_09069,Male,18,North,Chennai,19-01-2025
9070,Customer_09070,Male,40,North,Chennai,18-05-2024
9071,Customer_09071,Female,41,Central,Ahmedabad,08-10-2025
9072,Customer_09072,Female,57,West,Lucknow,07-06-2025
9073,Customer_09073,Female,33,South,Chennai,31-08-2024
9074,Customer_09074,Male,41,East,Delhi,19-05-2025
9075,Customer_09075,Female,44,South,Kochi,25-02-2025
9076,Customer_09076,Male,51,West,Jaipur,30-06-2024
9077,Customer_09077,Male,23,West,Bengaluru,13-07-2024
9078,Customer_09078,Female,43,West,Hyderabad,25-09-2025
9079,Customer_09079,Male,38,West,Delhi,22-02-2024
9080,Customer_09080,Female,18,North,Kochi,15-11-2025
9081,Customer_09081,Female,39,South,Indore,27-06-2024
9082,Customer_09082,Male,41,East,Mumbai,19-10-2024
9083,Customer_09083,Female,18,South,Jaipur,09-01-2025
9084,Customer_09084,Female,33,West,Mumbai,28-02-2024
9085,Customer_09085,Female,35,South,Mumbai,23-02-2024
9086,Customer_09086,Female,34,North,Kochi,01-09-2024
9087,Customer_09087,Male,40,South,Kolkata,28-05-2024
9088,Customer_09088,Female,28,Central,Indore,02-01-2025
9089,Customer_09089,Male,23,South,Bengaluru,16-01-2024
9090,Customer_09090,Female,39,East,Lucknow,24-06-2024
9091,Customer_09091,Male,50,South,Ahmedabad,23-06-2025
9092,Customer_09092,Female,49,North,Pune,09-02-2025
9093,Customer_09093,Female,58,East,Indore,11-04-2025
9094,Customer_09094,Female,30,West,Lucknow,08-05-2024
9095,Customer_09095,Female,32,East,Indore,10-08-2024
9096,Customer_09096,Female,18,Central,Jaipur,31-08-2024
9097,Customer_09097,Male,28,South,Ahmedabad,01-03-2025
9098,Customer_09098,Male,18,North,Delhi,19-12-2024
9099,Customer_09099,Male,31,Central,Ahmedabad,21-11-2024
9100,Customer_09100,Female,48,South,Delhi,26-08-2025
9101,Customer_09101,Male,45,East,Lucknow,03-01-2024
9102,Customer_09102,Male,31,West,Chennai,23-04-2025
9103,Customer_09103,Male,28,South,Lucknow,21-03-2024
9104,Customer_09104,Male,26,West,Kochi,13-02-2024
9105,Customer_09105,Male,43,North,Lucknow,03-06-2024
9106,Customer_09106,Male,31,South,Kolkata,19-06-2025
9107,Customer_09107,Male,37,North,Pune,08-04-2024
9108,Customer_09108,Female,41,West,Chennai,31-01-2025
9109,Customer_09109,Male,41,South,Bengaluru,19-06-2024
9110,Customer_09110,Female,18,West,Chennai,27-05-2024
9111,Customer_09111,Female,40,Central,Kochi,02-05-2024
9112,Customer_09112,Male,35,East,Kolkata,21-04-2024
9113,Customer_09113,Male,18,East,Lucknow,09-05-2024
9114,Customer_09114,Female,48,East,Pune,08-03-2024
9115,Customer_09115,Male,36,South,Pune,29-12-2025
9116,Customer_09116,Female,19,East,Chennai,30-08-2025
9117,Customer_09117,Male,28,East,Jaipur,18-10-2025
9118,Customer_09118,Female,32,Central,Hyderabad,28-06-2025
9119,Customer_09119,Other,60,Central,Delhi,12-10-2024
9120,Customer_09120,Female,25,Central,Kolkata,05-01-2024
9121,Customer_09121,Female,27,Central,Hyderabad,27-04-2024
9122,Customer_09122,Female,36,East,Indore,13-10-2025
9123,Customer_09123,Female,55,West,Lucknow,17-08-2024
9124,Customer_09124,Female,32,Central,Delhi,08-06-2024
9125,Customer_09125,Male,30,South,Pune,20-10-2024
9126,Customer_09126,Male,36,Central,Kochi,04-07-2024
9127,Customer_09127,Male,31,South,Ahmedabad,05-07-2025
9128,Customer_09128,Other,31,East,Kolkata,11-08-2024
9129,Customer_09129,Male,44,West,Indore,31-05-2024
9130,Customer_09130,Male,29,Central,Jaipur,19-05-2024
9131,Customer_09131,Female,30,South,Kolkata,01-01-2025
9132,Customer_09132,Male,44,West,Mumbai,07-05-2024
9133,Customer_09133,Female,20,East,Kochi,16-12-2024
9134,Customer_09134,Female,31,South,Delhi,26-05-2024
9135,Customer_09135,Female,18,West,Mumbai,11-10-2024
9136,Customer_09136,Female,29,East,Jaipur,13-04-2025
9137,Customer_09137,Female,30,West,Lucknow,05-08-2024
9138,Customer_09138,Female,31,South,Lucknow,11-03-2025
9139,Customer_09139,Male,30,East,Ahmedabad,24-05-2024
9140,Customer_09140,Male,37,East,Kochi,03-10-2024
9141,Customer_09141,Male,23,South,Jaipur,29-02-2024
9142,Customer_09142,Female,38,North,Kochi,01-09-2025
9143,Customer_09143,Female,29,Central,Kochi,09-01-2025
9144,Customer_09144,Male,42,East,Bengaluru,07-02-2025
9145,Customer_09145,Female,33,West,Chennai,23-11-2025
9146,Customer_09146,Male,28,South,Chennai,23-04-2024
9147,Customer_09147,Male,21,South,Kolkata,09-05-2025
9148,Customer_09148,Male,37,South,Delhi,06-09-2025
9149,Customer_09149,Female,32,South,Delhi,01-12-2024
9150,Customer_09150,Female,49,East,Ahmedabad,22-07-2025
9151,Customer_09151,Male,49,East,Hyderabad,11-10-2024
9152,Customer_09152,Female,29,East,Pune,08-05-2024
9153,Customer_09153,Male,18,North,Jaipur,10-11-2024
9154,Customer_09154,Female,43,East,Bengaluru,20-08-2025
9155,Customer_09155,Male,29,North,Chennai,12-12-2025
9156,Customer_09156,Female,30,North,Kochi,11-03-2024
9157,Customer_09157,Female,46,Central,Kochi,10-12-2024
9158,Customer_09158,Female,37,East,Jaipur,07-04-2024
9159,Customer_09159,Female,42,West,Lucknow,26-10-2024
9160,Customer_09160,Male,45,South,Indore,24-06-2024
9161,Customer_09161,Female,32,Central,Delhi,15-03-2024
9162,Customer_09162,Male,41,West,Jaipur,22-05-2024
9163,Customer_09163,Male,35,West,Ahmedabad,23-01-2024
9164,Customer_09164,Female,39,South,Jaipur,29-06-2024
9165,Customer_09165,Male,36,Central,Bengaluru,14-02-2024
9166,Customer_09166,Male,48,West,Kochi,13-04-2025
9167,Customer_09167,Female,21,Central,Chennai,01-04-2024
9168,Customer_09168,Female,30,North,Kochi,25-09-2024
9169,Customer_09169,Female,33,South,Jaipur,03-02-2024
9170,Customer_09170,Female,35,South,Chennai,08-11-2025
9171,Customer_09171,Other,21,South,Indore,04-08-2025
9172,Customer_09172,Female,27,Central,Delhi,29-12-2024
9173,Customer_09173,Female,34,North,Ahmedabad,08-12-2025
9174,Customer_09174,Male,29,North,Pune,12-05-2024
9175,Customer_09175,Female,18,South,Bengaluru,16-01-2025
9176,Customer_09176,Male,30,North,Ahmedabad,10-11-2025
9177,Customer_09177,Female,22,South,Indore,03-10-2024
9178,Customer_09178,Female,40,West,Chennai,04-06-2024
9179,Customer_09179,Male,37,East,Kolkata,21-01-2025
9180,Customer_09180,Female,43,North,Delhi,18-06-2025
9181,Customer_09181,Female,36,South,Jaipur,18-07-2024
9182,Customer_09182,Female,23,South,Bengaluru,01-10-2024
9183,Customer_09183,Male,18,North,Indore,15-05-2025
9184,Customer_09184,Female,45,West,Kochi,03-04-2025
9185,Customer_09185,Male,30,West,Jaipur,19-02-2024
9186,Customer_09186,Female,18,West,Delhi,28-11-2025
9187,Customer_09187,Male,50,West,Pune,15-06-2025
9188,Customer_09188,Male,40,North,Chennai,19-09-2025
9189,Customer_09189,Male,50,Central,Mumbai,01-04-2024
9190,Customer_09190,Male,38,West,Kolkata,31-03-2025
9191,Customer_09191,Female,41,Central,Delhi,04-12-2024
9192,Customer_09192,Male,29,North,Hyderabad,22-02-2024
9193,Customer_09193,Female,41,Central,Ahmedabad,10-05-2025
9194,Customer_09194,Other,53,West,Mumbai,26-09-2025
9195,Customer_09195,Female,42,West,Pune,04-01-2024
9196,Customer_09196,Male,30,North,Indore,11-11-2025
9197,Customer_09197,Female,21,West,Bengaluru,07-10-2024
9198,Customer_09198,Male,45,Central,Jaipur,16-10-2024
9199,Customer_09199,Male,35,West,Delhi,13-03-2024
9200,Customer_09200,Female,35,East,Kolkata,16-05-2024
9201,Customer_09201,Male,18,Central,Jaipur,14-10-2025
9202,Customer_09202,Female,18,South,Lucknow,27-01-2025
9203,Customer_09203,Male,35,East,Mumbai,26-07-2024
9204,Customer_09204,Male,25,East,Mumbai,16-09-2024
9205,Customer_09205,Male,36,Central,Mumbai,19-09-2024
9206,Customer_09206,Female,44,North,Chennai,19-05-2025
9207,Customer_09207,Male,28,East,Kochi,03-07-2025
9208,Customer_09208,Male,36,West,Pune,21-07-2024
9209,Customer_09209,Female,33,West,Mumbai,12-12-2024
9210,Customer_09210,Female,64,East,Kochi,21-02-2024
9211,Customer_09211,Female,29,Central,Jaipur,15-08-2025
9212,Customer_09212,Male,27,Central,Hyderabad,21-12-2024
9213,Customer_09213,Male,29,North,Kolkata,23-12-2025
9214,Customer_09214,Female,46,South,Lucknow,02-06-2025
9215,Customer_09215,Female,29,North,Jaipur,28-12-2024
9216,Customer_09216,Female,41,South,Chennai,14-02-2024
9217,Customer_09217,Female,34,East,Mumbai,12-01-2025
9218,Customer_09218,Male,35,Central,Kochi,15-02-2025
9219,Customer_09219,Male,50,West,Delhi,21-05-2024
9220,Customer_09220,Female,18,North,Ahmedabad,14-09-2024
9221,Customer_09221,Male,35,North,Indore,06-02-2024
9222,Customer_09222,Other,41,East,Mumbai,14-02-2024
9223,Customer_09223,Male,38,East,Chennai,23-09-2025
9224,Customer_09224,Female,19,South,Indore,15-02-2024
9225,Customer_09225,Male,23,Central,Mumbai,13-10-2025
9226,Customer_09226,Male,37,Central,Indore,18-07-2025
9227,Customer_09227,Female,18,South,Pune,27-10-2024
9228,Customer_09228,Female,29,Central,Indore,14-10-2024
9229,Customer_09229,Male,22,South,Hyderabad,25-09-2024
9230,Customer_09230,Male,36,West,Kolkata,02-03-2024
9231,Customer_09231,Female,32,East,Lucknow,19-07-2025
9232,Customer_09232,Female,38,North,Pune,03-08-2025
9233,Customer_09233,Male,25,Central,Indore,29-08-2024
9234,Customer_09234,Female,37,East,Pune,19-12-2024
9235,Customer_09235,Male,34,West,Mumbai,11-03-2024
9236,Customer_09236,Female,25,South,Hyderabad,16-02-2025
9237,Customer_09237,Female,45,North,Lucknow,03-09-2025
9238,Customer_09238,Male,41,North,Hyderabad,01-03-2024
9239,Customer_09239,Female,28,East,Kolkata,06-09-2025
9240,Customer_09240,Male,26,West,Delhi,27-03-2025
9241,Customer_09241,Male,43,South,Pune,27-01-2025
9242,Customer_09242,Female,18,West,Delhi,22-09-2025
9243,Customer_09243,Male,21,West,Ahmedabad,12-06-2025
9244,Customer_09244,Female,39,West,Indore,31-10-2024
9245,Customer_09245,Male,52,East,Jaipur,09-07-2024
9246,Customer_09246,Female,28,Central,Bengaluru,24-12-2025
9247,Customer_09247,Male,29,East,Hyderabad,18-03-2024
9248,Customer_09248,Male,32,East,Hyderabad,11-07-2025
9249,Customer_09249,Female,29,North,Indore,27-08-2025
9250,Customer_09250,Male,30,South,Indore,08-06-2025
9251,Customer_09251,Other,28,North,Kolkata,27-10-2024
9252,Customer_09252,Female,36,West,Bengaluru,17-01-2024
9253,Customer_09253,Male,41,South,Mumbai,27-07-2025
9254,Customer_09254,Female,36,South,Indore,09-03-2025
9255,Customer_09255,Male,32,West,Delhi,12-02-2024
9256,Customer_09256,Male,28,South,Jaipur,08-03-2024
9257,Customer_09257,Male,22,South,Kochi,14-01-2025
9258,Customer_09258,Female,21,North,Bengaluru,30-07-2024
9259,Customer_09259,Female,19,West,Kochi,21-07-2024
9260,Customer_09260,Female,40,North,Bengaluru,26-12-2025
9261,Customer_09261,Female,28,East,Hyderabad,18-04-2024
9262,Customer_09262,Female,38,East,Ahmedabad,10-10-2024
9263,Customer_09263,Female,27,West,Ahmedabad,28-08-2025
9264,Customer_09264,Male,33,West,Chennai,12-08-2024
9265,Customer_09265,Male,31,West,Mumbai,27-04-2024
9266,Customer_09266,Male,50,North,Hyderabad,25-08-2025
9267,Customer_09267,Female,29,South,Bengaluru,05-12-2024
9268,Customer_09268,Female,42,South,Jaipur,07-10-2024
9269,Customer_09269,Female,20,North,Ahmedabad,05-05-2025
9270,Customer_09270,Male,48,South,Kochi,19-01-2024
9271,Customer_09271,Male,42,South,Lucknow,23-06-2024
9272,Customer_09272,Female,28,East,Delhi,13-04-2025
9273,Customer_09273,Male,28,West,Mumbai,09-09-2025
9274,Customer_09274,Female,46,South,Chennai,21-05-2024
9275,Customer_09275,Male,43,West,Ahmedabad,07-04-2025
9276,Customer_09276,Female,32,South,Kochi,24-10-2024
9277,Customer_09277,Female,25,South,Pune,14-04-2025
9278,Customer_09278,Female,45,East,Kochi,05-12-2025
9279,Customer_09279,Male,29,North,Lucknow,07-01-2025
9280,Customer_09280,Female,37,North,Delhi,12-04-2025
9281,Customer_09281,Male,28,South,Ahmedabad,13-03-2025
9282,Customer_09282,Female,32,Central,Delhi,20-12-2025
9283,Customer_09283,Female,53,West,Chennai,18-03-2025
9284,Customer_09284,Male,33,North,Bengaluru,31-03-2025
9285,Customer_09285,Female,48,West,Kochi,04-09-2024
9286,Customer_09286,Female,19,West,Delhi,21-05-2024
9287,Customer_09287,Female,18,East,Kochi,05-02-2025
9288,Customer_09288,Male,40,West,Kochi,09-08-2024
9289,Customer_09289,Male,26,South,Mumbai,02-07-2024
9290,Customer_09290,Female,34,South,Indore,29-12-2024
9291,Customer_09291,Female,18,East,Indore,06-07-2024
9292,Customer_09292,Male,18,East,Ahmedabad,22-04-2024
9293,Customer_09293,Male,34,East,Ahmedabad,29-06-2024
9294,Customer_09294,Male,29,East,Kolkata,17-07-2024
9295,Customer_09295,Male,31,Central,Pune,10-03-2024
9296,Customer_09296,Male,51,Central,Jaipur,20-08-2025
9297,Customer_09297,Male,39,Central,Delhi,29-04-2025
9298,Customer_09298,Female,55,West,Delhi,02-02-2025
9299,Customer_09299,Male,35,Central,Pune,04-07-2025
9300,Customer_09300,Female,49,North,Hyderabad,04-10-2025
9301,Customer_09301,Female,44,South,Bengaluru,10-01-2024
9302,Customer_09302,Female,29,East,Bengaluru,03-01-2024
9303,Customer_09303,Female,32,West,Kochi,22-04-2025
9304,Customer_09304,Female,30,East,Delhi,23-10-2025
9305,Customer_09305,Female,45,West,Chennai,07-03-2024
9306,Customer_09306,Female,37,North,Bengaluru,05-12-2025
9307,Customer_09307,Male,25,South,Ahmedabad,06-04-2024
9308,Customer_09308,Male,21,West,Chennai,14-06-2025
9309,Customer_09309,Female,21,North,Ahmedabad,13-11-2024
9310,Customer_09310,Female,25,South,Jaipur,07-04-2024
9311,Customer_09311,Female,25,South,Lucknow,26-02-2024
9312,Customer_09312,Male,22,South,Jaipur,16-04-2024
9313,Customer_09313,Male,45,West,Delhi,28-03-2024
9314,Customer_09314,Male,19,South,Kochi,14-10-2025
9315,Customer_09315,Male,38,East,Bengaluru,17-10-2025
9316,Customer_09316,Female,57,North,Lucknow,05-01-2025
9317,Customer_09317,Female,35,West,Bengaluru,09-01-2025
9318,Customer_09318,Female,35,South,Indore,21-02-2024
9319,Customer_09319,Male,36,West,Chennai,24-12-2025
9320,Customer_09320,Female,19,West,Kochi,10-02-2024
9321,Customer_09321,Female,38,North,Delhi,31-03-2024
9322,Customer_09322,Female,37,Central,Pune,08-02-2024
9323,Customer_09323,Female,34,East,Jaipur,13-01-2024
9324,Customer_09324,Female,18,South,Kolkata,30-08-2025
9325,Customer_09325,Male,53,North,Indore,12-09-2025
9326,Customer_09326,Female,36,Central,Lucknow,13-04-2024
9327,Customer_09327,Female,22,West,Delhi,12-02-2024
9328,Customer_09328,Male,24,North,Kolkata,27-07-2024
9329,Customer_09329,Male,26,South,Bengaluru,22-08-2025
9330,Customer_09330,Male,50,West,Chennai,27-08-2025
9331,Customer_09331,Male,33,West,Indore,16-11-2025
9332,Customer_09332,Female,33,West,Lucknow,20-04-2025
9333,Customer_09333,Male,29,South,Jaipur,29-09-2025
9334,Customer_09334,Male,44,West,Lucknow,18-04-2024
9335,Customer_09335,Male,45,South,Jaipur,12-07-2025
9336,Customer_09336,Male,19,South,Delhi,01-08-2024
9337,Customer_09337,Female,33,West,Ahmedabad,26-08-2025
9338,Customer_09338,Female,32,Central,Chennai,23-11-2025
9339,Customer_09339,Male,24,South,Mumbai,12-02-2025
9340,Customer_09340,Female,28,East,Pune,06-07-2025
9341,Customer_09341,Male,31,West,Delhi,24-09-2025
9342,Customer_09342,Female,24,East,Mumbai,17-03-2024
9343,Customer_09343,Female,37,West,Delhi,04-04-2024
9344,Customer_09344,Female,37,West,Hyderabad,25-09-2024
9345,Customer_09345,Female,39,North,Kochi,26-12-2024
9346,Customer_09346,Female,29,Central,Ahmedabad,13-06-2025
9347,Customer_09347,Female,18,West,Jaipur,13-11-2025
9348,Customer_09348,Male,27,Central,Pune,10-06-2024
9349,Customer_09349,Female,23,West,Chennai,09-04-2025
9350,Customer_09350,Female,32,Central,Indore,17-07-2025
9351,Customer_09351,Female,40,North,Jaipur,01-07-2025
9352,Customer_09352,Female,53,South,Delhi,05-07-2024
9353,Customer_09353,Female,25,Central,Hyderabad,21-02-2024
9354,Customer_09354,Female,35,North,Indore,02-05-2025
9355,Customer_09355,Male,36,North,Lucknow,14-06-2025
9356,Customer_09356,Male,48,West,Kolkata,30-01-2025
9357,Customer_09357,Male,36,West,Hyderabad,01-04-2024
9358,Customer_09358,Male,30,North,Indore,12-10-2025
9359,Customer_09359,Male,34,Central,Jaipur,22-12-2024
9360,Customer_09360,Male,37,West,Delhi,02-09-2025
9361,Customer_09361,Male,41,East,Indore,19-12-2025
9362,Customer_09362,Female,51,West,Mumbai,23-05-2024
9363,Customer_09363,Male,50,South,Delhi,17-07-2024
9364,Customer_09364,Male,26,North,Hyderabad,18-11-2024
9365,Customer_09365,Female,19,South,Pune,27-11-2024
9366,Customer_09366,Female,22,East,Kolkata,20-09-2024
9367,Customer_09367,Male,36,East,Kolkata,04-08-2024
9368,Customer_09368,Male,45,West,Chennai,01-12-2025
9369,Customer_09369,Male,32,West,Kochi,09-07-2025
9370,Customer_09370,Male,24,East,Indore,09-03-2025
9371,Customer_09371,Male,19,West,Kochi,04-04-2025
9372,Customer_09372,Female,50,North,Chennai,01-12-2025
9373,Customer_09373,Female,29,North,Pune,17-05-2025
9374,Customer_09374,Female,19,Central,Kochi,13-04-2025
9375,Customer_09375,Male,34,North,Indore,06-12-2025
9376,Customer_09376,Male,34,South,Ahmedabad,31-12-2024
9377,Customer_09377,Male,43,West,Jaipur,26-08-2024
9378,Customer_09378,Male,22,South,Pune,15-09-2025
9379,Customer_09379,Female,46,Central,Mumbai,03-08-2025
9380,Customer_09380,Female,47,South,Pune,14-07-2025
9381,Customer_09381,Male,35,North,Delhi,24-10-2025
9382,Customer_09382,Female,40,South,Delhi,30-01-2025
9383,Customer_09383,Female,42,East,Lucknow,29-01-2025
9384,Customer_09384,Male,28,South,Lucknow,18-09-2025
9385,Customer_09385,Male,20,East,Kolkata,15-03-2024
9386,Customer_09386,Male,28,Central,Pune,07-04-2024
9387,Customer_09387,Female,18,Central,Ahmedabad,17-01-2025
9388,Customer_09388,Male,39,South,Lucknow,14-09-2025
9389,Customer_09389,Male,50,East,Ahmedabad,04-01-2025
9390,Customer_09390,Female,25,East,Mumbai,11-10-2024
9391,Customer_09391,Male,29,Central,Lucknow,12-09-2024
9392,Customer_09392,Male,31,Central,Delhi,04-11-2024
9393,Customer_09393,Female,55,South,Bengaluru,20-09-2025
9394,Customer_09394,Female,29,West,Hyderabad,24-06-2024
9395,Customer_09395,Male,45,South,Kolkata,15-08-2024
9396,Customer_09396,Male,34,North,Ahmedabad,12-12-2024
9397,Customer_09397,Female,18,North,Indore,09-09-2025
9398,Customer_09398,Female,29,East,Ahmedabad,07-12-2024
9399,Customer_09399,Other,43,East,Pune,26-08-2024
9400,Customer_09400,Male,29,North,Kolkata,03-09-2025
9401,Customer_09401,Female,39,West,Ahmedabad,18-11-2025
9402,Customer_09402,Male,51,South,Delhi,15-12-2024
9403,Customer_09403,Female,39,East,Ahmedabad,30-03-2025
9404,Customer_09404,Male,28,South,Pune,16-03-2025
9405,Customer_09405,Male,41,North,Indore,10-08-2025
9406,Customer_09406,Male,39,South,Kolkata,29-05-2025
9407,Customer_09407,Male,44,South,Kochi,21-03-2024
9408,Customer_09408,Male,33,East,Kolkata,26-12-2024
9409,Customer_09409,Male,26,North,Ahmedabad,14-10-2024
9410,Customer_09410,Male,39,East,Lucknow,08-01-2024
9411,Customer_09411,Male,40,North,Chennai,27-03-2024
9412,Customer_09412,Female,29,West,Bengaluru,12-10-2024
9413,Customer_09413,Male,19,West,Ahmedabad,02-02-2025
9414,Customer_09414,Female,29,North,Hyderabad,14-03-2024
9415,Customer_09415,Female,22,East,Bengaluru,14-03-2025
9416,Customer_09416,Male,31,North,Chennai,02-05-2024
9417,Customer_09417,Male,42,East,Delhi,11-01-2025
9418,Customer_09418,Female,18,South,Indore,22-05-2024
9419,Customer_09419,Male,37,East,Lucknow,06-06-2024
9420,Customer_09420,Male,38,East,Bengaluru,05-03-2025
9421,Customer_09421,Male,25,Central,Delhi,23-03-2025
9422,Customer_09422,Male,37,East,Kolkata,13-02-2025
9423,Customer_09423,Male,46,East,Chennai,05-01-2025
9424,Customer_09424,Other,38,South,Delhi,18-04-2024
9425,Customer_09425,Female,55,Central,Bengaluru,07-12-2025
9426,Customer_09426,Female,35,West,Bengaluru,05-02-2024
9427,Customer_09427,Male,44,South,Hyderabad,30-03-2024
9428,Customer_09428,Female,54,West,Kochi,18-02-2025
9429,Customer_09429,Female,39,South,Pune,22-10-2024
9430,Customer_09430,Female,52,West,Pune,13-12-2025
9431,Customer_09431,Female,39,West,Delhi,15-02-2024
9432,Customer_09432,Male,49,North,Jaipur,02-05-2025
9433,Customer_09433,Female,23,West,Delhi,10-09-2025
9434,Customer_09434,Male,35,South,Mumbai,18-06-2024
9435,Customer_09435,Female,59,South,Lucknow,25-05-2024
9436,Customer_09436,Male,18,South,Kochi,23-02-2025
9437,Customer_09437,Other,26,West,Jaipur,20-11-2025
9438,Customer_09438,Male,56,South,Hyderabad,26-07-2025
9439,Customer_09439,Male,33,North,Bengaluru,03-01-2024
9440,Customer_09440,Female,33,West,Hyderabad,16-08-2025
9441,Customer_09441,Female,43,North,Kolkata,19-09-2024
9442,Customer_09442,Female,47,North,Indore,16-11-2024
9443,Customer_09443,Male,30,South,Hyderabad,29-08-2025
9444,Customer_09444,Male,18,South,Lucknow,29-07-2025
9445,Customer_09445,Male,25,East,Lucknow,02-09-2024
9446,Customer_09446,Male,28,North,Hyderabad,11-08-2025
9447,Customer_09447,Female,22,Central,Pune,21-04-2025
9448,Customer_09448,Male,25,West,Pune,15-09-2024
9449,Customer_09449,Male,34,South,Lucknow,02-04-2024
9450,Customer_09450,Female,26,South,Indore,16-06-2025
9451,Customer_09451,Male,52,South,Chennai,27-07-2025
9452,Customer_09452,Female,30,East,Delhi,04-12-2024
9453,Customer_09453,Male,19,North,Ahmedabad,16-09-2024
9454,Customer_09454,Male,46,North,Mumbai,24-08-2024
9455,Customer_09455,Female,66,Central,Hyderabad,20-05-2024
9456,Customer_09456,Male,31,South,Hyderabad,09-11-2025
9457,Customer_09457,Female,37,South,Chennai,24-04-2025
9458,Customer_09458,Female,47,Central,Mumbai,01-08-2025
9459,Customer_09459,Female,30,West,Mumbai,15-12-2024
9460,Customer_09460,Female,53,South,Lucknow,23-07-2025
9461,Customer_09461,Female,18,West,Bengaluru,24-12-2025
9462,Customer_09462,Male,33,North,Jaipur,09-05-2024
9463,Customer_09463,Male,26,West,Lucknow,20-06-2025
9464,Customer_09464,Female,23,East,Pune,11-01-2024
9465,Customer_09465,Female,26,West,Kolkata,13-09-2024
9466,Customer_09466,Male,39,Central,Bengaluru,03-01-2025
9467,Customer_09467,Male,43,Central,Lucknow,28-01-2025
9468,Customer_09468,Male,41,Central,Hyderabad,15-08-2025
9469,Customer_09469,Male,19,East,Ahmedabad,22-02-2025
9470,Customer_09470,Male,40,South,Kochi,19-01-2024
9471,Customer_09471,Female,33,East,Delhi,19-04-2024
9472,Customer_09472,Male,28,West,Jaipur,12-03-2025
9473,Customer_09473,Female,32,Central,Indore,19-05-2025
9474,Customer_09474,Female,51,North,Jaipur,03-02-2024
9475,Customer_09475,Male,31,Central,Lucknow,14-10-2024
9476,Customer_09476,Male,42,West,Indore,11-09-2024
9477,Customer_09477,Male,44,Central,Delhi,29-09-2025
9478,Customer_09478,Female,43,Central,Kochi,21-12-2025
9479,Customer_09479,Female,29,South,Mumbai,13-05-2024
9480,Customer_09480,Male,30,North,Chennai,13-05-2025
9481,Customer_09481,Male,37,North,Pune,31-01-2025
9482,Customer_09482,Male,28,South,Kochi,01-05-2025
9483,Customer_09483,Female,25,East,Delhi,20-08-2025
9484,Customer_09484,Male,35,West,Hyderabad,09-08-2025
9485,Customer_09485,Female,26,Central,Kolkata,08-10-2025
9486,Customer_09486,Female,30,East,Chennai,15-11-2025
9487,Customer_09487,Male,31,North,Bengaluru,31-07-2024
9488,Customer_09488,Female,28,North,Lucknow,15-12-2024
9489,Customer_09489,Male,31,North,Jaipur,19-01-2024
9490,Customer_09490,Male,30,South,Ahmedabad,28-04-2024
9491,Customer_09491,Male,54,East,Kochi,28-10-2024
9492,Customer_09492,Male,52,North,Kolkata,11-10-2024
9493,Customer_09493,Male,30,South,Jaipur,14-08-2024
9494,Customer_09494,Female,29,North,Kochi,21-05-2025
9495,Customer_09495,Female,32,West,Bengaluru,15-05-2025
9496,Customer_09496,Female,36,East,Mumbai,30-07-2024
9497,Customer_09497,Male,33,East,Jaipur,21-12-2024
9498,Customer_09498,Other,34,South,Pune,01-12-2025
9499,Customer_09499,Male,42,Central,Bengaluru,01-05-2025
9500,Customer_09500,Male,25,South,Pune,16-11-2024
9501,Customer_09501,Male,28,East,Chennai,24-10-2025
9502,Customer_09502,Female,20,West,Kochi,10-08-2024
9503,Customer_09503,Male,30,East,Chennai,01-10-2025
9504,Customer_09504,Female,34,Central,Chennai,16-07-2025
9505,Customer_09505,Male,34,South,Bengaluru,09-07-2024
9506,Customer_09506,Female,47,East,Pune,14-05-2025
9507,Customer_09507,Female,25,North,Kolkata,09-05-2025
9508,Customer_09508,Female,18,East,Jaipur,24-08-2024
9509,Customer_09509,Female,35,South,Chennai,22-01-2024
9510,Customer_09510,Female,32,North,Lucknow,13-09-2025
9511,Customer_09511,Male,43,East,Lucknow,22-11-2024
9512,Customer_09512,Female,35,East,Chennai,28-06-2025
9513,Customer_09513,Male,47,North,Jaipur,06-05-2024
9514,Customer_09514,Female,33,West,Pune,30-12-2024
9515,Customer_09515,Female,29,East,Kolkata,13-02-2024
9516,Customer_09516,Male,41,North,Delhi,02-06-2025
9517,Customer_09517,Female,39,East,Delhi,07-05-2024
9518,Customer_09518,Male,27,West,Hyderabad,25-08-2025
9519,Customer_09519,Male,39,East,Lucknow,09-05-2024
9520,Customer_09520,Female,38,South,Chennai,12-06-2025
9521,Customer_09521,Male,33,South,Bengaluru,16-11-2024
9522,Customer_09522,Female,45,East,Chennai,04-07-2024
9523,Customer_09523,Male,49,Central,Chennai,13-09-2025
9524,Customer_09524,Female,28,West,Delhi,13-12-2024
9525,Customer_09525,Female,39,North,Indore,25-04-2025
9526,Customer_09526,Female,35,East,Kochi,05-11-2025
9527,Customer_09527,Male,30,Central,Jaipur,09-08-2025
9528,Customer_09528,Male,33,North,Chennai,11-12-2025
9529,Customer_09529,Female,18,Central,Pune,26-12-2024
9530,Customer_09530,Female,45,Central,Hyderabad,13-10-2024
9531,Customer_09531,Male,42,North,Indore,30-06-2024
9532,Customer_09532,Female,18,Central,Chennai,26-03-2025
9533,Customer_09533,Other,32,South,Indore,06-04-2024
9534,Customer_09534,Female,37,West,Jaipur,16-07-2025
9535,Customer_09535,Female,43,South,Indore,09-11-2024
9536,Customer_09536,Female,31,South,Lucknow,29-06-2025
9537,Customer_09537,Male,32,West,Pune,21-01-2024
9538,Customer_09538,Female,38,West,Jaipur,26-11-2025
9539,Customer_09539,Female,27,North,Indore,29-07-2025
9540,Customer_09540,Male,51,East,Delhi,11-05-2025
9541,Customer_09541,Male,35,North,Bengaluru,06-02-2025
9542,Customer_09542,Male,36,South,Jaipur,03-05-2024
9543,Customer_09543,Female,47,South,Delhi,04-09-2025
9544,Customer_09544,Female,34,East,Lucknow,28-04-2024
9545,Customer_09545,Female,48,South,Bengaluru,12-08-2025
9546,Customer_09546,Female,18,North,Hyderabad,23-11-2025
9547,Customer_09547,Male,46,North,Bengaluru,11-12-2025
9548,Customer_09548,Female,44,North,Chennai,21-04-2025
9549,Customer_09549,Female,18,East,Mumbai,02-12-2025
9550,Customer_09550,Male,31,Central,Pune,12-04-2024
9551,Customer_09551,Female,38,North,Delhi,28-11-2024
9552,Customer_09552,Male,42,Central,Bengaluru,03-04-2025
9553,Customer_09553,Male,47,West,Kolkata,09-05-2024
9554,Customer_09554,Male,19,West,Indore,13-05-2024
9555,Customer_09555,Female,35,West,Lucknow,05-06-2024
9556,Customer_09556,Female,25,West,Pune,28-02-2025
9557,Customer_09557,Female,27,North,Ahmedabad,10-03-2025
9558,Customer_09558,Female,42,East,Kochi,23-01-2025
9559,Customer_09559,Male,26,West,Chennai,13-11-2024
9560,Customer_09560,Male,34,East,Mumbai,31-10-2025
9561,Customer_09561,Male,30,West,Delhi,19-05-2025
9562,Customer_09562,Male,44,North,Chennai,08-07-2024
9563,Customer_09563,Female,18,West,Chennai,03-09-2025
9564,Customer_09564,Female,46,East,Pune,14-02-2025
9565,Customer_09565,Male,49,South,Jaipur,21-02-2024
9566,Customer_09566,Male,40,South,Delhi,14-07-2025
9567,Customer_09567,Female,36,East,Kolkata,21-03-2025
9568,Customer_09568,Female,18,Central,Kolkata,03-09-2025
9569,Customer_09569,Female,40,East,Pune,19-03-2025
9570,Customer_09570,Male,44,West,Hyderabad,16-01-2025
9571,Customer_09571,Female,35,South,Jaipur,08-01-2025
9572,Customer_09572,Male,27,North,Pune,19-07-2025
9573,Customer_09573,Female,49,North,Mumbai,09-01-2025
9574,Customer_09574,Male,25,North,Lucknow,23-01-2025
9575,Customer_09575,Male,45,South,Bengaluru,10-10-2025
9576,Customer_09576,Female,39,South,Indore,04-11-2025
9577,Customer_09577,Male,32,West,Indore,23-04-2025
9578,Customer_09578,Female,58,West,Mumbai,07-02-2025
9579,Customer_09579,Male,39,North,Lucknow,15-08-2025
9580,Customer_09580,Male,40,South,Hyderabad,12-04-2025
9581,Customer_09581,Female,39,South,Mumbai,19-08-2025
9582,Customer_09582,Male,37,East,Chennai,19-05-2025
9583,Customer_09583,Male,33,North,Delhi,23-03-2024
9584,Customer_09584,Male,42,North,Kochi,14-11-2024
9585,Customer_09585,Female,35,Central,Hyderabad,07-03-2024
9586,Customer_09586,Female,18,West,Chennai,17-02-2025
9587,Customer_09587,Female,26,North,Mumbai,28-03-2025
9588,Customer_09588,Female,46,South,Kochi,16-07-2024
9589,Customer_09589,Female,43,South,Lucknow,15-09-2024
9590,Customer_09590,Male,24,West,Kolkata,19-11-2025
9591,Customer_09591,Female,29,East,Kochi,24-10-2024
9592,Customer_09592,Male,28,North,Lucknow,06-10-2024
9593,Customer_09593,Female,49,West,Ahmedabad,26-10-2024
9594,Customer_09594,Female,19,South,Chennai,08-05-2024
9595,Customer_09595,Female,28,South,Kochi,12-05-2025
9596,Customer_09596,Male,35,South,Ahmedabad,13-03-2025
9597,Customer_09597,Female,20,East,Pune,22-11-2025
9598,Customer_09598,Female,35,South,Pune,18-10-2024
9599,Customer_09599,Male,24,South,Chennai,25-07-2024
9600,Customer_09600,Other,26,South,Lucknow,20-10-2024
9601,Customer_09601,Female,29,North,Kochi,17-11-2025
9602,Customer_09602,Male,32,West,Pune,29-01-2024
9603,Customer_09603,Female,28,North,Hyderabad,27-06-2024
9604,Customer_09604,Female,35,North,Ahmedabad,10-02-2024
9605,Customer_09605,Female,46,West,Chennai,14-04-2025
9606,Customer_09606,Female,43,West,Ahmedabad,10-07-2024
9607,Customer_09607,Male,49,West,Mumbai,09-12-2024
9608,Customer_09608,Male,33,East,Kochi,17-09-2025
9609,Customer_09609,Male,33,North,Pune,04-10-2024
9610,Customer_09610,Male,36,West,Hyderabad,20-12-2024
9611,Customer_09611,Female,19,West,Hyderabad,12-06-2025
9612,Customer_09612,Male,44,South,Delhi,26-03-2024
9613,Customer_09613,Male,30,Central,Indore,12-11-2024
9614,Customer_09614,Female,34,North,Kochi,23-11-2025
9615,Customer_09615,Male,38,Central,Pune,02-12-2024
9616,Customer_09616,Male,26,Central,Mumbai,24-05-2024
9617,Customer_09617,Female,27,West,Lucknow,10-11-2024
9618,Customer_09618,Male,38,Central,Lucknow,12-08-2024
9619,Customer_09619,Female,38,West,Indore,26-02-2025
9620,Customer_09620,Female,57,North,Indore,23-02-2024
9621,Customer_09621,Female,36,South,Chennai,08-03-2024
9622,Customer_09622,Male,39,North,Kochi,10-09-2025
9623,Customer_09623,Male,57,South,Lucknow,29-11-2024
9624,Customer_09624,Female,37,West,Delhi,17-03-2024
9625,Customer_09625,Male,38,South,Kochi,22-06-2025
9626,Customer_09626,Male,18,South,Indore,03-06-2024
9627,Customer_09627,Male,30,East,Mumbai,12-03-2024
9628,Customer_09628,Female,36,Central,Jaipur,15-05-2025
9629,Customer_09629,Female,26,North,Delhi,22-03-2025
9630,Customer_09630,Other,36,South,Kochi,22-11-2025
9631,Customer_09631,Female,41,North,Kolkata,12-07-2025
9632,Customer_09632,Male,43,West,Chennai,24-12-2024
9633,Customer_09633,Female,33,North,Kolkata,03-10-2024
9634,Customer_09634,Male,18,West,Chennai,08-11-2024
9635,Customer_09635,Female,35,South,Mumbai,14-04-2024
9636,Customer_09636,Female,30,North,Pune,04-04-2024
9637,Customer_09637,Other,26,Central,Jaipur,06-08-2024
9638,Customer_09638,Female,31,North,Indore,12-11-2025
9639,Customer_09639,Female,31,South,Pune,07-05-2024
9640,Customer_09640,Female,32,North,Delhi,18-07-2024
9641,Customer_09641,Female,29,East,Hyderabad,27-11-2024
9642,Customer_09642,Female,48,East,Mumbai,30-06-2025
9643,Customer_09643,Female,37,South,Mumbai,17-10-2025
9644,Customer_09644,Female,37,North,Bengaluru,18-10-2024
9645,Customer_09645,Female,38,South,Kochi,06-03-2024
9646,Customer_09646,Male,20,West,Bengaluru,21-07-2025
9647,Customer_09647,Male,44,West,Ahmedabad,18-10-2025
9648,Customer_09648,Male,67,East,Ahmedabad,07-02-2025
9649,Customer_09649,Male,24,East,Mumbai,25-12-2025
9650,Customer_09650,Male,27,North,Delhi,28-08-2025
9651,Customer_09651,Female,29,South,Chennai,09-09-2025
9652,Customer_09652,Male,37,North,Lucknow,18-08-2025
9653,Customer_09653,Other,33,South,Jaipur,09-10-2025
9654,Customer_09654,Male,29,South,Chennai,25-05-2024
9655,Customer_09655,Female,40,East,Lucknow,13-06-2025
9656,Customer_09656,Male,38,East,Pune,05-02-2025
9657,Customer_09657,Female,46,Central,Kolkata,04-05-2024
9658,Customer_09658,Female,35,North,Lucknow,28-05-2025
9659,Customer_09659,Female,34,West,Bengaluru,27-11-2024
9660,Customer_09660,Female,30,West,Delhi,24-04-2025
9661,Customer_09661,Male,36,East,Pune,12-12-2025
9662,Customer_09662,Male,24,South,Delhi,11-10-2025
9663,Customer_09663,Male,45,South,Chennai,15-12-2025
9664,Customer_09664,Male,40,North,Mumbai,01-02-2025
9665,Customer_09665,Female,36,South,Bengaluru,30-01-2024
9666,Customer_09666,Female,30,West,Hyderabad,25-02-2024
9667,Customer_09667,Female,50,North,Mumbai,22-09-2025
9668,Customer_09668,Female,29,South,Kochi,11-05-2024
9669,Customer_09669,Male,25,West,Jaipur,18-08-2024
9670,Customer_09670,Male,31,West,Hyderabad,29-01-2025
9671,Customer_09671,Female,42,East,Ahmedabad,31-05-2024
9672,Customer_09672,Male,48,West,Chennai,16-05-2025
9673,Customer_09673,Female,45,South,Indore,20-05-2025
9674,Customer_09674,Female,21,North,Delhi,20-01-2025
9675,Customer_09675,Female,33,South,Chennai,16-06-2025
9676,Customer_09676,Female,29,East,Lucknow,23-03-2025
9677,Customer_09677,Female,38,Central,Kolkata,02-08-2025
9678,Customer_09678,Female,31,North,Ahmedabad,05-05-2024
9679,Customer_09679,Female,42,East,Bengaluru,08-07-2025
9680,Customer_09680,Female,29,South,Pune,24-11-2025
9681,Customer_09681,Male,26,East,Delhi,03-05-2025
9682,Customer_09682,Female,47,North,Ahmedabad,03-09-2025
9683,Customer_09683,Male,34,South,Indore,21-03-2025
9684,Customer_09684,Female,43,West,Delhi,14-04-2025
9685,Customer_09685,Male,22,East,Indore,14-12-2024
9686,Customer_09686,Male,24,East,Mumbai,22-05-2025
9687,Customer_09687,Male,21,South,Chennai,01-04-2025
9688,Customer_09688,Male,26,South,Delhi,19-01-2025
9689,Customer_09689,Male,27,South,Indore,12-12-2025
9690,Customer_09690,Male,26,West,Chennai,23-03-2025
9691,Customer_09691,Female,34,Central,Jaipur,19-09-2025
9692,Customer_09692,Female,24,South,Lucknow,24-04-2024
9693,Customer_09693,Female,26,South,Mumbai,27-03-2025
9694,Customer_09694,Female,36,West,Bengaluru,15-10-2025
9695,Customer_09695,Female,54,South,Bengaluru,28-04-2024
9696,Customer_09696,Female,39,East,Jaipur,02-04-2024
9697,Customer_09697,Female,38,South,Kolkata,04-06-2025
9698,Customer_09698,Female,31,West,Kochi,07-08-2025
9699,Customer_09699,Female,18,East,Indore,21-06-2025
9700,Customer_09700,Male,32,West,Delhi,08-03-2025
9701,Customer_09701,Male,24,West,Pune,24-05-2024
9702,Customer_09702,Female,44,South,Kochi,08-03-2024
9703,Customer_09703,Male,50,West,Pune,30-11-2025
9704,Customer_09704,Male,25,West,Mumbai,10-05-2024
9705,Customer_09705,Male,34,South,Jaipur,07-10-2024
9706,Customer_09706,Female,20,North,Delhi,13-10-2025
9707,Customer_09707,Female,42,North,Hyderabad,19-07-2025
9708,Customer_09708,Male,46,East,Bengaluru,27-05-2025
9709,Customer_09709,Male,40,South,Chennai,01-10-2025
9710,Customer_09710,Male,37,East,Ahmedabad,01-01-2024
9711,Customer_09711,Female,34,North,Kolkata,15-11-2025
9712,Customer_09712,Male,39,Central,Jaipur,07-03-2025
9713,Customer_09713,Male,31,South,Hyderabad,25-01-2025
9714,Customer_09714,Male,30,South,Bengaluru,22-09-2024
9715,Customer_09715,Male,47,East,Kochi,02-02-2025
9716,Customer_09716,Male,42,East,Delhi,12-09-2024
9717,Customer_09717,Female,28,South,Kolkata,29-01-2025
9718,Customer_09718,Male,52,South,Hyderabad,22-06-2024
9719,Customer_09719,Female,27,North,Chennai,14-02-2024
9720,Customer_09720,Male,53,West,Bengaluru,20-05-2024
9721,Customer_09721,Male,21,West,Bengaluru,22-06-2025
9722,Customer_09722,Male,33,East,Bengaluru,21-12-2025
9723,Customer_09723,Female,39,West,Jaipur,19-02-2024
9724,Customer_09724,Female,37,West,Lucknow,01-03-2024
9725,Customer_09725,Female,36,North,Kochi,30-08-2024
9726,Customer_09726,Male,47,Central,Chennai,25-09-2024
9727,Customer_09727,Male,38,West,Ahmedabad,19-05-2024
9728,Customer_09728,Male,39,North,Kochi,05-06-2024
9729,Customer_09729,Male,28,North,Pune,19-08-2025
9730,Customer_09730,Male,42,North,Lucknow,18-08-2025
9731,Customer_09731,Male,30,North,Hyderabad,02-10-2024
9732,Customer_09732,Male,45,West,Kochi,31-01-2024
9733,Customer_09733,Female,48,East,Jaipur,08-01-2024
9734,Customer_09734,Female,35,West,Kolkata,15-12-2025
9735,Customer_09735,Male,39,West,Lucknow,02-02-2024
9736,Customer_09736,Male,37,East,Bengaluru,16-10-2025
9737,Customer_09737,Female,33,West,Ahmedabad,27-03-2025
9738,Customer_09738,Male,32,North,Bengaluru,24-03-2025
9739,Customer_09739,Female,23,South,Bengaluru,06-02-2024
9740,Customer_09740,Female,27,West,Delhi,20-10-2025
9741,Customer_09741,Female,35,North,Ahmedabad,03-02-2024
9742,Customer_09742,Male,48,North,Kolkata,30-03-2025
9743,Customer_09743,Female,37,Central,Bengaluru,19-03-2025
9744,Customer_09744,Female,45,West,Kochi,24-08-2024
9745,Customer_09745,Male,18,South,Pune,30-07-2024
9746,Customer_09746,Female,48,West,Lucknow,19-05-2024
9747,Customer_09747,Male,41,West,Lucknow,02-12-2025
9748,Customer_09748,Female,44,South,Delhi,30-08-2025
9749,Customer_09749,Male,18,North,Kochi,06-12-2025
9750,Customer_09750,Male,30,Central,Hyderabad,26-12-2024
9751,Customer_09751,Female,24,South,Ahmedabad,30-10-2024
9752,Customer_09752,Male,41,North,Ahmedabad,22-10-2024
9753,Customer_09753,Male,39,East,Pune,31-05-2024
9754,Customer_09754,Male,43,West,Kochi,10-08-2024
9755,Customer_09755,Male,30,South,Kolkata,14-07-2024
9756,Customer_09756,Female,42,South,Indore,22-08-2025
9757,Customer_09757,Male,34,South,Mumbai,25-10-2024
9758,Customer_09758,Male,46,Central,Jaipur,12-06-2025
9759,Customer_09759,Male,41,North,Delhi,02-05-2025
9760,Customer_09760,Male,27,East,Lucknow,29-07-2024
9761,Customer_09761,Female,37,Central,Bengaluru,19-08-2024
9762,Customer_09762,Male,20,North,Delhi,25-11-2025
9763,Customer_09763,Female,46,Central,Bengaluru,04-11-2025
9764,Customer_09764,Male,41,Central,Indore,01-01-2025
9765,Customer_09765,Male,41,Central,Delhi,25-04-2025
9766,Customer_09766,Female,43,South,Bengaluru,04-08-2025
9767,Customer_09767,Male,36,West,Indore,25-07-2025
9768,Customer_09768,Male,19,West,Lucknow,27-06-2024
9769,Customer_09769,Male,44,Central,Ahmedabad,28-04-2025
9770,Customer_09770,Male,27,North,Pune,11-08-2025
9771,Customer_09771,Female,26,West,Ahmedabad,09-05-2025
9772,Customer_09772,Female,42,South,Lucknow,30-06-2025
9773,Customer_09773,Male,29,North,Hyderabad,16-01-2024
9774,Customer_09774,Female,36,South,Jaipur,10-04-2025
9775,Customer_09775,Other,41,West,Indore,05-02-2025
9776,Customer_09776,Female,41,East,Lucknow,20-10-2024
9777,Customer_09777,Male,45,East,Bengaluru,19-06-2024
9778,Customer_09778,Male,28,Central,Ahmedabad,01-02-2024
9779,Customer_09779,Male,31,South,Delhi,19-09-2024
9780,Customer_09780,Male,38,East,Bengaluru,02-08-2024
9781,Customer_09781,Male,21,South,Hyderabad,11-07-2025
9782,Customer_09782,Male,26,South,Indore,07-07-2024
9783,Customer_09783,Male,25,West,Delhi,05-08-2025
9784,Customer_09784,Female,18,Central,Kochi,22-08-2025
9785,Customer_09785,Male,29,East,Hyderabad,17-09-2024
9786,Customer_09786,Male,34,West,Ahmedabad,30-06-2024
9787,Customer_09787,Male,36,North,Bengaluru,19-05-2025
9788,Customer_09788,Female,29,South,Ahmedabad,07-12-2024
9789,Customer_09789,Female,25,East,Kochi,22-01-2024
9790,Customer_09790,Other,33,North,Hyderabad,14-03-2024
9791,Customer_09791,Other,29,South,Kolkata,24-08-2025
9792,Customer_09792,Female,18,East,Kolkata,14-06-2024
9793,Customer_09793,Female,25,North,Chennai,21-08-2024
9794,Customer_09794,Male,37,South,Mumbai,09-01-2025
9795,Customer_09795,Female,34,East,Pune,08-03-2025
9796,Customer_09796,Female,36,East,Lucknow,02-10-2025
9797,Customer_09797,Female,40,Central,Chennai,29-11-2024
9798,Customer_09798,Male,37,West,Jaipur,29-08-2025
9799,Customer_09799,Male,35,South,Delhi,23-06-2025
9800,Customer_09800,Male,30,Central,Jaipur,04-02-2024
9801,Customer_09801,Female,27,West,Kochi,19-03-2025
9802,Customer_09802,Other,35,North,Pune,18-08-2024
9803,Customer_09803,Male,24,North,Jaipur,13-11-2024
9804,Customer_09804,Female,41,West,Mumbai,08-12-2024
9805,Customer_09805,Male,24,East,Indore,05-03-2025
9806,Customer_09806,Female,48,West,Hyderabad,28-09-2025
9807,Customer_09807,Female,33,West,Indore,10-04-2025
9808,Customer_09808,Male,45,East,Pune,19-03-2024
9809,Customer_09809,Male,23,Central,Delhi,26-07-2025
9810,Customer_09810,Male,50,East,Lucknow,24-03-2025
9811,Customer_09811,Other,23,North,Kochi,29-12-2025
9812,Customer_09812,Male,33,West,Delhi,08-10-2024
9813,Customer_09813,Female,21,South,Delhi,05-11-2025
9814,Customer_09814,Male,34,West,Hyderabad,26-02-2024
9815,Customer_09815,Female,33,Central,Chennai,09-07-2024
9816,Customer_09816,Male,18,West,Jaipur,05-10-2025
9817,Customer_09817,Male,35,East,Mumbai,07-04-2025
9818,Customer_09818,Male,39,East,Indore,11-02-2024
9819,Customer_09819,Male,25,South,Bengaluru,30-04-2025
9820,Customer_09820,Male,31,South,Indore,21-06-2024
9821,Customer_09821,Female,32,West,Bengaluru,09-11-2025
9822,Customer_09822,Male,51,West,Kochi,06-09-2024
9823,Customer_09823,Female,36,West,Kolkata,24-05-2025
9824,Customer_09824,Male,29,North,Pune,16-05-2025
9825,Customer_09825,Male,23,East,Bengaluru,11-07-2024
9826,Customer_09826,Male,18,West,Hyderabad,13-06-2024
9827,Customer_09827,Female,33,East,Kolkata,30-03-2024
9828,Customer_09828,Male,35,East,Lucknow,21-11-2025
9829,Customer_09829,Male,22,West,Pune,27-02-2024
9830,Customer_09830,Female,20,West,Chennai,19-09-2024
9831,Customer_09831,Male,39,South,Chennai,09-10-2025
9832,Customer_09832,Female,44,Central,Kochi,30-08-2024
9833,Customer_09833,Male,31,North,Mumbai,24-10-2025
9834,Customer_09834,Male,39,Central,Lucknow,06-08-2024
9835,Customer_09835,Female,33,North,Indore,09-01-2024
9836,Customer_09836,Male,60,North,Chennai,05-03-2025
9837,Customer_09837,Male,33,Central,Indore,13-01-2024
9838,Customer_09838,Female,48,South,Pune,12-08-2024
9839,Customer_09839,Male,40,West,Lucknow,20-11-2025
9840,Customer_09840,Female,29,West,Kolkata,07-03-2024
9841,Customer_09841,Female,40,Central,Kolkata,30-10-2025
9842,Customer_09842,Female,33,Central,Kochi,07-11-2025
9843,Customer_09843,Male,24,South,Kochi,17-05-2025
9844,Customer_09844,Female,35,West,Ahmedabad,02-07-2024
9845,Customer_09845,Male,30,North,Chennai,26-07-2024
9846,Customer_09846,Male,34,South,Delhi,11-06-2025
9847,Customer_09847,Female,33,West,Indore,26-10-2024
9848,Customer_09848,Male,32,South,Kolkata,28-08-2024
9849,Customer_09849,Male,24,East,Bengaluru,30-03-2025
9850,Customer_09850,Male,46,East,Ahmedabad,13-06-2025
9851,Customer_09851,Other,33,West,Delhi,20-10-2025
9852,Customer_09852,Male,36,Central,Kochi,31-08-2024
9853,Customer_09853,Male,32,North,Hyderabad,16-07-2025
9854,Customer_09854,Female,30,East,Bengaluru,25-08-2024
9855,Customer_09855,Female,36,Central,Hyderabad,02-09-2024
9856,Customer_09856,Male,48,East,Chennai,10-12-2024
9857,Customer_09857,Female,18,North,Hyderabad,28-04-2025
9858,Customer_09858,Male,23,East,Lucknow,05-11-2024
9859,Customer_09859,Male,31,South,Indore,14-07-2025
9860,Customer_09860,Male,26,North,Jaipur,10-10-2024
9861,Customer_09861,Female,54,West,Lucknow,07-02-2024
9862,Customer_09862,Male,31,East,Lucknow,01-02-2024
9863,Customer_09863,Female,39,Central,Delhi,30-08-2024
9864,Customer_09864,Other,31,West,Kochi,06-07-2025
9865,Customer_09865,Male,18,West,Mumbai,18-10-2024
9866,Customer_09866,Other,30,North,Jaipur,06-09-2025
9867,Customer_09867,Male,22,South,Delhi,18-10-2024
9868,Customer_09868,Male,37,North,Hyderabad,10-09-2025
9869,Customer_09869,Female,31,Central,Bengaluru,16-01-2025
9870,Customer_09870,Female,26,North,Delhi,21-08-2025
9871,Customer_09871,Female,33,South,Lucknow,31-07-2025
9872,Customer_09872,Male,30,East,Hyderabad,17-05-2024
9873,Customer_09873,Female,44,South,Pune,18-07-2024
9874,Customer_09874,Female,40,North,Kolkata,30-11-2024
9875,Customer_09875,Male,51,East,Hyderabad,27-08-2025
9876,Customer_09876,Female,41,North,Pune,22-03-2025
9877,Customer_09877,Female,39,North,Mumbai,13-12-2024
9878,Customer_09878,Male,40,South,Kolkata,04-10-2024
9879,Customer_09879,Female,41,West,Lucknow,15-06-2025
9880,Customer_09880,Female,18,East,Bengaluru,02-02-2025
9881,Customer_09881,Female,39,South,Bengaluru,25-01-2025
9882,Customer_09882,Male,18,East,Lucknow,24-08-2025
9883,Customer_09883,Female,18,South,Delhi,15-07-2025
9884,Customer_09884,Other,23,Central,Lucknow,10-01-2024
9885,Customer_09885,Male,37,North,Ahmedabad,13-08-2025
9886,Customer_09886,Female,21,West,Mumbai,02-07-2025
9887,Customer_09887,Female,39,Central,Ahmedabad,28-02-2024
9888,Customer_09888,Male,50,West,Kolkata,28-03-2024
9889,Customer_09889,Male,31,North,Chennai,03-04-2025
9890,Customer_09890,Female,36,South,Indore,13-04-2024
9891,Customer_09891,Male,27,West,Delhi,13-04-2024
9892,Customer_09892,Male,22,North,Kochi,10-09-2024
9893,Customer_09893,Male,32,West,Kochi,30-11-2024
9894,Customer_09894,Female,26,West,Bengaluru,07-04-2025
9895,Customer_09895,Male,29,West,Jaipur,02-07-2025
9896,Customer_09896,Female,27,North,Delhi,27-10-2024
9897,Customer_09897,Female,21,West,Chennai,15-10-2025
9898,Customer_09898,Male,33,West,Bengaluru,08-07-2025
9899,Customer_09899,Female,18,West,Bengaluru,19-09-2025
9900,Customer_09900,Female,39,North,Bengaluru,06-12-2024
9901,Customer_09901,Male,18,North,Kochi,06-05-2025
9902,Customer_09902,Female,28,South,Bengaluru,24-03-2024
9903,Customer_09903,Male,46,North,Jaipur,15-09-2024
9904,Customer_09904,Male,41,East,Indore,25-12-2024
9905,Customer_09905,Male,34,Central,Chennai,27-03-2024
9906,Customer_09906,Male,56,South,Lucknow,03-03-2025
9907,Customer_09907,Male,35,West,Pune,01-01-2025
9908,Customer_09908,Male,45,North,Delhi,08-12-2024
9909,Customer_09909,Male,28,North,Bengaluru,12-12-2024
9910,Customer_09910,Female,18,North,Mumbai,05-04-2024
9911,Customer_09911,Male,36,South,Mumbai,11-09-2024
9912,Customer_09912,Female,38,Central,Lucknow,15-05-2024
9913,Customer_09913,Female,38,North,Lucknow,04-09-2024
9914,Customer_09914,Female,20,East,Kochi,13-05-2025
9915,Customer_09915,Female,64,East,Ahmedabad,30-04-2025
9916,Customer_09916,Female,23,Central,Ahmedabad,05-02-2025
9917,Customer_09917,Female,35,North,Pune,26-08-2025
9918,Customer_09918,Female,37,South,Lucknow,15-02-2025
9919,Customer_09919,Male,42,North,Kochi,23-03-2025
9920,Customer_09920,Male,27,South,Lucknow,03-09-2024
9921,Customer_09921,Female,39,South,Ahmedabad,29-11-2025
9922,Customer_09922,Female,50,Central,Mumbai,24-02-2025
9923,Customer_09923,Male,29,East,Kolkata,03-05-2024
9924,Customer_09924,Male,29,East,Chennai,16-09-2024
9925,Customer_09925,Male,24,East,Jaipur,17-06-2024
9926,Customer_09926,Male,36,North,Jaipur,20-04-2024
9927,Customer_09927,Female,25,South,Chennai,16-10-2024
9928,Customer_09928,Male,41,Central,Pune,21-08-2025
9929,Customer_09929,Male,29,West,Hyderabad,13-01-2024
9930,Customer_09930,Male,32,Central,Indore,19-09-2024
9931,Customer_09931,Male,24,West,Indore,23-01-2024
9932,Customer_09932,Male,56,North,Delhi,18-07-2024
9933,Customer_09933,Female,35,South,Hyderabad,29-08-2024
9934,Customer_09934,Female,22,North,Delhi,26-08-2024
9935,Customer_09935,Other,37,South,Indore,29-10-2024
9936,Customer_09936,Female,18,North,Hyderabad,13-06-2024
9937,Customer_09937,Female,27,East,Kochi,24-06-2024
9938,Customer_09938,Female,38,West,Delhi,29-01-2024
9939,Customer_09939,Female,39,Central,Pune,07-11-2025
9940,Customer_09940,Female,43,West,Jaipur,18-06-2025
9941,Customer_09941,Female,47,Central,Bengaluru,20-10-2024
9942,Customer_09942,Female,32,North,Bengaluru,21-04-2025
9943,Customer_09943,Male,43,North,Pune,17-01-2025
9944,Customer_09944,Male,42,West,Lucknow,09-07-2025
9945,Customer_09945,Female,42,South,Kochi,22-11-2025
9946,Customer_09946,Female,19,South,Indore,22-10-2024
9947,Customer_09947,Female,37,South,Pune,12-10-2025
9948,Customer_09948,Female,31,South,Indore,29-11-2024
9949,Customer_09949,Female,47,East,Mumbai,04-09-2024
9950,Customer_09950,Male,35,South,Bengaluru,28-08-2024
9951,Customer_09951,Male,30,East,Mumbai,15-04-2024
9952,Customer_09952,Male,31,West,Indore,15-11-2025
9953,Customer_09953,Male,30,South,Indore,14-07-2025
9954,Customer_09954,Female,36,South,Delhi,02-05-2024
9955,Customer_09955,Male,37,North,Delhi,04-02-2024
9956,Customer_09956,Male,32,South,Kolkata,09-09-2025
9957,Customer_09957,Male,31,West,Delhi,19-02-2025
9958,Customer_09958,Female,24,West,Kochi,08-12-2025
9959,Customer_09959,Male,48,West,Pune,12-09-2025
9960,Customer_09960,Female,31,South,Pune,28-09-2025
9961,Customer_09961,Male,36,East,Kochi,22-11-2024
9962,Customer_09962,Male,38,East,Mumbai,21-10-2024
9963,Customer_09963,Female,37,East,Jaipur,07-03-2025
9964,Customer_09964,Female,29,East,Kochi,12-12-2024
9965,Customer_09965,Female,40,East,Chennai,06-02-2024
9966,Customer_09966,Female,48,East,Kochi,30-11-2025
9967,Customer_09967,Female,41,West,Jaipur,26-05-2025
9968,Customer_09968,Female,38,North,Kochi,18-06-2025
9969,Customer_09969,Male,40,West,Pune,06-12-2025
9970,Customer_09970,Female,35,North,Pune,25-10-2025
9971,Customer_09971,Female,31,North,Jaipur,18-01-2024
9972,Customer_09972,Female,53,Central,Kochi,27-01-2024
9973,Customer_09973,Female,49,Central,Chennai,19-06-2025
9974,Customer_09974,Male,29,North,Mumbai,29-01-2024
9975,Customer_09975,Male,45,South,Mumbai,12-10-2025
9976,Customer_09976,Female,39,North,Bengaluru,19-10-2025
9977,Customer_09977,Male,35,East,Bengaluru,26-09-2025
9978,Customer_09978,Female,49,West,Pune,01-10-2025
9979,Customer_09979,Other,35,Central,Ahmedabad,26-04-2024
9980,Customer_09980,Female,37,West,Lucknow,11-05-2024
9981,Customer_09981,Other,39,South,Ahmedabad,15-10-2024
9982,Customer_09982,Male,22,East,Ahmedabad,18-12-2025
9983,Customer_09983,Female,37,South,Kochi,23-08-2024
9984,Customer_09984,Male,20,Central,Kolkata,11-02-2024
9985,Customer_09985,Male,40,Central,Bengaluru,08-06-2024
9986,Customer_09986,Female,39,East,Kochi,21-11-2025
9987,Customer_09987,Male,46,South,Lucknow,04-05-2024
9988,Customer_09988,Female,40,South,Bengaluru,16-09-2024
9989,Customer_09989,Male,60,North,Kochi,02-10-2024
9990,Customer_09990,Female,20,West,Kolkata,31-07-2024
9991,Customer_09991,Male,34,East,Delhi,17-04-2025
9992,Customer_09992,Female,44,South,Pune,02-12-2025
9993,Customer_09993,Female,45,East,Jaipur,23-07-2025
9994,Customer_09994,Female,28,West,Chennai,06-03-2025
9995,Customer_09995,Male,46,North,Kochi,15-12-2025
9996,Customer_09996,Female,19,Central,Delhi,20-03-2024
9997,Customer_09997,Male,26,Central,Mumbai,15-08-2024
9998,Customer_09998,Female,38,Central,Kolkata,04-04-2024
9999,Customer_09999,Female,37,South,Kolkata,27-02-2025
10000,Customer_10000,Male,47,South,Kolkata,30-05-2025
10001,Customer_10001,Male,43,South,Chennai,13-06-2024
10002,Customer_10002,Male,30,South,Kochi,01-03-2025
10003,Customer_10003,Female,47,North,Ahmedabad,11-02-2024
10004,Customer_10004,Female,40,East,Lucknow,06-02-2025
10005,Customer_10005,Female,42,East,Bengaluru,24-12-2025
10006,Customer_10006,Female,42,Central,Delhi,19-02-2025
10007,Customer_10007,Female,32,North,Hyderabad,26-10-2024
10008,Customer_10008,Male,44,West,Pune,24-02-2024
10009,Customer_10009,Male,37,West,Pune,01-12-2024
10010,Customer_10010,Female,43,West,Mumbai,05-03-2025
10011,Customer_10011,Female,49,Central,Hyderabad,15-11-2025
10012,Customer_10012,Female,33,West,Indore,29-11-2024
10013,Customer_10013,Male,44,Central,Chennai,09-02-2025
10014,Customer_10014,Male,31,South,Indore,30-01-2024
10015,Customer_10015,Male,29,East,Hyderabad,18-06-2025
10016,Customer_10016,Female,34,North,Mumbai,31-05-2025
10017,Customer_10017,Female,34,North,Ahmedabad,28-07-2025
10018,Customer_10018,Male,39,South,Kochi,08-08-2024
10019,Customer_10019,Female,23,North,Jaipur,16-08-2025
10020,Customer_10020,Male,40,South,Mumbai,08-05-2025
10021,Customer_10021,Female,33,North,Jaipur,09-09-2024
10022,Customer_10022,Female,18,North,Kolkata,17-07-2025
10023,Customer_10023,Male,38,Central,Ahmedabad,16-11-2024
10024,Customer_10024,Male,48,North,Pune,08-02-2024
10025,Customer_10025,Male,45,West,Chennai,09-04-2025
10026,Customer_10026,Other,34,North,Kochi,14-02-2025
10027,Customer_10027,Female,30,Central,Ahmedabad,15-02-2025
10028,Customer_10028,Male,43,Central,Indore,06-05-2025
10029,Customer_10029,Male,30,West,Bengaluru,13-03-2025
10030,Customer_10030,Female,34,West,Kolkata,23-04-2025
10031,Customer_10031,Female,60,North,Hyderabad,12-03-2024
10032,Customer_10032,Male,49,Central,Kolkata,04-08-2025
10033,Customer_10033,Male,32,Central,Pune,07-08-2024
10034,Customer_10034,Female,41,Central,Delhi,04-01-2024
10035,Customer_10035,Male,50,West,Mumbai,16-10-2024
10036,Customer_10036,Male,39,South,Jaipur,14-01-2025
10037,Customer_10037,Other,23,Central,Pune,20-12-2024
10038,Customer_10038,Female,37,South,Pune,20-03-2024
10039,Customer_10039,Female,32,East,Hyderabad,06-03-2024
10040,Customer_10040,Male,32,North,Chennai,15-05-2024
10041,Customer_10041,Male,27,Central,Indore,02-02-2025
10042,Customer_10042,Male,23,North,Kolkata,03-12-2025
10043,Customer_10043,Female,28,South,Delhi,12-12-2024
10044,Customer_10044,Female,42,East,Indore,28-02-2024
10045,Customer_10045,Female,44,West,Bengaluru,02-06-2025
10046,Customer_10046,Female,55,East,Jaipur,14-12-2025
10047,Customer_10047,Female,29,South,Pune,24-08-2024
10048,Customer_10048,Male,26,North,Jaipur,19-03-2024
10049,Customer_10049,Male,43,West,Ahmedabad,11-07-2025
10050,Customer_10050,Male,19,Central,Hyderabad,02-11-2025
10051,Customer_10051,Male,18,West,Bengaluru,24-04-2024
10052,Customer_10052,Male,43,East,Bengaluru,06-04-2025
10053,Customer_10053,Female,25,Central,Bengaluru,17-09-2025
10054,Customer_10054,Male,27,South,Delhi,05-05-2024
10055,Customer_10055,Female,40,East,Kolkata,24-08-2025
10056,Customer_10056,Female,35,East,Kolkata,26-07-2025
10057,Customer_10057,Male,31,South,Hyderabad,14-05-2025
10058,Customer_10058,Male,21,West,Ahmedabad,11-04-2024
10059,Customer_10059,Male,29,East,Delhi,17-09-2025
10060,Customer_10060,Male,29,South,Ahmedabad,22-06-2024
10061,Customer_10061,Female,30,South,Kochi,27-03-2025
10062,Customer_10062,Female,40,North,Jaipur,01-04-2024
10063,Customer_10063,Female,37,East,Kolkata,25-11-2025
10064,Customer_10064,Male,32,South,Mumbai,19-01-2025
10065,Customer_10065,Male,35,North,Indore,23-07-2024
10066,Customer_10066,Female,52,West,Mumbai,28-12-2024
10067,Customer_10067,Male,38,West,Chennai,07-12-2025
10068,Customer_10068,Male,49,West,Kolkata,12-05-2025
10069,Customer_10069,Female,28,East,Indore,20-06-2025
10070,Customer_10070,Male,32,Central,Kolkata,21-08-2024
10071,Customer_10071,Female,31,Central,Jaipur,16-01-2024
10072,Customer_10072,Male,38,West,Hyderabad,20-05-2024
10073,Customer_10073,Male,39,West,Mumbai,11-09-2025
10074,Customer_10074,Female,40,South,Hyderabad,23-02-2025
10075,Customer_10075,Female,18,Central,Pune,31-03-2025
10076,Customer_10076,Female,25,South,Indore,26-10-2024
10077,Customer_10077,Male,37,North,Kochi,04-12-2024
10078,Customer_10078,Female,53,South,Kolkata,29-10-2024
10079,Customer_10079,Male,29,North,Bengaluru,14-08-2025
10080,Customer_10080,Male,56,Central,Jaipur,16-03-2024
10081,Customer_10081,Male,21,East,Indore,15-09-2025
10082,Customer_10082,Male,36,East,Chennai,11-11-2024
10083,Customer_10083,Female,32,West,Mumbai,14-05-2025
10084,Customer_10084,Male,29,East,Kolkata,15-03-2024
10085,Customer_10085,Female,43,North,Kolkata,26-12-2025
10086,Customer_10086,Female,33,East,Hyderabad,31-12-2024
10087,Customer_10087,Female,19,West,Pune,29-06-2025
10088,Customer_10088,Female,18,South,Mumbai,14-10-2025
10089,Customer_10089,Female,23,West,Kolkata,08-11-2025
10090,Customer_10090,Male,40,South,Chennai,30-01-2025
10091,Customer_10091,Female,32,South,Delhi,18-08-2024
10092,Customer_10092,Other,44,North,Kochi,28-01-2024
10093,Customer_10093,Female,33,South,Kolkata,19-04-2025
10094,Customer_10094,Male,37,West,Kolkata,21-10-2024
10095,Customer_10095,Male,49,West,Ahmedabad,02-03-2025
10096,Customer_10096,Female,32,South,Chennai,31-03-2024
10097,Customer_10097,Male,54,East,Delhi,24-04-2024
10098,Customer_10098,Female,41,West,Hyderabad,07-06-2024
10099,Customer_10099,Male,25,South,Delhi,14-09-2024
10100,Customer_10100,Male,22,North,Lucknow,07-01-2025
10101,Customer_10101,Female,20,Central,Kochi,30-03-2024
10102,Customer_10102,Male,34,East,Hyderabad,24-10-2024
10103,Customer_10103,Male,18,Central,Kolkata,31-01-2024
10104,Customer_10104,Male,52,South,Pune,23-12-2024
10105,Customer_10105,Female,56,West,Kolkata,14-04-2025
10106,Customer_10106,Male,18,South,Ahmedabad,07-05-2024
10107,Customer_10107,Male,37,South,Pune,26-09-2024
10108,Customer_10108,Female,18,East,Bengaluru,12-05-2025
10109,Customer_10109,Male,41,South,Bengaluru,16-02-2025
10110,Customer_10110,Male,43,North,Jaipur,27-07-2024
10111,Customer_10111,Female,34,South,Pune,20-11-2025
10112,Customer_10112,Female,37,North,Pune,01-11-2024
10113,Customer_10113,Male,27,West,Hyderabad,09-07-2024
10114,Customer_10114,Female,34,East,Ahmedabad,22-12-2024
10115,Customer_10115,Female,41,North,Lucknow,01-04-2025
10116,Customer_10116,Male,32,North,Ahmedabad,24-03-2025
10117,Customer_10117,Female,46,North,Delhi,08-03-2024
10118,Customer_10118,Male,27,East,Kolkata,11-04-2025
10119,Customer_10119,Male,31,North,Jaipur,25-12-2024
10120,Customer_10120,Female,18,West,Lucknow,21-01-2025
10121,Customer_10121,Male,57,North,Hyderabad,07-05-2024
10122,Customer_10122,Female,18,South,Indore,29-04-2025
10123,Customer_10123,Male,45,Central,Chennai,31-08-2024
10124,Customer_10124,Male,38,West,Ahmedabad,19-01-2024
10125,Customer_10125,Male,34,North,Kolkata,30-01-2025
10126,Customer_10126,Male,25,West,Kochi,28-10-2025
10127,Customer_10127,Female,29,East,Delhi,16-08-2024
10128,Customer_10128,Female,30,West,Mumbai,02-01-2025
10129,Customer_10129,Female,29,East,Hyderabad,27-02-2024
10130,Customer_10130,Female,18,West,Mumbai,07-10-2024
10131,Customer_10131,Female,40,Central,Bengaluru,10-07-2025
10132,Customer_10132,Female,41,South,Chennai,11-04-2024
10133,Customer_10133,Male,31,East,Hyderabad,17-02-2024
10134,Customer_10134,Female,34,East,Delhi,15-07-2025
10135,Customer_10135,Male,40,North,Ahmedabad,15-08-2025
10136,Customer_10136,Female,20,North,Jaipur,28-02-2024
10137,Customer_10137,Female,18,North,Hyderabad,09-06-2024
10138,Customer_10138,Male,34,West,Mumbai,12-04-2024
10139,Customer_10139,Female,31,East,Pune,15-02-2025
10140,Customer_10140,Other,30,East,Chennai,01-07-2024
10141,Customer_10141,Male,40,North,Indore,20-02-2025
10142,Customer_10142,Female,30,East,Hyderabad,25-04-2024
10143,Customer_10143,Male,38,Central,Bengaluru,02-02-2025
10144,Customer_10144,Female,52,South,Bengaluru,06-11-2025
10145,Customer_10145,Female,55,East,Kolkata,16-10-2025
10146,Customer_10146,Male,43,West,Pune,12-03-2025
10147,Customer_10147,Male,18,West,Pune,13-11-2024
10148,Customer_10148,Male,40,East,Hyderabad,28-08-2025
10149,Customer_10149,Male,50,Central,Hyderabad,06-09-2024
10150,Customer_10150,Male,37,South,Delhi,22-03-2025
10151,Customer_10151,Female,27,Central,Kochi,11-05-2025
10152,Customer_10152,Female,30,South,Pune,08-12-2024
10153,Customer_10153,Female,46,South,Lucknow,02-03-2025
10154,Customer_10154,Female,29,North,Pune,27-08-2024
10155,Customer_10155,Female,24,West,Chennai,28-02-2024
10156,Customer_10156,Female,27,South,Delhi,10-06-2025
10157,Customer_10157,Female,35,South,Bengaluru,21-07-2024
10158,Customer_10158,Female,32,South,Kolkata,10-04-2025
10159,Customer_10159,Male,18,Central,Indore,22-10-2024
10160,Customer_10160,Male,30,West,Pune,13-10-2024
10161,Customer_10161,Female,53,East,Kolkata,13-03-2024
10162,Customer_10162,Male,36,East,Mumbai,26-12-2025
10163,Customer_10163,Male,40,East,Hyderabad,06-06-2025
10164,Customer_10164,Female,20,South,Hyderabad,02-12-2024
10165,Customer_10165,Other,41,Central,Delhi,13-11-2024
10166,Customer_10166,Female,49,North,Delhi,21-07-2024
10167,Customer_10167,Male,37,South,Kolkata,18-08-2024
10168,Customer_10168,Female,22,South,Kolkata,16-07-2025
10169,Customer_10169,Female,40,East,Delhi,26-02-2024
10170,Customer_10170,Female,42,East,Kolkata,05-10-2025
10171,Customer_10171,Male,27,East,Ahmedabad,23-02-2025
10172,Customer_10172,Female,45,North,Jaipur,06-10-2024
10173,Customer_10173,Male,39,East,Pune,31-10-2024
10174,Customer_10174,Female,18,South,Delhi,10-04-2025
10175,Customer_10175,Female,28,North,Kochi,22-06-2024
10176,Customer_10176,Female,31,North,Bengaluru,22-09-2024
10177,Customer_10177,Female,33,West,Jaipur,03-09-2024
10178,Customer_10178,Female,34,South,Indore,18-03-2024
10179,Customer_10179,Male,42,East,Kolkata,08-10-2025
10180,Customer_10180,Male,42,West,Pune,13-10-2025
10181,Customer_10181,Male,50,West,Delhi,09-09-2024
10182,Customer_10182,Female,37,East,Delhi,19-04-2025
10183,Customer_10183,Female,49,South,Bengaluru,24-06-2024
10184,Customer_10184,Female,43,South,Hyderabad,24-02-2025
10185,Customer_10185,Female,46,West,Chennai,25-07-2025
10186,Customer_10186,Male,50,East,Pune,05-04-2025
10187,Customer_10187,Male,31,West,Kochi,10-09-2024
10188,Customer_10188,Male,33,Central,Jaipur,03-06-2025
10189,Customer_10189,Female,18,North,Hyderabad,16-04-2024
10190,Customer_10190,Female,45,North,Chennai,19-06-2024
10191,Customer_10191,Female,44,West,Lucknow,27-02-2024
10192,Customer_10192,Male,35,South,Chennai,02-12-2024
10193,Customer_10193,Male,42,North,Jaipur,07-12-2024
10194,Customer_10194,Female,45,Central,Lucknow,16-10-2024
10195,Customer_10195,Male,34,South,Lucknow,24-03-2024
10196,Customer_10196,Male,38,Central,Delhi,26-04-2024
10197,Customer_10197,Male,34,West,Mumbai,12-12-2025
10198,Customer_10198,Female,33,West,Mumbai,17-06-2025
10199,Customer_10199,Male,27,North,Pune,06-08-2024
10200,Customer_10200,Male,20,South,Lucknow,11-04-2024
10201,Customer_10201,Female,21,East,Hyderabad,18-10-2025
10202,Customer_10202,Male,33,North,Hyderabad,31-03-2025
10203,Customer_10203,Male,23,South,Hyderabad,20-10-2025
10204,Customer_10204,Female,25,South,Kolkata,09-06-2025
10205,Customer_10205,Female,26,North,Chennai,22-09-2024
10206,Customer_10206,Male,31,North,Lucknow,13-10-2024
10207,Customer_10207,Male,45,West,Jaipur,20-05-2024
10208,Customer_10208,Male,18,North,Indore,09-02-2025
10209,Customer_10209,Female,34,North,Lucknow,19-10-2024
10210,Customer_10210,Female,25,East,Mumbai,31-01-2024
10211,Customer_10211,Male,34,Central,Pune,19-06-2024
10212,Customer_10212,Male,28,South,Kolkata,20-12-2024
10213,Customer_10213,Male,32,North,Mumbai,23-07-2024
10214,Customer_10214,Male,19,East,Jaipur,22-04-2025
10215,Customer_10215,Male,38,Central,Bengaluru,17-10-2024
10216,Customer_10216,Female,35,West,Indore,20-04-2024
10217,Customer_10217,Female,36,East,Indore,08-03-2024
10218,Customer_10218,Male,44,South,Kolkata,25-11-2025
10219,Customer_10219,Female,20,East,Kochi,07-01-2025
10220,Customer_10220,Male,23,North,Delhi,14-07-2024
10221,Customer_10221,Male,51,West,Jaipur,05-05-2024
10222,Customer_10222,Female,39,West,Kolkata,17-11-2025
10223,Customer_10223,Male,18,Central,Ahmedabad,18-09-2024
10224,Customer_10224,Female,32,South,Lucknow,03-06-2024
10225,Customer_10225,Female,45,North,Kochi,03-08-2025
10226,Customer_10226,Other,55,East,Mumbai,17-04-2024
10227,Customer_10227,Female,50,West,Pune,26-02-2025
10228,Customer_10228,Male,29,West,Delhi,04-02-2024
10229,Customer_10229,Female,33,North,Delhi,13-02-2024
10230,Customer_10230,Male,18,South,Indore,16-10-2025
10231,Customer_10231,Female,35,East,Bengaluru,23-12-2025
10232,Customer_10232,Female,36,South,Lucknow,19-02-2025
10233,Customer_10233,Female,43,Central,Kochi,11-10-2024
10234,Customer_10234,Female,18,East,Jaipur,22-03-2025
10235,Customer_10235,Female,25,West,Lucknow,01-06-2025
10236,Customer_10236,Female,32,East,Hyderabad,30-12-2025
10237,Customer_10237,Female,43,West,Hyderabad,27-01-2024
10238,Customer_10238,Male,30,South,Kolkata,14-08-2024
10239,Customer_10239,Female,58,West,Kochi,28-02-2025
10240,Customer_10240,Female,23,South,Kolkata,21-07-2025
10241,Customer_10241,Female,29,East,Delhi,02-01-2025
10242,Customer_10242,Other,23,South,Ahmedabad,05-11-2024
10243,Customer_10243,Male,32,East,Chennai,14-04-2024
10244,Customer_10244,Male,39,South,Pune,18-01-2024
10245,Customer_10245,Female,36,South,Indore,23-07-2024
10246,Customer_10246,Male,25,Central,Delhi,12-02-2024
10247,Customer_10247,Female,46,North,Mumbai,29-03-2024
10248,Customer_10248,Female,48,West,Bengaluru,08-08-2025
10249,Customer_10249,Male,27,Central,Ahmedabad,05-06-2024
10250,Customer_10250,Female,65,North,Lucknow,22-09-2024
10251,Customer_10251,Other,23,West,Chennai,13-05-2024
10252,Customer_10252,Male,34,South,Kochi,08-04-2025
10253,Customer_10253,Female,34,North,Pune,23-08-2025
10254,Customer_10254,Male,23,South,Pune,11-05-2024
10255,Customer_10255,Female,36,Central,Delhi,03-02-2024
10256,Customer_10256,Male,33,North,Jaipur,23-03-2024
10257,Customer_10257,Female,38,East,Kolkata,11-05-2024
10258,Customer_10258,Male,34,East,Indore,03-03-2025
10259,Customer_10259,Female,42,Central,Indore,22-07-2024
10260,Customer_10260,Female,40,North,Kochi,01-12-2024
10261,Customer_10261,Male,24,West,Indore,11-05-2025
10262,Customer_10262,Female,31,West,Ahmedabad,17-03-2025
10263,Customer_10263,Female,26,West,Kolkata,14-09-2024
10264,Customer_10264,Female,51,Central,Delhi,18-10-2024
10265,Customer_10265,Female,44,West,Jaipur,04-05-2024
10266,Customer_10266,Female,37,North,Bengaluru,24-10-2025
10267,Customer_10267,Female,39,East,Chennai,23-06-2024
10268,Customer_10268,Male,33,South,Bengaluru,06-05-2025
10269,Customer_10269,Female,36,South,Ahmedabad,20-03-2024
10270,Customer_10270,Female,27,East,Jaipur,10-09-2025
10271,Customer_10271,Female,27,South,Mumbai,31-10-2024
10272,Customer_10272,Male,40,South,Chennai,24-05-2025
10273,Customer_10273,Male,23,Central,Jaipur,09-12-2024
10274,Customer_10274,Female,27,North,Pune,23-07-2025
10275,Customer_10275,Male,32,Central,Mumbai,31-03-2024
10276,Customer_10276,Male,19,East,Pune,08-10-2025
10277,Customer_10277,Male,44,East,Jaipur,17-06-2024
10278,Customer_10278,Female,41,West,Lucknow,29-11-2024
10279,Customer_10279,Other,38,South,Lucknow,25-09-2025
10280,Customer_10280,Female,30,South,Kochi,23-08-2024
10281,Customer_10281,Male,46,South,Kolkata,02-02-2025
10282,Customer_10282,Male,38,South,Delhi,10-08-2025
10283,Customer_10283,Female,44,Central,Delhi,21-04-2025
10284,Customer_10284,Female,44,West,Hyderabad,18-06-2025
10285,Customer_10285,Male,29,North,Mumbai,07-08-2025
10286,Customer_10286,Female,25,North,Indore,28-03-2024
10287,Customer_10287,Male,24,South,Jaipur,06-09-2025
10288,Customer_10288,Female,35,North,Hyderabad,28-08-2025
10289,Customer_10289,Male,18,East,Bengaluru,09-09-2024
10290,Customer_10290,Other,23,North,Bengaluru,23-12-2024
10291,Customer_10291,Female,27,East,Ahmedabad,27-02-2024
10292,Customer_10292,Male,28,North,Pune,02-02-2025
10293,Customer_10293,Female,40,South,Kolkata,04-06-2025
10294,Customer_10294,Male,20,West,Lucknow,08-06-2025
10295,Customer_10295,Male,18,East,Delhi,20-02-2025
10296,Customer_10296,Male,18,Central,Lucknow,27-01-2025
10297,Customer_10297,Female,39,Central,Delhi,04-10-2025
10298,Customer_10298,Male,28,South,Delhi,09-08-2024
10299,Customer_10299,Female,28,North,Indore,24-11-2024
10300,Customer_10300,Female,51,West,Pune,06-01-2025
10301,Customer_10301,Female,38,Central,Indore,25-05-2025
10302,Customer_10302,Male,27,West,Indore,01-06-2024
10303,Customer_10303,Male,20,North,Delhi,24-04-2025
10304,Customer_10304,Male,53,Central,Hyderabad,05-08-2025
10305,Customer_10305,Male,36,South,Hyderabad,20-01-2024
10306,Customer_10306,Female,30,West,Ahmedabad,15-08-2025
10307,Customer_10307,Female,36,Central,Bengaluru,15-08-2024
10308,Customer_10308,Male,30,South,Indore,11-12-2024
10309,Customer_10309,Female,39,Central,Jaipur,19-01-2024
10310,Customer_10310,Male,18,South,Kochi,19-03-2025
10311,Customer_10311,Male,30,Central,Ahmedabad,07-11-2025
10312,Customer_10312,Female,23,South,Hyderabad,02-01-2025
10313,Customer_10313,Female,33,Central,Kochi,10-09-2025
10314,Customer_10314,Female,24,North,Lucknow,26-12-2025
10315,Customer_10315,Female,28,West,Ahmedabad,26-05-2024
10316,Customer_10316,Male,28,East,Jaipur,23-11-2025
10317,Customer_10317,Female,37,East,Delhi,18-05-2025
10318,Customer_10318,Female,30,South,Kolkata,05-03-2025
10319,Customer_10319,Female,24,West,Delhi,15-03-2025
10320,Customer_10320,Female,38,North,Mumbai,16-07-2024
10321,Customer_10321,Male,55,East,Lucknow,13-10-2024
10322,Customer_10322,Female,30,South,Hyderabad,18-07-2025
10323,Customer_10323,Male,47,Central,Bengaluru,03-01-2025
10324,Customer_10324,Female,19,North,Kolkata,27-08-2024
10325,Customer_10325,Female,26,North,Pune,13-10-2024
10326,Customer_10326,Male,47,South,Ahmedabad,30-11-2025
10327,Customer_10327,Other,36,South,Lucknow,29-01-2025
10328,Customer_10328,Male,27,South,Mumbai,01-06-2025
10329,Customer_10329,Male,42,East,Pune,14-07-2025
10330,Customer_10330,Female,24,Central,Indore,12-12-2025
10331,Customer_10331,Male,35,West,Pune,29-02-2024
10332,Customer_10332,Male,43,East,Indore,28-06-2025
10333,Customer_10333,Female,38,North,Bengaluru,29-10-2024
10334,Customer_10334,Female,59,West,Hyderabad,31-08-2024
10335,Customer_10335,Female,28,North,Bengaluru,14-11-2025
10336,Customer_10336,Female,41,West,Jaipur,25-07-2024
10337,Customer_10337,Female,43,South,Pune,09-01-2025
10338,Customer_10338,Female,32,South,Mumbai,09-10-2024
10339,Customer_10339,Female,25,South,Kochi,22-04-2025
10340,Customer_10340,Male,46,Central,Kolkata,22-01-2024
10341,Customer_10341,Female,29,North,Hyderabad,12-07-2025
10342,Customer_10342,Male,40,East,Ahmedabad,14-12-2024
10343,Customer_10343,Male,38,North,Kochi,03-05-2025
10344,Customer_10344,Female,35,West,Kolkata,31-10-2025
10345,Customer_10345,Female,47,Central,Mumbai,14-09-2024
10346,Customer_10346,Male,37,South,Delhi,16-10-2025
10347,Customer_10347,Male,40,East,Lucknow,16-02-2024
10348,Customer_10348,Male,38,Central,Kolkata,27-01-2024
10349,Customer_10349,Male,35,East,Delhi,27-01-2024
10350,Customer_10350,Male,30,East,Chennai,31-01-2025
10351,Customer_10351,Female,34,East,Indore,24-05-2024
10352,Customer_10352,Male,40,West,Hyderabad,09-08-2025
10353,Customer_10353,Male,39,North,Chennai,29-11-2025
10354,Customer_10354,Female,40,West,Kochi,05-06-2025
10355,Customer_10355,Female,70,South,Kochi,30-04-2024
10356,Customer_10356,Male,29,North,Indore,06-04-2025
10357,Customer_10357,Female,18,West,Delhi,07-11-2025
10358,Customer_10358,Male,30,South,Mumbai,16-01-2025
10359,Customer_10359,Female,30,North,Indore,03-11-2025
10360,Customer_10360,Male,38,West,Jaipur,21-02-2025
10361,Customer_10361,Female,31,Central,Hyderabad,22-11-2024
10362,Customer_10362,Female,41,Central,Kochi,25-01-2025
10363,Customer_10363,Female,26,Central,Chennai,23-10-2024
10364,Customer_10364,Male,40,Central,Kochi,21-09-2025
10365,Customer_10365,Female,19,North,Bengaluru,24-03-2024
10366,Customer_10366,Male,34,South,Chennai,25-05-2024
10367,Customer_10367,Male,26,West,Chennai,19-06-2024
10368,Customer_10368,Male,30,South,Kochi,29-11-2024
10369,Customer_10369,Female,18,East,Lucknow,27-02-2025
10370,Customer_10370,Male,43,East,Hyderabad,04-11-2024
10371,Customer_10371,Other,30,South,Delhi,09-06-2025
10372,Customer_10372,Male,33,Central,Kolkata,22-10-2025
10373,Customer_10373,Female,38,East,Hyderabad,22-07-2025
10374,Customer_10374,Male,27,East,Indore,12-12-2024
10375,Customer_10375,Male,29,Central,Kochi,28-10-2024
10376,Customer_10376,Male,18,East,Bengaluru,12-12-2024
10377,Customer_10377,Other,31,North,Delhi,11-02-2025
10378,Customer_10378,Male,49,East,Kochi,12-05-2024
10379,Customer_10379,Female,37,West,Bengaluru,12-11-2025
10380,Customer_10380,Male,19,West,Bengaluru,05-09-2025
10381,Customer_10381,Female,38,West,Hyderabad,15-04-2024
10382,Customer_10382,Male,47,West,Bengaluru,19-06-2024
10383,Customer_10383,Male,24,South,Mumbai,01-10-2025
10384,Customer_10384,Female,32,Central,Delhi,06-09-2024
10385,Customer_10385,Male,32,Central,Hyderabad,27-06-2025
10386,Customer_10386,Male,35,North,Hyderabad,28-12-2025
10387,Customer_10387,Male,35,North,Kolkata,18-09-2024
10388,Customer_10388,Female,40,Central,Chennai,08-05-2025
10389,Customer_10389,Male,33,Central,Kolkata,31-08-2024
10390,Customer_10390,Male,46,Central,Kochi,26-03-2025
10391,Customer_10391,Female,18,Central,Jaipur,16-10-2024
10392,Customer_10392,Male,23,East,Hyderabad,19-09-2024
10393,Customer_10393,Female,49,West,Ahmedabad,09-11-2024
10394,Customer_10394,Female,29,East,Kochi,25-03-2024
10395,Customer_10395,Female,40,North,Delhi,18-02-2025
10396,Customer_10396,Male,33,West,Jaipur,24-11-2024
10397,Customer_10397,Female,43,East,Bengaluru,14-02-2024
10398,Customer_10398,Male,38,West,Jaipur,28-11-2024
10399,Customer_10399,Male,60,East,Ahmedabad,09-04-2025
10400,Customer_10400,Female,34,East,Pune,18-07-2024
10401,Customer_10401,Male,30,North,Chennai,19-07-2024
10402,Customer_10402,Male,47,South,Mumbai,24-11-2024
10403,Customer_10403,Female,41,North,Hyderabad,10-11-2025
10404,Customer_10404,Male,26,North,Pune,27-08-2024
10405,Customer_10405,Male,43,Central,Kochi,02-12-2025
10406,Customer_10406,Male,36,North,Chennai,05-08-2025
10407,Customer_10407,Male,35,South,Ahmedabad,18-10-2025
10408,Customer_10408,Male,38,East,Hyderabad,24-12-2024
10409,Customer_10409,Male,42,East,Kochi,21-12-2025
10410,Customer_10410,Male,36,North,Hyderabad,25-12-2024
10411,Customer_10411,Female,31,West,Kolkata,12-01-2025
10412,Customer_10412,Male,55,West,Ahmedabad,19-01-2025
10413,Customer_10413,Female,34,South,Kochi,20-12-2025
10414,Customer_10414,Female,47,South,Indore,09-04-2025
10415,Customer_10415,Male,28,Central,Hyderabad,09-08-2024
10416,Customer_10416,Male,26,West,Jaipur,05-11-2025
10417,Customer_10417,Female,44,West,Kolkata,30-12-2024
10418,Customer_10418,Male,31,North,Kolkata,12-03-2024
10419,Customer_10419,Female,18,South,Ahmedabad,27-08-2024
10420,Customer_10420,Male,32,East,Ahmedabad,18-05-2025
10421,Customer_10421,Male,39,North,Hyderabad,17-02-2025
10422,Customer_10422,Male,27,South,Delhi,06-05-2024
10423,Customer_10423,Male,26,East,Lucknow,01-05-2025
10424,Customer_10424,Male,36,South,Jaipur,19-08-2025
10425,Customer_10425,Male,23,West,Mumbai,10-06-2025
10426,Customer_10426,Male,37,West,Pune,04-09-2024
10427,Customer_10427,Female,44,South,Delhi,26-04-2025
10428,Customer_10428,Male,47,West,Hyderabad,07-11-2024
10429,Customer_10429,Female,27,North,Mumbai,19-03-2025
10430,Customer_10430,Male,52,West,Mumbai,09-10-2024
10431,Customer_10431,Male,40,North,Mumbai,02-01-2024
10432,Customer_10432,Male,27,North,Lucknow,14-03-2024
10433,Customer_10433,Female,30,West,Pune,04-03-2024
10434,Customer_10434,Female,27,East,Jaipur,12-12-2024
10435,Customer_10435,Male,18,Central,Kolkata,19-11-2024
10436,Customer_10436,Male,48,South,Kolkata,26-08-2024
10437,Customer_10437,Other,36,South,Hyderabad,31-01-2025
10438,Customer_10438,Female,40,East,Jaipur,02-12-2024
10439,Customer_10439,Male,35,East,Delhi,06-12-2024
10440,Customer_10440,Female,19,South,Ahmedabad,05-10-2024
10441,Customer_10441,Male,37,West,Indore,18-12-2024
10442,Customer_10442,Male,44,West,Hyderabad,07-04-2025
10443,Customer_10443,Female,43,Central,Ahmedabad,06-04-2025
10444,Customer_10444,Female,45,Central,Jaipur,13-12-2025
10445,Customer_10445,Male,35,South,Chennai,19-10-2024
10446,Customer_10446,Female,18,West,Kolkata,10-02-2025
10447,Customer_10447,Female,41,South,Lucknow,10-06-2024
10448,Customer_10448,Male,35,West,Kochi,17-05-2025
10449,Customer_10449,Male,54,East,Bengaluru,23-03-2025
10450,Customer_10450,Male,53,Central,Hyderabad,25-11-2025
10451,Customer_10451,Male,45,West,Indore,30-03-2025
10452,Customer_10452,Female,20,Central,Lucknow,21-09-2024
10453,Customer_10453,Male,23,West,Pune,11-05-2024
10454,Customer_10454,Male,39,Central,Jaipur,29-04-2024
10455,Customer_10455,Female,22,West,Indore,06-08-2024
10456,Customer_10456,Other,43,East,Hyderabad,20-02-2025
10457,Customer_10457,Female,43,South,Kochi,02-11-2025
10458,Customer_10458,Female,50,South,Hyderabad,19-05-2025
10459,Customer_10459,Female,45,North,Delhi,26-10-2024
10460,Customer_10460,Female,30,East,Kochi,18-04-2024
10461,Customer_10461,Male,33,East,Pune,25-08-2024
10462,Customer_10462,Male,26,East,Jaipur,19-10-2024
10463,Customer_10463,Female,37,Central,Bengaluru,01-08-2025
10464,Customer_10464,Male,18,Central,Chennai,05-07-2024
10465,Customer_10465,Male,31,North,Kolkata,05-02-2024
10466,Customer_10466,Female,41,South,Indore,14-07-2025
10467,Customer_10467,Male,40,South,Delhi,12-09-2024
10468,Customer_10468,Male,43,South,Pune,10-03-2025
10469,Customer_10469,Male,23,West,Pune,10-09-2025
10470,Customer_10470,Male,21,East,Delhi,08-01-2024
10471,Customer_10471,Female,40,East,Delhi,26-06-2024
10472,Customer_10472,Female,24,Central,Jaipur,29-08-2024
10473,Customer_10473,Female,22,West,Lucknow,10-02-2024
10474,Customer_10474,Male,36,North,Hyderabad,22-12-2024
10475,Customer_10475,Female,34,West,Chennai,22-04-2024
10476,Customer_10476,Female,58,South,Lucknow,14-06-2024
10477,Customer_10477,Male,38,South,Jaipur,18-05-2025
10478,Customer_10478,Male,36,North,Jaipur,18-03-2024
10479,Customer_10479,Female,28,East,Jaipur,19-12-2025
10480,Customer_10480,Female,42,South,Bengaluru,14-07-2024
10481,Customer_10481,Female,34,South,Kolkata,05-02-2025
10482,Customer_10482,Male,29,West,Kochi,04-03-2024
10483,Customer_10483,Male,32,West,Ahmedabad,13-10-2025
10484,Customer_10484,Female,31,South,Hyderabad,28-02-2025
10485,Customer_10485,Male,33,North,Bengaluru,11-02-2024
10486,Customer_10486,Male,57,West,Hyderabad,07-01-2025
10487,Customer_10487,Male,40,North,Jaipur,01-11-2024
10488,Customer_10488,Male,32,Central,Kochi,27-07-2024
10489,Customer_10489,Male,33,East,Lucknow,11-04-2025
10490,Customer_10490,Female,20,South,Chennai,30-10-2024
10491,Customer_10491,Other,18,South,Delhi,07-08-2025
10492,Customer_10492,Male,41,North,Ahmedabad,26-01-2025
10493,Customer_10493,Male,41,South,Mumbai,01-06-2024
10494,Customer_10494,Female,38,North,Ahmedabad,08-10-2025
10495,Customer_10495,Male,49,East,Mumbai,27-12-2024
10496,Customer_10496,Female,36,North,Pune,20-09-2024
10497,Customer_10497,Male,42,East,Delhi,03-08-2024
10498,Customer_10498,Other,33,East,Ahmedabad,21-12-2025
10499,Customer_10499,Male,18,South,Kolkata,16-12-2025
10500,Customer_10500,Female,46,North,Indore,13-09-2025
10501,Customer_10501,Female,24,North,Chennai,26-06-2025
10502,Customer_10502,Female,37,North,Mumbai,07-06-2025
10503,Customer_10503,Female,27,West,Chennai,30-09-2025
10504,Customer_10504,Female,37,South,Delhi,12-07-2024
10505,Customer_10505,Female,51,West,Ahmedabad,13-10-2025
10506,Customer_10506,Female,40,South,Lucknow,27-01-2024
10507,Customer_10507,Female,42,East,Chennai,15-02-2024
10508,Customer_10508,Male,32,East,Kochi,08-10-2025
10509,Customer_10509,Male,31,West,Kochi,27-02-2024
10510,Customer_10510,Male,31,South,Chennai,13-01-2024
10511,Customer_10511,Male,42,North,Bengaluru,03-09-2025
10512,Customer_10512,Female,34,East,Jaipur,18-02-2024
10513,Customer_10513,Male,41,South,Pune,03-04-2024
10514,Customer_10514,Female,32,South,Lucknow,29-08-2025
10515,Customer_10515,Female,44,West,Hyderabad,18-10-2025
10516,Customer_10516,Female,41,East,Mumbai,06-08-2025
10517,Customer_10517,Female,35,East,Delhi,26-03-2025
10518,Customer_10518,Male,41,East,Kochi,13-01-2025
10519,Customer_10519,Female,44,West,Kochi,10-01-2024
10520,Customer_10520,Male,53,West,Bengaluru,04-11-2025
10521,Customer_10521,Female,27,East,Lucknow,26-12-2025
10522,Customer_10522,Male,43,West,Kochi,30-05-2025
10523,Customer_10523,Male,41,Central,Delhi,11-08-2024
10524,Customer_10524,Female,43,South,Bengaluru,15-01-2025
10525,Customer_10525,Female,29,South,Pune,24-06-2025
10526,Customer_10526,Male,35,West,Kochi,28-10-2024
10527,Customer_10527,Female,29,East,Jaipur,21-07-2024
10528,Customer_10528,Male,38,North,Hyderabad,11-08-2025
10529,Customer_10529,Male,25,Central,Chennai,24-07-2025
10530,Customer_10530,Female,48,North,Jaipur,14-07-2024
10531,Customer_10531,Female,35,West,Lucknow,17-11-2024
10532,Customer_10532,Female,51,West,Kolkata,21-02-2025
10533,Customer_10533,Female,27,Central,Lucknow,10-09-2025
10534,Customer_10534,Female,36,North,Pune,07-12-2024
10535,Customer_10535,Male,35,East,Kolkata,23-01-2025
10536,Customer_10536,Male,41,South,Jaipur,09-01-2024
10537,Customer_10537,Male,42,South,Mumbai,15-06-2025
10538,Customer_10538,Female,21,North,Ahmedabad,28-05-2024
10539,Customer_10539,Male,46,East,Hyderabad,17-01-2025
10540,Customer_10540,Male,43,East,Kochi,12-06-2025
10541,Customer_10541,Female,19,North,Pune,12-01-2024
10542,Customer_10542,Male,48,East,Jaipur,20-04-2025
10543,Customer_10543,Female,21,West,Hyderabad,16-08-2025
10544,Customer_10544,Male,37,West,Chennai,01-08-2025
10545,Customer_10545,Female,31,Central,Ahmedabad,06-10-2025
10546,Customer_10546,Male,32,South,Kochi,22-02-2024
10547,Customer_10547,Male,31,Central,Lucknow,11-03-2025
10548,Customer_10548,Female,39,Central,Pune,24-07-2024
10549,Customer_10549,Female,25,South,Pune,23-02-2024
10550,Customer_10550,Male,43,North,Mumbai,02-08-2025
10551,Customer_10551,Male,39,South,Ahmedabad,04-05-2025
10552,Customer_10552,Male,32,South,Hyderabad,09-12-2024
10553,Customer_10553,Male,43,East,Indore,17-06-2024
10554,Customer_10554,Male,29,East,Delhi,09-06-2024
10555,Customer_10555,Female,34,West,Ahmedabad,10-06-2025
10556,Customer_10556,Male,19,East,Pune,03-12-2025
10557,Customer_10557,Male,28,North,Lucknow,10-06-2025
10558,Customer_10558,Female,25,Central,Jaipur,13-10-2024
10559,Customer_10559,Male,18,South,Hyderabad,15-02-2025
10560,Customer_10560,Female,32,Central,Bengaluru,05-06-2025
10561,Customer_10561,Female,33,North,Indore,22-07-2025
10562,Customer_10562,Male,37,Central,Hyderabad,17-07-2024
10563,Customer_10563,Male,40,North,Lucknow,09-06-2024
10564,Customer_10564,Male,32,South,Delhi,23-01-2025
10565,Customer_10565,Female,39,North,Jaipur,18-04-2025
10566,Customer_10566,Female,43,West,Delhi,15-01-2025
10567,Customer_10567,Female,45,Central,Jaipur,22-09-2025
10568,Customer_10568,Other,40,South,Pune,14-08-2025
10569,Customer_10569,Female,39,Central,Chennai,03-05-2024
10570,Customer_10570,Female,24,East,Kochi,12-03-2024
10571,Customer_10571,Male,42,West,Delhi,16-06-2024
10572,Customer_10572,Male,24,West,Kochi,10-10-2024
10573,Customer_10573,Male,37,South,Bengaluru,08-05-2025
10574,Customer_10574,Female,41,South,Ahmedabad,05-02-2024
10575,Customer_10575,Male,38,Central,Mumbai,23-06-2024
10576,Customer_10576,Female,18,Central,Hyderabad,17-07-2024
10577,Customer_10577,Female,42,Central,Lucknow,25-04-2024
10578,Customer_10578,Male,49,Central,Kochi,10-11-2024
10579,Customer_10579,Female,18,North,Kolkata,07-08-2024
10580,Customer_10580,Male,36,West,Ahmedabad,31-07-2025
10581,Customer_10581,Male,32,South,Kolkata,13-05-2024
10582,Customer_10582,Female,34,Central,Delhi,22-09-2025
10583,Customer_10583,Female,47,East,Ahmedabad,01-05-2024
10584,Customer_10584,Male,36,East,Kochi,24-02-2025
10585,Customer_10585,Male,24,East,Delhi,06-05-2025
10586,Customer_10586,Male,27,South,Indore,21-08-2025
10587,Customer_10587,Male,26,North,Chennai,15-10-2024
10588,Customer_10588,Other,18,Central,Ahmedabad,10-10-2025
10589,Customer_10589,Male,29,West,Bengaluru,22-02-2024
10590,Customer_10590,Female,41,North,Kochi,23-07-2024
10591,Customer_10591,Female,37,West,Ahmedabad,13-12-2024
10592,Customer_10592,Male,36,East,Chennai,20-02-2024
10593,Customer_10593,Male,31,South,Chennai,09-02-2024
10594,Customer_10594,Female,33,South,Kolkata,06-09-2024
10595,Customer_10595,Male,39,Central,Delhi,05-08-2024
10596,Customer_10596,Female,42,West,Mumbai,27-06-2024
10597,Customer_10597,Male,37,East,Pune,04-07-2025
10598,Customer_10598,Male,23,East,Pune,01-07-2024
10599,Customer_10599,Male,30,North,Kochi,12-06-2024
10600,Customer_10600,Male,38,East,Indore,11-01-2025
10601,Customer_10601,Female,27,North,Pune,05-12-2025
10602,Customer_10602,Other,28,North,Kolkata,11-05-2025
10603,Customer_10603,Male,41,West,Delhi,19-08-2025
10604,Customer_10604,Male,42,Central,Mumbai,05-04-2025
10605,Customer_10605,Male,24,South,Mumbai,18-04-2025
10606,Customer_10606,Male,20,North,Mumbai,15-11-2025
10607,Customer_10607,Female,22,West,Bengaluru,06-02-2024
10608,Customer_10608,Female,41,Central,Pune,21-08-2025
10609,Customer_10609,Male,26,West,Hyderabad,02-10-2025
10610,Customer_10610,Female,29,Central,Pune,06-12-2025
10611,Customer_10611,Female,22,East,Ahmedabad,14-11-2024
10612,Customer_10612,Male,34,West,Pune,08-07-2025
10613,Customer_10613,Female,32,North,Bengaluru,15-02-2025
10614,Customer_10614,Male,38,South,Kolkata,21-12-2024
10615,Customer_10615,Female,37,South,Indore,01-11-2025
10616,Customer_10616,Male,18,East,Mumbai,08-09-2025
10617,Customer_10617,Male,38,Central,Jaipur,16-08-2024
10618,Customer_10618,Female,33,Central,Indore,29-12-2025
10619,Customer_10619,Female,46,North,Lucknow,20-09-2024
10620,Customer_10620,Female,26,North,Ahmedabad,01-05-2025
10621,Customer_10621,Male,39,South,Pune,14-07-2025
10622,Customer_10622,Female,35,South,Hyderabad,17-12-2024
10623,Customer_10623,Male,25,East,Bengaluru,17-03-2025
10624,Customer_10624,Female,45,Central,Indore,26-09-2025
10625,Customer_10625,Female,38,Central,Ahmedabad,03-04-2025
10626,Customer_10626,Male,31,West,Pune,25-01-2024
10627,Customer_10627,Male,25,West,Hyderabad,10-05-2024
10628,Customer_10628,Female,46,East,Jaipur,04-01-2025
10629,Customer_10629,Female,43,North,Ahmedabad,11-03-2025
10630,Customer_10630,Other,34,East,Bengaluru,11-08-2024
10631,Customer_10631,Male,34,East,Kochi,02-09-2025
10632,Customer_10632,Female,23,West,Indore,17-12-2024
10633,Customer_10633,Female,48,South,Chennai,29-04-2025
10634,Customer_10634,Female,23,South,Mumbai,15-07-2024
10635,Customer_10635,Female,43,South,Hyderabad,18-04-2024
10636,Customer_10636,Male,54,Central,Kolkata,07-08-2024
10637,Customer_10637,Female,26,South,Jaipur,20-12-2025
10638,Customer_10638,Female,29,West,Indore,14-11-2024
10639,Customer_10639,Male,26,West,Lucknow,22-03-2024
10640,Customer_10640,Male,46,South,Kolkata,20-06-2025
10641,Customer_10641,Female,35,East,Mumbai,28-11-2025
10642,Customer_10642,Male,19,Central,Pune,07-03-2025
10643,Customer_10643,Male,23,East,Mumbai,08-01-2024
10644,Customer_10644,Female,41,Central,Delhi,27-09-2025
10645,Customer_10645,Male,27,South,Hyderabad,28-05-2024
10646,Customer_10646,Male,18,North,Bengaluru,07-04-2024
10647,Customer_10647,Female,40,Central,Hyderabad,28-12-2025
10648,Customer_10648,Male,38,West,Kochi,10-04-2024
10649,Customer_10649,Female,26,Central,Bengaluru,30-12-2025
10650,Customer_10650,Male,30,West,Delhi,01-01-2025
10651,Customer_10651,Female,31,Central,Pune,06-04-2025
10652,Customer_10652,Male,32,West,Lucknow,17-02-2025
10653,Customer_10653,Male,48,West,Indore,15-09-2024
10654,Customer_10654,Female,41,East,Ahmedabad,21-12-2024
10655,Customer_10655,Male,40,South,Kochi,11-01-2024
10656,Customer_10656,Female,33,Central,Jaipur,19-02-2025
10657,Customer_10657,Female,26,South,Kochi,24-07-2025
10658,Customer_10658,Female,48,East,Kolkata,06-09-2024
10659,Customer_10659,Male,34,South,Delhi,13-10-2025
10660,Customer_10660,Female,24,East,Kolkata,03-07-2025
10661,Customer_10661,Male,64,East,Hyderabad,01-05-2024
10662,Customer_10662,Male,36,North,Lucknow,05-03-2024
10663,Customer_10663,Male,23,Central,Indore,19-10-2025
10664,Customer_10664,Female,43,South,Kochi,28-10-2024
10665,Customer_10665,Female,44,East,Lucknow,04-05-2024
10666,Customer_10666,Male,30,North,Lucknow,07-11-2024
10667,Customer_10667,Female,25,North,Pune,09-07-2024
10668,Customer_10668,Female,31,South,Hyderabad,25-03-2025
10669,Customer_10669,Male,41,West,Ahmedabad,24-11-2025
10670,Customer_10670,Female,42,North,Delhi,07-06-2024
10671,Customer_10671,Male,28,Central,Ahmedabad,18-12-2024
10672,Customer_10672,Female,48,South,Ahmedabad,04-11-2025
10673,Customer_10673,Female,19,North,Bengaluru,19-09-2024
10674,Customer_10674,Male,28,North,Pune,29-12-2025
10675,Customer_10675,Female,33,North,Kochi,09-02-2025
10676,Customer_10676,Male,31,West,Delhi,23-11-2025
10677,Customer_10677,Female,29,Central,Mumbai,25-08-2025
10678,Customer_10678,Male,47,East,Jaipur,17-01-2024
10679,Customer_10679,Female,33,North,Indore,28-09-2025
10680,Customer_10680,Female,38,South,Kochi,16-09-2024
10681,Customer_10681,Female,37,East,Indore,20-12-2024
10682,Customer_10682,Male,38,Central,Jaipur,03-05-2025
10683,Customer_10683,Female,32,South,Bengaluru,01-08-2024
10684,Customer_10684,Male,18,West,Chennai,26-08-2024
10685,Customer_10685,Male,43,South,Kochi,28-06-2024
10686,Customer_10686,Male,33,South,Kochi,22-02-2025
10687,Customer_10687,Female,29,East,Kolkata,14-11-2025
10688,Customer_10688,Male,29,North,Jaipur,22-05-2024
10689,Customer_10689,Female,37,West,Ahmedabad,12-11-2024
10690,Customer_10690,Female,29,South,Kochi,31-08-2024
10691,Customer_10691,Female,32,West,Delhi,19-08-2024
10692,Customer_10692,Male,41,North,Mumbai,14-11-2025
10693,Customer_10693,Female,36,Central,Hyderabad,11-08-2025
10694,Customer_10694,Male,25,North,Hyderabad,29-10-2024
10695,Customer_10695,Female,40,Central,Jaipur,26-11-2024
10696,Customer_10696,Female,31,West,Delhi,14-07-2025
10697,Customer_10697,Female,42,Central,Ahmedabad,04-09-2024
10698,Customer_10698,Female,30,East,Delhi,09-10-2024
10699,Customer_10699,Male,35,West,Indore,13-10-2024
10700,Customer_10700,Male,40,South,Pune,01-02-2024
10701,Customer_10701,Male,25,North,Delhi,14-05-2025
10702,Customer_10702,Male,41,South,Bengaluru,31-10-2025
10703,Customer_10703,Female,51,North,Hyderabad,13-06-2025
10704,Customer_10704,Male,39,Central,Ahmedabad,15-01-2025
10705,Customer_10705,Female,36,North,Pune,03-03-2024
10706,Customer_10706,Female,43,East,Hyderabad,07-05-2024
10707,Customer_10707,Female,42,East,Chennai,11-06-2025
10708,Customer_10708,Female,35,East,Mumbai,11-06-2024
10709,Customer_10709,Male,25,West,Bengaluru,07-09-2024
10710,Customer_10710,Male,27,North,Mumbai,10-10-2025
10711,Customer_10711,Female,30,East,Bengaluru,21-10-2024
10712,Customer_10712,Male,21,South,Kochi,27-06-2024
10713,Customer_10713,Male,48,Central,Bengaluru,16-08-2024
10714,Customer_10714,Female,25,West,Hyderabad,28-01-2025
10715,Customer_10715,Female,33,Central,Mumbai,22-11-2025
10716,Customer_10716,Female,25,North,Mumbai,30-01-2025
10717,Customer_10717,Male,40,South,Delhi,12-03-2024
10718,Customer_10718,Female,44,North,Mumbai,13-11-2024
10719,Customer_10719,Female,21,North,Ahmedabad,17-08-2025
10720,Customer_10720,Female,41,South,Indore,13-01-2025
10721,Customer_10721,Male,22,West,Delhi,15-05-2024
10722,Customer_10722,Female,30,South,Kochi,30-12-2025
10723,Customer_10723,Female,61,East,Hyderabad,12-09-2025
10724,Customer_10724,Female,37,Central,Bengaluru,12-01-2025
10725,Customer_10725,Male,43,West,Kolkata,28-04-2024
10726,Customer_10726,Female,37,South,Pune,13-06-2025
10727,Customer_10727,Female,32,South,Jaipur,27-10-2025
10728,Customer_10728,Female,28,East,Pune,06-06-2025
10729,Customer_10729,Male,49,North,Bengaluru,11-10-2025
10730,Customer_10730,Male,53,West,Ahmedabad,21-01-2025
10731,Customer_10731,Male,35,South,Jaipur,27-07-2025
10732,Customer_10732,Female,46,Central,Chennai,05-08-2025
10733,Customer_10733,Female,43,West,Pune,26-07-2025
10734,Customer_10734,Male,32,East,Delhi,05-10-2025
10735,Customer_10735,Female,35,South,Lucknow,26-07-2025
10736,Customer_10736,Female,30,North,Bengaluru,25-09-2024
10737,Customer_10737,Male,54,West,Indore,07-06-2025
10738,Customer_10738,Male,42,East,Chennai,30-06-2025
10739,Customer_10739,Male,34,South,Chennai,30-04-2025
10740,Customer_10740,Female,29,North,Hyderabad,13-03-2025
10741,Customer_10741,Male,39,North,Indore,16-07-2025
10742,Customer_10742,Female,21,West,Chennai,08-07-2025
10743,Customer_10743,Female,26,South,Hyderabad,20-04-2024
10744,Customer_10744,Male,32,East,Mumbai,17-11-2024
10745,Customer_10745,Male,30,East,Lucknow,10-06-2025
10746,Customer_10746,Female,32,East,Jaipur,25-06-2024
10747,Customer_10747,Male,41,Central,Delhi,04-11-2025
10748,Customer_10748,Female,53,Central,Jaipur,04-07-2025
10749,Customer_10749,Female,41,East,Pune,21-06-2025
10750,Customer_10750,Male,32,North,Hyderabad,15-09-2025
10751,Customer_10751,Female,44,South,Indore,17-04-2025
10752,Customer_10752,Female,34,East,Mumbai,16-07-2025
10753,Customer_10753,Male,18,East,Mumbai,22-01-2025
10754,Customer_10754,Male,46,West,Delhi,07-04-2024
10755,Customer_10755,Female,22,North,Kochi,14-02-2025
10756,Customer_10756,Male,35,West,Delhi,09-01-2025
10757,Customer_10757,Male,26,North,Ahmedabad,18-06-2024
10758,Customer_10758,Female,23,West,Mumbai,25-02-2024
10759,Customer_10759,Female,30,South,Lucknow,20-11-2024
10760,Customer_10760,Female,18,West,Delhi,19-10-2025
10761,Customer_10761,Male,27,North,Indore,16-09-2024
10762,Customer_10762,Male,38,South,Indore,02-10-2025
10763,Customer_10763,Female,38,West,Mumbai,15-07-2025
10764,Customer_10764,Female,18,South,Kolkata,05-12-2024
10765,Customer_10765,Female,44,West,Pune,07-02-2025
10766,Customer_10766,Male,58,West,Hyderabad,15-06-2025
10767,Customer_10767,Male,51,East,Kochi,22-06-2024
10768,Customer_10768,Female,29,South,Hyderabad,21-06-2025
10769,Customer_10769,Female,27,East,Pune,08-06-2024
10770,Customer_10770,Male,25,East,Mumbai,10-01-2024
10771,Customer_10771,Male,52,East,Jaipur,16-08-2025
10772,Customer_10772,Female,29,West,Indore,12-09-2024
10773,Customer_10773,Other,27,South,Indore,08-09-2025
10774,Customer_10774,Male,42,North,Bengaluru,13-10-2025
10775,Customer_10775,Male,45,South,Indore,14-12-2025
10776,Customer_10776,Male,44,North,Mumbai,09-12-2024
10777,Customer_10777,Male,23,South,Jaipur,19-06-2025
10778,Customer_10778,Male,39,West,Indore,07-01-2025
10779,Customer_10779,Male,49,West,Pune,10-03-2025
10780,Customer_10780,Female,34,North,Hyderabad,15-02-2024
10781,Customer_10781,Female,37,Central,Bengaluru,29-12-2025
10782,Customer_10782,Female,36,East,Kolkata,24-02-2024
10783,Customer_10783,Female,31,Central,Pune,18-03-2024
10784,Customer_10784,Male,39,West,Hyderabad,05-05-2025
10785,Customer_10785,Male,43,West,Kochi,01-11-2025
10786,Customer_10786,Female,47,North,Bengaluru,28-09-2024
10787,Customer_10787,Female,33,South,Pune,21-10-2025
10788,Customer_10788,Male,35,North,Indore,03-07-2025
10789,Customer_10789,Male,29,West,Pune,20-04-2024
10790,Customer_10790,Female,50,South,Pune,15-01-2024
10791,Customer_10791,Male,30,West,Jaipur,18-03-2024
10792,Customer_10792,Male,33,South,Bengaluru,15-05-2025
10793,Customer_10793,Female,35,West,Kochi,10-08-2025
10794,Customer_10794,Female,36,North,Kochi,21-02-2025
10795,Customer_10795,Female,19,North,Lucknow,01-10-2024
10796,Customer_10796,Male,39,South,Jaipur,08-05-2025
10797,Customer_10797,Female,38,South,Jaipur,15-07-2024
10798,Customer_10798,Female,36,South,Kochi,10-01-2025
10799,Customer_10799,Female,38,West,Jaipur,03-03-2024
10800,Customer_10800,Male,33,North,Jaipur,26-12-2024
10801,Customer_10801,Female,20,South,Mumbai,27-06-2025
10802,Customer_10802,Male,45,West,Kochi,19-04-2024
10803,Customer_10803,Male,19,North,Jaipur,07-11-2025
10804,Customer_10804,Male,25,Central,Kochi,12-07-2024
10805,Customer_10805,Female,46,Central,Jaipur,02-06-2025
10806,Customer_10806,Female,20,North,Mumbai,12-10-2025
10807,Customer_10807,Female,32,South,Delhi,03-04-2025
10808,Customer_10808,Male,52,South,Delhi,27-10-2024
10809,Customer_10809,Female,35,West,Delhi,21-07-2025
10810,Customer_10810,Male,20,East,Kolkata,02-11-2025
10811,Customer_10811,Male,42,West,Chennai,10-05-2025
10812,Customer_10812,Female,38,West,Kolkata,28-05-2024
10813,Customer_10813,Male,35,North,Pune,05-04-2025
10814,Customer_10814,Female,18,West,Kolkata,18-05-2024
10815,Customer_10815,Male,47,West,Ahmedabad,18-10-2024
10816,Customer_10816,Male,52,East,Pune,30-11-2024
10817,Customer_10817,Male,34,Central,Jaipur,29-11-2025
10818,Customer_10818,Male,27,West,Delhi,02-07-2024
10819,Customer_10819,Male,39,North,Indore,02-11-2024
10820,Customer_10820,Male,39,South,Chennai,18-09-2024
10821,Customer_10821,Female,40,East,Jaipur,05-11-2024
10822,Customer_10822,Male,34,North,Jaipur,09-12-2024
10823,Customer_10823,Female,39,Central,Bengaluru,27-02-2025
10824,Customer_10824,Female,41,North,Bengaluru,18-10-2025
10825,Customer_10825,Female,60,West,Jaipur,28-05-2025
10826,Customer_10826,Female,38,East,Pune,07-06-2025
10827,Customer_10827,Male,36,North,Ahmedabad,17-09-2024
10828,Customer_10828,Male,19,Central,Ahmedabad,27-12-2024
10829,Customer_10829,Female,20,Central,Ahmedabad,17-06-2024
10830,Customer_10830,Female,35,East,Chennai,21-10-2025
10831,Customer_10831,Male,33,South,Lucknow,18-07-2024
10832,Customer_10832,Female,24,North,Lucknow,19-01-2025
10833,Customer_10833,Female,24,South,Kochi,07-11-2024
10834,Customer_10834,Female,40,South,Delhi,04-08-2025
10835,Customer_10835,Female,28,East,Mumbai,07-11-2024
10836,Customer_10836,Male,26,Central,Delhi,19-07-2025
10837,Customer_10837,Male,24,East,Ahmedabad,29-01-2025
10838,Customer_10838,Male,26,Central,Delhi,16-12-2024
10839,Customer_10839,Male,30,West,Ahmedabad,28-01-2024
10840,Customer_10840,Female,34,East,Ahmedabad,23-09-2025
10841,Customer_10841,Male,36,Central,Hyderabad,12-05-2024
10842,Customer_10842,Male,30,East,Lucknow,14-01-2025
10843,Customer_10843,Male,18,Central,Lucknow,24-08-2025
10844,Customer_10844,Female,23,South,Indore,11-06-2025
10845,Customer_10845,Female,29,North,Indore,13-10-2024
10846,Customer_10846,Female,44,Central,Jaipur,10-10-2024
10847,Customer_10847,Female,33,East,Mumbai,10-10-2025
10848,Customer_10848,Male,38,Central,Pune,14-08-2024
10849,Customer_10849,Male,48,Central,Mumbai,02-03-2025
10850,Customer_10850,Female,32,North,Jaipur,27-01-2024
10851,Customer_10851,Female,34,East,Hyderabad,27-11-2024
10852,Customer_10852,Male,34,South,Kolkata,26-04-2024
10853,Customer_10853,Male,35,East,Chennai,29-03-2024
10854,Customer_10854,Female,24,West,Indore,10-09-2025
10855,Customer_10855,Male,39,South,Mumbai,01-05-2024
10856,Customer_10856,Male,35,East,Indore,02-02-2024
10857,Customer_10857,Female,26,West,Lucknow,25-08-2025
10858,Customer_10858,Male,32,North,Kolkata,26-11-2025
10859,Customer_10859,Female,18,West,Hyderabad,01-02-2025
10860,Customer_10860,Male,19,East,Pune,08-06-2025
10861,Customer_10861,Male,43,Central,Kolkata,24-01-2024
10862,Customer_10862,Female,32,South,Jaipur,20-11-2024
10863,Customer_10863,Male,47,North,Jaipur,03-02-2024
10864,Customer_10864,Female,35,East,Kolkata,03-09-2024
10865,Customer_10865,Male,36,North,Chennai,19-01-2024
10866,Customer_10866,Male,34,Central,Kolkata,30-01-2024
10867,Customer_10867,Male,24,North,Lucknow,18-02-2024
10868,Customer_10868,Female,38,West,Hyderabad,28-06-2024
10869,Customer_10869,Male,27,East,Kolkata,04-01-2025
10870,Customer_10870,Male,37,South,Indore,29-01-2025
10871,Customer_10871,Male,26,North,Kochi,12-08-2025
10872,Customer_10872,Female,41,East,Delhi,10-05-2025
10873,Customer_10873,Male,38,East,Bengaluru,06-03-2025
10874,Customer_10874,Female,46,South,Pune,25-07-2024
10875,Customer_10875,Female,41,Central,Kolkata,04-02-2024
10876,Customer_10876,Male,33,South,Lucknow,05-08-2025
10877,Customer_10877,Male,49,South,Kolkata,16-02-2025
10878,Customer_10878,Female,38,East,Ahmedabad,29-12-2024
10879,Customer_10879,Male,18,North,Chennai,05-11-2024
10880,Customer_10880,Female,28,Central,Kochi,05-10-2024
10881,Customer_10881,Male,33,South,Lucknow,31-05-2024
10882,Customer_10882,Male,47,North,Kochi,14-08-2024
10883,Customer_10883,Female,30,South,Lucknow,30-08-2024
10884,Customer_10884,Male,27,East,Ahmedabad,10-01-2024
10885,Customer_10885,Male,18,East,Delhi,26-01-2025
10886,Customer_10886,Female,47,West,Kochi,17-02-2024
10887,Customer_10887,Female,48,North,Hyderabad,15-09-2025
10888,Customer_10888,Male,23,South,Indore,22-07-2024
10889,Customer_10889,Female,20,West,Ahmedabad,05-06-2024
10890,Customer_10890,Female,44,North,Delhi,26-01-2024
10891,Customer_10891,Other,47,Central,Chennai,24-02-2025
10892,Customer_10892,Female,27,North,Delhi,08-11-2025
10893,Customer_10893,Female,32,West,Kolkata,20-09-2024
10894,Customer_10894,Female,40,South,Kochi,12-06-2025
10895,Customer_10895,Male,24,East,Mumbai,10-08-2025
10896,Customer_10896,Female,25,North,Bengaluru,14-04-2025
10897,Customer_10897,Male,31,North,Kochi,10-09-2024
10898,Customer_10898,Male,24,South,Indore,18-12-2025
10899,Customer_10899,Female,63,North,Bengaluru,29-06-2025
10900,Customer_10900,Male,46,South,Kolkata,26-05-2024
10901,Customer_10901,Female,31,East,Lucknow,21-11-2024
10902,Customer_10902,Female,35,East,Indore,03-12-2024
10903,Customer_10903,Male,18,West,Kochi,27-04-2024
10904,Customer_10904,Male,38,West,Pune,13-06-2024
10905,Customer_10905,Female,41,East,Bengaluru,03-07-2025
10906,Customer_10906,Female,27,South,Ahmedabad,10-10-2025
10907,Customer_10907,Female,30,East,Pune,16-07-2024
10908,Customer_10908,Male,25,South,Ahmedabad,08-01-2025
10909,Customer_10909,Female,48,West,Pune,31-07-2025
10910,Customer_10910,Male,47,South,Delhi,14-08-2025
10911,Customer_10911,Male,38,North,Ahmedabad,17-07-2025
10912,Customer_10912,Male,35,West,Delhi,08-05-2024
10913,Customer_10913,Male,22,North,Pune,17-02-2025
10914,Customer_10914,Female,27,Central,Chennai,14-01-2025
10915,Customer_10915,Female,31,Central,Delhi,01-01-2024
10916,Customer_10916,Female,27,North,Kolkata,15-06-2024
10917,Customer_10917,Female,40,North,Ahmedabad,16-01-2024
10918,Customer_10918,Male,18,East,Pune,18-10-2025
10919,Customer_10919,Female,21,East,Hyderabad,21-04-2024
10920,Customer_10920,Male,28,South,Kolkata,02-01-2025
10921,Customer_10921,Female,18,West,Delhi,11-04-2024
10922,Customer_10922,Male,44,East,Bengaluru,16-08-2025
10923,Customer_10923,Male,45,South,Mumbai,09-02-2025
10924,Customer_10924,Male,18,North,Kochi,21-05-2025
10925,Customer_10925,Female,37,West,Delhi,02-09-2025
10926,Customer_10926,Female,30,South,Kolkata,01-11-2025
10927,Customer_10927,Female,34,West,Jaipur,09-02-2024
10928,Customer_10928,Male,39,South,Kochi,28-10-2025
10929,Customer_10929,Other,18,East,Lucknow,01-07-2025
10930,Customer_10930,Male,45,Central,Pune,15-01-2025
10931,Customer_10931,Female,39,Central,Kochi,30-05-2025
10932,Customer_10932,Male,45,South,Chennai,11-05-2025
10933,Customer_10933,Male,18,North,Jaipur,07-10-2024
10934,Customer_10934,Female,34,West,Indore,16-12-2024
10935,Customer_10935,Female,39,South,Ahmedabad,29-11-2024
10936,Customer_10936,Female,38,North,Ahmedabad,07-06-2025
10937,Customer_10937,Male,43,Central,Ahmedabad,09-10-2024
10938,Customer_10938,Female,39,North,Ahmedabad,28-12-2025
10939,Customer_10939,Male,18,North,Ahmedabad,14-11-2024
10940,Customer_10940,Male,46,North,Kochi,17-02-2025
10941,Customer_10941,Female,29,East,Kochi,16-08-2025
10942,Customer_10942,Female,36,West,Kolkata,14-01-2024
10943,Customer_10943,Other,50,South,Bengaluru,25-02-2024
10944,Customer_10944,Male,34,South,Bengaluru,06-02-2025
10945,Customer_10945,Female,30,South,Lucknow,07-12-2024
10946,Customer_10946,Female,22,West,Chennai,17-07-2024
10947,Customer_10947,Female,21,North,Pune,08-11-2025
10948,Customer_10948,Male,22,Central,Jaipur,18-10-2024
10949,Customer_10949,Female,34,South,Hyderabad,19-10-2025
10950,Customer_10950,Female,56,Central,Lucknow,16-03-2025
10951,Customer_10951,Male,31,North,Kolkata,18-03-2024
10952,Customer_10952,Female,34,West,Kolkata,21-04-2024
10953,Customer_10953,Male,41,South,Ahmedabad,18-06-2025
10954,Customer_10954,Female,27,North,Hyderabad,09-01-2025
10955,Customer_10955,Other,48,Central,Indore,25-04-2024
10956,Customer_10956,Male,29,Central,Kochi,21-05-2024
10957,Customer_10957,Female,46,South,Delhi,15-07-2024
10958,Customer_10958,Male,40,West,Kochi,23-06-2025
10959,Customer_10959,Female,35,East,Chennai,25-10-2024
10960,Customer_10960,Female,28,Central,Bengaluru,16-03-2024
10961,Customer_10961,Male,43,South,Bengaluru,13-06-2025
10962,Customer_10962,Male,33,East,Lucknow,09-04-2024
10963,Customer_10963,Female,29,East,Delhi,23-04-2025
10964,Customer_10964,Female,50,South,Mumbai,12-04-2025
10965,Customer_10965,Male,18,Central,Kolkata,27-09-2025
10966,Customer_10966,Male,49,North,Kolkata,18-10-2024
10967,Customer_10967,Male,54,North,Bengaluru,04-05-2024
10968,Customer_10968,Male,25,East,Chennai,02-06-2025
10969,Customer_10969,Female,27,West,Chennai,23-01-2024
10970,Customer_10970,Male,23,North,Ahmedabad,10-06-2024
10971,Customer_10971,Female,43,South,Ahmedabad,20-09-2025
10972,Customer_10972,Male,28,Central,Lucknow,20-05-2025
10973,Customer_10973,Male,33,South,Delhi,21-01-2024
10974,Customer_10974,Male,40,West,Kochi,08-04-2025
10975,Customer_10975,Female,18,West,Hyderabad,27-04-2025
10976,Customer_10976,Male,19,South,Pune,16-05-2025
10977,Customer_10977,Female,37,Central,Indore,04-11-2024
10978,Customer_10978,Male,30,West,Kolkata,18-08-2025
10979,Customer_10979,Male,24,East,Hyderabad,06-07-2025
10980,Customer_10980,Male,34,East,Ahmedabad,21-07-2024
10981,Customer_10981,Male,33,West,Jaipur,19-02-2025
10982,Customer_10982,Female,25,East,Ahmedabad,01-10-2025
10983,Customer_10983,Female,36,Central,Mumbai,21-05-2024
10984,Customer_10984,Male,24,South,Jaipur,06-09-2025
10985,Customer_10985,Female,41,South,Kochi,16-04-2024
10986,Customer_10986,Female,32,South,Mumbai,12-06-2025
10987,Customer_10987,Female,52,North,Indore,20-06-2025
10988,Customer_10988,Male,21,North,Delhi,29-07-2025
10989,Customer_10989,Male,28,Central,Indore,18-11-2025
10990,Customer_10990,Female,43,West,Pune,17-10-2024
10991,Customer_10991,Male,23,West,Kolkata,06-11-2024
10992,Customer_10992,Female,34,East,Ahmedabad,29-10-2025
10993,Customer_10993,Female,18,West,Kolkata,19-01-2025
10994,Customer_10994,Male,23,East,Mumbai,22-02-2024
10995,Customer_10995,Female,25,Central,Lucknow,07-08-2025
10996,Customer_10996,Female,32,South,Lucknow,01-07-2024
10997,Customer_10997,Female,44,Central,Bengaluru,03-01-2025
10998,Customer_10998,Female,31,West,Lucknow,01-12-2025
10999,Customer_10999,Female,31,South,Bengaluru,13-01-2024
11000,Customer_11000,Male,26,East,Indore,12-07-2025
11001,Customer_11001,Female,23,East,Jaipur,08-06-2024
11002,Customer_11002,Male,44,North,Kolkata,10-10-2024
11003,Customer_11003,Male,36,East,Kolkata,18-07-2025
11004,Customer_11004,Male,31,South,Chennai,13-10-2024
11005,Customer_11005,Female,50,North,Pune,08-01-2024
11006,Customer_11006,Male,18,Central,Kolkata,12-03-2024
11007,Customer_11007,Female,44,West,Jaipur,07-04-2024
11008,Customer_11008,Female,18,Central,Kochi,27-03-2024
11009,Customer_11009,Male,35,West,Delhi,10-04-2024
11010,Customer_11010,Male,44,South,Pune,07-10-2024
11011,Customer_11011,Male,18,East,Hyderabad,15-10-2024
11012,Customer_11012,Male,46,West,Kolkata,14-07-2024
11013,Customer_11013,Male,33,Central,Delhi,25-01-2025
11014,Customer_11014,Male,26,South,Bengaluru,31-08-2025
11015,Customer_11015,Female,36,Central,Delhi,25-03-2025
11016,Customer_11016,Female,39,Central,Ahmedabad,02-01-2025
11017,Customer_11017,Female,58,West,Bengaluru,05-03-2025
11018,Customer_11018,Male,32,Central,Hyderabad,05-04-2024
11019,Customer_11019,Male,42,South,Hyderabad,17-09-2024
11020,Customer_11020,Female,35,Central,Kolkata,26-05-2025
11021,Customer_11021,Female,38,West,Kolkata,30-04-2024
11022,Customer_11022,Male,31,North,Delhi,31-12-2024
11023,Customer_11023,Male,26,Central,Indore,27-11-2024
11024,Customer_11024,Female,38,East,Chennai,21-02-2024
11025,Customer_11025,Male,24,East,Indore,30-01-2025
11026,Customer_11026,Male,18,East,Chennai,13-11-2024
11027,Customer_11027,Male,35,North,Kolkata,05-11-2025
11028,Customer_11028,Female,26,East,Indore,02-12-2025
11029,Customer_11029,Female,31,West,Mumbai,03-10-2024
11030,Customer_11030,Male,18,North,Chennai,19-08-2025
11031,Customer_11031,Male,44,South,Kolkata,12-07-2024
11032,Customer_11032,Male,18,North,Indore,23-11-2025
11033,Customer_11033,Male,38,South,Lucknow,21-01-2024
11034,Customer_11034,Male,39,West,Kolkata,02-02-2025
11035,Customer_11035,Male,36,West,Jaipur,15-12-2025
11036,Customer_11036,Male,44,Central,Delhi,20-07-2024
11037,Customer_11037,Female,22,East,Hyderabad,10-04-2025
11038,Customer_11038,Female,54,South,Chennai,30-05-2024
11039,Customer_11039,Female,25,Central,Lucknow,07-06-2024
11040,Customer_11040,Female,41,West,Delhi,05-11-2024
11041,Customer_11041,Other,52,East,Mumbai,18-05-2025
11042,Customer_11042,Female,32,West,Kolkata,26-01-2024
11043,Customer_11043,Male,27,Central,Jaipur,06-03-2024
11044,Customer_11044,Male,42,West,Delhi,19-09-2024
11045,Customer_11045,Female,28,South,Pune,16-04-2025
11046,Customer_11046,Female,25,West,Hyderabad,15-06-2024
11047,Customer_11047,Female,41,North,Hyderabad,02-06-2024
11048,Customer_11048,Female,42,South,Mumbai,08-12-2024
11049,Customer_11049,Male,34,South,Chennai,18-12-2025
11050,Customer_11050,Male,35,North,Pune,16-02-2025
11051,Customer_11051,Male,36,North,Jaipur,26-10-2025
11052,Customer_11052,Female,32,North,Jaipur,02-07-2024
11053,Customer_11053,Other,31,West,Kochi,01-11-2025
11054,Customer_11054,Male,20,West,Lucknow,12-07-2024
11055,Customer_11055,Female,27,Central,Hyderabad,02-01-2024
11056,Customer_11056,Female,34,South,Bengaluru,02-08-2024
11057,Customer_11057,Male,55,East,Lucknow,17-11-2025
11058,Customer_11058,Female,23,Central,Indore,09-08-2025
11059,Customer_11059,Female,29,North,Ahmedabad,30-09-2025
11060,Customer_11060,Male,21,West,Chennai,27-04-2025
11061,Customer_11061,Male,18,West,Mumbai,14-07-2025
11062,Customer_11062,Male,48,North,Jaipur,01-02-2024
11063,Customer_11063,Male,39,Central,Bengaluru,31-10-2025
11064,Customer_11064,Male,48,West,Kolkata,15-01-2024
11065,Customer_11065,Male,18,North,Kochi,13-11-2024
11066,Customer_11066,Female,40,North,Ahmedabad,30-08-2024
11067,Customer_11067,Female,55,North,Indore,17-01-2024
11068,Customer_11068,Female,44,South,Bengaluru,17-06-2025
11069,Customer_11069,Female,40,East,Hyderabad,21-03-2024
11070,Customer_11070,Female,26,East,Mumbai,17-10-2025
11071,Customer_11071,Female,49,South,Ahmedabad,11-03-2025
11072,Customer_11072,Male,28,Central,Delhi,08-01-2024
11073,Customer_11073,Male,39,South,Chennai,09-11-2025
11074,Customer_11074,Male,24,North,Jaipur,13-10-2024
11075,Customer_11075,Female,33,South,Delhi,04-07-2024
11076,Customer_11076,Female,44,East,Indore,07-06-2025
11077,Customer_11077,Female,43,South,Jaipur,25-02-2025
11078,Customer_11078,Female,34,South,Pune,10-04-2025
11079,Customer_11079,Female,56,North,Indore,23-03-2024
11080,Customer_11080,Female,32,West,Kolkata,20-07-2025
11081,Customer_11081,Other,45,Central,Ahmedabad,04-10-2025
11082,Customer_11082,Female,28,South,Kochi,28-09-2025
11083,Customer_11083,Female,22,South,Kochi,27-04-2025
11084,Customer_11084,Female,32,East,Hyderabad,20-11-2024
11085,Customer_11085,Male,18,West,Jaipur,22-02-2025
11086,Customer_11086,Male,37,South,Bengaluru,20-02-2024
11087,Customer_11087,Male,35,Central,Mumbai,27-01-2024
11088,Customer_11088,Male,40,East,Hyderabad,07-11-2025
11089,Customer_11089,Other,34,East,Kochi,28-06-2025
11090,Customer_11090,Male,31,West,Lucknow,02-03-2024
11091,Customer_11091,Male,35,Central,Mumbai,18-10-2025
11092,Customer_11092,Male,45,West,Bengaluru,19-06-2024
11093,Customer_11093,Male,44,North,Kolkata,12-10-2024
11094,Customer_11094,Female,47,South,Kolkata,26-04-2024
11095,Customer_11095,Male,18,East,Pune,04-01-2024
11096,Customer_11096,Female,45,South,Kochi,06-03-2024
11097,Customer_11097,Male,41,West,Indore,29-02-2024
11098,Customer_11098,Other,54,West,Lucknow,16-05-2025
11099,Customer_11099,Female,29,West,Delhi,16-08-2024
11100,Customer_11100,Female,31,Central,Indore,09-04-2024
11101,Customer_11101,Male,37,South,Mumbai,28-04-2024
11102,Customer_11102,Female,18,Central,Kolkata,09-03-2024
11103,Customer_11103,Female,18,West,Lucknow,25-10-2025
11104,Customer_11104,Male,37,South,Mumbai,08-08-2024
11105,Customer_11105,Male,22,West,Jaipur,10-08-2024
11106,Customer_11106,Other,21,North,Kochi,07-11-2025
11107,Customer_11107,Male,39,West,Ahmedabad,18-05-2025
11108,Customer_11108,Female,18,East,Kolkata,29-07-2024
11109,Customer_11109,Female,41,South,Bengaluru,28-07-2025
11110,Customer_11110,Male,25,West,Kochi,18-09-2024
11111,Customer_11111,Male,25,West,Mumbai,01-06-2025
11112,Customer_11112,Other,38,North,Ahmedabad,04-09-2024
11113,Customer_11113,Female,22,North,Indore,13-09-2024
11114,Customer_11114,Male,51,South,Lucknow,03-03-2024
11115,Customer_11115,Female,33,East,Mumbai,26-01-2025
11116,Customer_11116,Male,34,Central,Ahmedabad,23-06-2025
11117,Customer_11117,Female,40,Central,Delhi,20-02-2025
11118,Customer_11118,Male,45,East,Chennai,22-02-2024
11119,Customer_11119,Male,29,West,Jaipur,07-02-2024
11120,Customer_11120,Male,41,South,Lucknow,03-11-2024
11121,Customer_11121,Male,42,West,Kochi,12-10-2025
11122,Customer_11122,Female,49,North,Bengaluru,22-02-2024
11123,Customer_11123,Female,29,South,Indore,28-08-2025
11124,Customer_11124,Female,42,West,Mumbai,28-08-2025
11125,Customer_11125,Female,40,North,Indore,27-03-2025
11126,Customer_11126,Male,38,West,Indore,05-04-2025
11127,Customer_11127,Female,18,West,Hyderabad,30-04-2025
11128,Customer_11128,Female,47,South,Ahmedabad,16-05-2024
11129,Customer_11129,Male,44,South,Indore,06-01-2025
11130,Customer_11130,Male,41,Central,Lucknow,12-09-2024
11131,Customer_11131,Female,28,West,Jaipur,29-01-2025
11132,Customer_11132,Male,50,South,Kochi,06-02-2024
11133,Customer_11133,Male,33,South,Jaipur,15-10-2025
11134,Customer_11134,Female,39,West,Mumbai,26-05-2024
11135,Customer_11135,Female,23,East,Chennai,08-01-2024
11136,Customer_11136,Female,31,North,Jaipur,07-09-2024
11137,Customer_11137,Female,35,South,Chennai,08-10-2025
11138,Customer_11138,Male,25,Central,Hyderabad,24-07-2025
11139,Customer_11139,Female,27,West,Hyderabad,26-09-2025
11140,Customer_11140,Female,39,Central,Delhi,22-03-2025
11141,Customer_11141,Male,44,West,Kolkata,19-09-2024
11142,Customer_11142,Male,19,Central,Kolkata,23-09-2025
11143,Customer_11143,Female,57,South,Kolkata,14-03-2025
11144,Customer_11144,Female,25,West,Pune,15-09-2024
11145,Customer_11145,Female,24,North,Hyderabad,18-11-2024
11146,Customer_11146,Male,49,West,Lucknow,13-06-2025
11147,Customer_11147,Male,41,East,Mumbai,27-10-2024
11148,Customer_11148,Male,44,South,Chennai,29-04-2025
11149,Customer_11149,Male,26,Central,Indore,01-04-2024
11150,Customer_11150,Female,39,Central,Delhi,12-06-2024
11151,Customer_11151,Female,60,North,Lucknow,17-10-2025
11152,Customer_11152,Female,25,East,Delhi,30-11-2024
11153,Customer_11153,Female,41,South,Jaipur,10-11-2024
11154,Customer_11154,Male,26,South,Kolkata,25-08-2024
11155,Customer_11155,Female,24,West,Jaipur,16-11-2025
11156,Customer_11156,Male,32,South,Kolkata,23-03-2024
11157,Customer_11157,Male,34,Central,Kochi,30-10-2025
11158,Customer_11158,Male,32,North,Mumbai,18-04-2024
11159,Customer_11159,Female,33,West,Lucknow,26-06-2024
11160,Customer_11160,Male,56,West,Kochi,06-09-2024
11161,Customer_11161,Male,51,South,Delhi,20-07-2025
11162,Customer_11162,Female,36,South,Jaipur,28-10-2025
11163,Customer_11163,Male,35,West,Hyderabad,31-03-2024
11164,Customer_11164,Male,49,West,Mumbai,04-12-2024
11165,Customer_11165,Female,41,South,Lucknow,29-09-2025
11166,Customer_11166,Male,37,East,Delhi,17-06-2024
11167,Customer_11167,Female,56,North,Delhi,18-05-2024
11168,Customer_11168,Female,25,North,Kolkata,31-05-2025
11169,Customer_11169,Male,34,East,Lucknow,31-07-2025
11170,Customer_11170,Male,33,North,Delhi,14-09-2025
11171,Customer_11171,Female,39,West,Kochi,02-07-2024
11172,Customer_11172,Male,23,West,Ahmedabad,18-06-2024
11173,Customer_11173,Female,39,Central,Hyderabad,27-12-2024
11174,Customer_11174,Female,31,West,Mumbai,31-08-2024
11175,Customer_11175,Female,44,Central,Kochi,17-05-2024
11176,Customer_11176,Female,31,East,Kochi,28-01-2024
11177,Customer_11177,Female,28,East,Pune,02-06-2025
11178,Customer_11178,Male,41,Central,Mumbai,01-02-2025
11179,Customer_11179,Male,35,West,Ahmedabad,28-11-2024
11180,Customer_11180,Female,31,North,Kolkata,12-11-2024
11181,Customer_11181,Male,32,West,Chennai,16-07-2025
11182,Customer_11182,Female,29,Central,Bengaluru,01-03-2025
11183,Customer_11183,Female,55,West,Lucknow,15-05-2024
11184,Customer_11184,Male,39,East,Chennai,20-11-2025
11185,Customer_11185,Male,42,West,Jaipur,02-10-2025
11186,Customer_11186,Female,39,Central,Lucknow,09-12-2025
11187,Customer_11187,Female,37,North,Chennai,23-09-2024
11188,Customer_11188,Male,30,West,Indore,16-04-2024
11189,Customer_11189,Female,27,South,Mumbai,13-07-2025
11190,Customer_11190,Male,30,West,Kolkata,17-05-2024
11191,Customer_11191,Male,41,East,Indore,06-09-2025
11192,Customer_11192,Male,30,North,Mumbai,16-02-2024
11193,Customer_11193,Male,47,North,Ahmedabad,26-10-2025
11194,Customer_11194,Female,51,East,Chennai,02-01-2025
11195,Customer_11195,Female,18,North,Chennai,06-01-2024
11196,Customer_11196,Other,50,South,Pune,06-06-2025
11197,Customer_11197,Male,23,West,Lucknow,12-06-2025
11198,Customer_11198,Female,31,South,Kochi,16-10-2025
11199,Customer_11199,Female,35,East,Pune,28-09-2024
11200,Customer_11200,Male,18,Central,Mumbai,06-03-2024
11201,Customer_11201,Male,27,South,Lucknow,23-02-2025
11202,Customer_11202,Female,36,South,Kolkata,04-12-2024
11203,Customer_11203,Female,22,East,Jaipur,12-05-2025
11204,Customer_11204,Female,21,West,Indore,13-04-2025
11205,Customer_11205,Female,53,Central,Hyderabad,26-11-2024
11206,Customer_11206,Male,35,Central,Delhi,30-09-2025
11207,Customer_11207,Male,44,West,Delhi,10-05-2024
11208,Customer_11208,Male,53,South,Hyderabad,13-06-2025
11209,Customer_11209,Male,42,North,Pune,19-12-2025
11210,Customer_11210,Female,29,South,Bengaluru,23-08-2025
11211,Customer_11211,Female,28,North,Lucknow,13-03-2025
11212,Customer_11212,Male,39,West,Lucknow,30-08-2024
11213,Customer_11213,Female,41,West,Pune,07-04-2025
11214,Customer_11214,Male,37,North,Hyderabad,15-12-2024
11215,Customer_11215,Male,42,West,Kochi,17-01-2024
11216,Customer_11216,Male,33,South,Chennai,10-04-2025
11217,Customer_11217,Male,34,South,Pune,28-12-2024
11218,Customer_11218,Male,30,West,Kochi,28-07-2024
11219,Customer_11219,Male,25,South,Bengaluru,02-09-2025
11220,Customer_11220,Male,25,South,Hyderabad,08-06-2025
11221,Customer_11221,Male,30,North,Kolkata,29-11-2025
11222,Customer_11222,Female,41,South,Hyderabad,23-02-2025
11223,Customer_11223,Male,34,West,Kolkata,12-05-2024
11224,Customer_11224,Other,30,Central,Hyderabad,14-01-2024
11225,Customer_11225,Female,31,South,Jaipur,13-02-2024
11226,Customer_11226,Female,18,South,Chennai,11-01-2025
11227,Customer_11227,Female,29,West,Pune,21-10-2024
11228,Customer_11228,Female,42,Central,Kolkata,30-01-2025
11229,Customer_11229,Male,22,South,Hyderabad,13-04-2024
11230,Customer_11230,Female,18,South,Ahmedabad,20-03-2025
11231,Customer_11231,Male,22,West,Pune,02-03-2024
11232,Customer_11232,Male,29,East,Indore,18-07-2025
11233,Customer_11233,Male,33,North,Bengaluru,15-02-2025
11234,Customer_11234,Male,36,East,Hyderabad,21-09-2025
11235,Customer_11235,Male,41,North,Hyderabad,16-11-2024
11236,Customer_11236,Other,32,East,Delhi,10-05-2024
11237,Customer_11237,Male,41,East,Mumbai,17-07-2024
11238,Customer_11238,Female,22,Central,Lucknow,05-02-2024
11239,Customer_11239,Male,46,East,Pune,03-08-2024
11240,Customer_11240,Female,38,South,Kochi,08-08-2025
11241,Customer_11241,Female,18,South,Ahmedabad,01-11-2024
11242,Customer_11242,Female,35,Central,Hyderabad,20-07-2025
11243,Customer_11243,Male,57,North,Indore,12-01-2024
11244,Customer_11244,Female,55,South,Kolkata,23-03-2024
11245,Customer_11245,Male,34,North,Ahmedabad,01-02-2024
11246,Customer_11246,Female,40,West,Chennai,11-02-2025
11247,Customer_11247,Female,23,East,Ahmedabad,26-03-2024
11248,Customer_11248,Male,21,South,Lucknow,14-02-2025
11249,Customer_11249,Male,32,South,Hyderabad,13-12-2025
11250,Customer_11250,Male,29,Central,Bengaluru,16-07-2025
11251,Customer_11251,Female,35,East,Delhi,12-09-2024
11252,Customer_11252,Female,40,West,Hyderabad,28-08-2024
11253,Customer_11253,Male,40,Central,Chennai,17-12-2025
11254,Customer_11254,Male,44,Central,Kochi,08-12-2025
11255,Customer_11255,Male,39,South,Mumbai,27-03-2025
11256,Customer_11256,Male,45,Central,Bengaluru,01-01-2024
11257,Customer_11257,Female,44,North,Kolkata,23-08-2025
11258,Customer_11258,Female,32,South,Bengaluru,08-10-2024
11259,Customer_11259,Female,18,Central,Jaipur,12-10-2025
11260,Customer_11260,Female,22,South,Pune,21-08-2025
11261,Customer_11261,Female,40,South,Ahmedabad,28-05-2025
11262,Customer_11262,Female,36,South,Mumbai,10-11-2025
11263,Customer_11263,Female,54,East,Chennai,28-04-2024
11264,Customer_11264,Female,18,South,Mumbai,19-05-2025
11265,Customer_11265,Female,43,West,Jaipur,20-03-2024
11266,Customer_11266,Female,34,Central,Hyderabad,14-09-2025
11267,Customer_11267,Male,26,West,Ahmedabad,07-11-2025
11268,Customer_11268,Female,52,North,Pune,06-08-2024
11269,Customer_11269,Female,23,Central,Kolkata,31-05-2025
11270,Customer_11270,Male,37,South,Bengaluru,27-12-2025
11271,Customer_11271,Female,46,North,Kolkata,07-12-2025
11272,Customer_11272,Male,26,North,Hyderabad,10-04-2025
11273,Customer_11273,Female,18,East,Kolkata,01-06-2025
11274,Customer_11274,Female,40,North,Lucknow,16-05-2025
11275,Customer_11275,Male,45,North,Ahmedabad,27-02-2024
11276,Customer_11276,Female,29,South,Bengaluru,02-12-2024
11277,Customer_11277,Female,18,South,Kochi,24-05-2025
11278,Customer_11278,Female,36,East,Bengaluru,05-09-2025
11279,Customer_11279,Male,31,West,Mumbai,01-03-2025
11280,Customer_11280,Male,18,West,Kochi,13-07-2025
11281,Customer_11281,Male,40,South,Delhi,04-01-2025
11282,Customer_11282,Male,27,South,Ahmedabad,14-02-2025
11283,Customer_11283,Female,40,Central,Indore,05-11-2025
11284,Customer_11284,Female,57,North,Mumbai,07-03-2025
11285,Customer_11285,Other,34,Central,Pune,14-07-2024
11286,Customer_11286,Male,35,North,Kochi,11-01-2025
11287,Customer_11287,Male,35,Central,Lucknow,30-12-2024
11288,Customer_11288,Female,33,South,Ahmedabad,05-10-2025
11289,Customer_11289,Male,22,South,Kochi,08-02-2025
11290,Customer_11290,Female,37,West,Bengaluru,06-05-2025
11291,Customer_11291,Female,28,East,Delhi,06-03-2024
11292,Customer_11292,Female,30,South,Hyderabad,25-01-2025
11293,Customer_11293,Male,27,East,Lucknow,23-03-2024
11294,Customer_11294,Male,39,West,Ahmedabad,25-04-2025
11295,Customer_11295,Male,26,North,Hyderabad,16-08-2024
11296,Customer_11296,Male,38,North,Indore,12-08-2024
11297,Customer_11297,Female,39,East,Jaipur,22-04-2024
11298,Customer_11298,Male,35,North,Pune,13-10-2025
11299,Customer_11299,Female,20,West,Indore,03-07-2024
11300,Customer_11300,Female,28,South,Indore,26-05-2025
11301,Customer_11301,Male,33,South,Mumbai,21-06-2024
11302,Customer_11302,Female,21,North,Ahmedabad,06-06-2025
11303,Customer_11303,Female,37,East,Bengaluru,01-11-2025
11304,Customer_11304,Male,48,North,Lucknow,23-07-2024
11305,Customer_11305,Male,39,North,Mumbai,21-06-2025
11306,Customer_11306,Female,22,North,Kolkata,14-11-2024
11307,Customer_11307,Female,58,Central,Lucknow,07-06-2024
11308,Customer_11308,Female,29,North,Hyderabad,04-10-2024
11309,Customer_11309,Male,37,West,Jaipur,27-05-2024
11310,Customer_11310,Male,27,North,Kochi,23-03-2024
11311,Customer_11311,Male,36,North,Jaipur,22-02-2025
11312,Customer_11312,Male,48,East,Mumbai,21-06-2025
11313,Customer_11313,Female,23,East,Delhi,05-08-2025
11314,Customer_11314,Female,29,Central,Bengaluru,02-07-2025
11315,Customer_11315,Female,36,Central,Kochi,26-01-2025
11316,Customer_11316,Male,18,West,Lucknow,12-05-2024
11317,Customer_11317,Male,42,East,Hyderabad,29-09-2025
11318,Customer_11318,Female,27,East,Lucknow,18-09-2025
11319,Customer_11319,Female,34,South,Ahmedabad,26-08-2025
11320,Customer_11320,Female,23,Central,Lucknow,29-08-2024
11321,Customer_11321,Male,23,East,Jaipur,26-03-2025
11322,Customer_11322,Female,34,East,Jaipur,18-07-2024
11323,Customer_11323,Female,50,South,Kochi,19-12-2025
11324,Customer_11324,Other,24,North,Chennai,26-04-2024
11325,Customer_11325,Other,43,Central,Chennai,06-08-2024
11326,Customer_11326,Other,47,South,Chennai,31-10-2024
11327,Customer_11327,Female,44,South,Pune,30-08-2024
11328,Customer_11328,Female,32,North,Delhi,18-10-2024
11329,Customer_11329,Male,36,West,Bengaluru,27-10-2024
11330,Customer_11330,Female,49,North,Bengaluru,14-11-2025
11331,Customer_11331,Male,43,West,Indore,22-01-2025
11332,Customer_11332,Male,34,North,Pune,10-08-2025
11333,Customer_11333,Female,22,Central,Chennai,27-07-2024
11334,Customer_11334,Female,52,West,Delhi,09-11-2024
11335,Customer_11335,Female,35,North,Pune,08-09-2025
11336,Customer_11336,Male,29,East,Delhi,26-01-2024
11337,Customer_11337,Female,39,South,Kochi,19-03-2024
11338,Customer_11338,Female,18,North,Delhi,07-05-2024
11339,Customer_11339,Female,41,Central,Pune,16-02-2025
11340,Customer_11340,Female,40,South,Lucknow,16-05-2024
11341,Customer_11341,Female,38,South,Delhi,29-11-2024
11342,Customer_11342,Female,43,North,Jaipur,01-07-2025
11343,Customer_11343,Male,37,South,Kolkata,22-01-2025
11344,Customer_11344,Male,40,Central,Indore,24-07-2025
11345,Customer_11345,Male,41,South,Pune,17-08-2024
11346,Customer_11346,Male,44,Central,Mumbai,24-02-2025
11347,Customer_11347,Male,31,Central,Lucknow,03-05-2024
11348,Customer_11348,Female,38,North,Indore,28-03-2024
11349,Customer_11349,Male,29,North,Delhi,20-05-2024
11350,Customer_11350,Male,37,Central,Bengaluru,20-02-2024
11351,Customer_11351,Male,34,South,Mumbai,20-07-2025
11352,Customer_11352,Female,25,North,Lucknow,08-02-2025
11353,Customer_11353,Female,40,South,Hyderabad,02-12-2024
11354,Customer_11354,Male,18,East,Jaipur,23-10-2025
11355,Customer_11355,Male,23,West,Kochi,26-10-2025
11356,Customer_11356,Male,41,North,Mumbai,31-12-2024
11357,Customer_11357,Female,27,North,Ahmedabad,14-09-2024
11358,Customer_11358,Female,39,Central,Delhi,22-01-2025
11359,Customer_11359,Female,57,West,Lucknow,14-02-2024
11360,Customer_11360,Female,18,East,Ahmedabad,25-09-2024
11361,Customer_11361,Female,37,West,Kolkata,06-11-2024
11362,Customer_11362,Male,52,South,Delhi,02-11-2025
11363,Customer_11363,Female,36,West,Kolkata,04-10-2024
11364,Customer_11364,Female,34,South,Indore,19-04-2025
11365,Customer_11365,Male,30,South,Ahmedabad,20-07-2025
11366,Customer_11366,Male,26,West,Kochi,24-05-2024
11367,Customer_11367,Female,18,South,Mumbai,22-08-2024
11368,Customer_11368,Male,29,Central,Chennai,21-11-2025
11369,Customer_11369,Female,35,South,Lucknow,20-12-2025
11370,Customer_11370,Female,36,Central,Mumbai,15-05-2024
11371,Customer_11371,Male,43,Central,Kolkata,20-03-2025
11372,Customer_11372,Male,43,South,Pune,18-12-2024
11373,Customer_11373,Other,36,West,Hyderabad,28-01-2025
11374,Customer_11374,Male,37,South,Kochi,01-10-2024
11375,Customer_11375,Male,33,Central,Chennai,18-01-2025
11376,Customer_11376,Male,26,East,Delhi,18-11-2024
11377,Customer_11377,Female,43,West,Bengaluru,01-07-2024
11378,Customer_11378,Female,32,East,Hyderabad,26-07-2025
11379,Customer_11379,Male,37,South,Indore,15-03-2025
11380,Customer_11380,Male,60,North,Indore,03-03-2024
11381,Customer_11381,Male,43,South,Indore,27-12-2025
11382,Customer_11382,Male,32,West,Kolkata,12-10-2025
11383,Customer_11383,Female,19,East,Kolkata,07-10-2025
11384,Customer_11384,Male,45,West,Pune,03-02-2024
11385,Customer_11385,Female,18,South,Chennai,05-12-2025
11386,Customer_11386,Female,30,East,Jaipur,21-04-2025
11387,Customer_11387,Male,18,North,Bengaluru,27-03-2024
11388,Customer_11388,Other,29,West,Lucknow,28-07-2024
11389,Customer_11389,Male,29,Central,Lucknow,06-04-2025
11390,Customer_11390,Male,35,South,Mumbai,21-03-2024
11391,Customer_11391,Female,32,North,Jaipur,17-11-2024
11392,Customer_11392,Male,43,North,Indore,18-02-2025
11393,Customer_11393,Male,40,West,Bengaluru,08-07-2024
11394,Customer_11394,Male,42,East,Mumbai,20-08-2024
11395,Customer_11395,Male,20,West,Pune,26-01-2025
11396,Customer_11396,Other,33,South,Kochi,17-06-2024
11397,Customer_11397,Male,40,West,Kolkata,18-03-2025
11398,Customer_11398,Male,35,West,Bengaluru,16-06-2024
11399,Customer_11399,Female,28,South,Ahmedabad,18-08-2024
11400,Customer_11400,Male,26,East,Jaipur,29-05-2024
11401,Customer_11401,Female,53,North,Hyderabad,25-10-2025
11402,Customer_11402,Male,39,East,Pune,03-07-2025
11403,Customer_11403,Male,18,Central,Delhi,20-01-2025
11404,Customer_11404,Male,21,South,Kochi,15-01-2025
11405,Customer_11405,Male,18,West,Lucknow,01-10-2024
11406,Customer_11406,Male,20,East,Kochi,08-09-2025
11407,Customer_11407,Male,22,North,Chennai,02-03-2024
11408,Customer_11408,Female,46,East,Pune,11-04-2025
11409,Customer_11409,Male,39,East,Pune,11-06-2025
11410,Customer_11410,Male,25,South,Kolkata,29-05-2024
11411,Customer_11411,Male,26,North,Jaipur,21-05-2024
11412,Customer_11412,Female,28,South,Indore,25-04-2024
11413,Customer_11413,Male,25,North,Delhi,05-03-2024
11414,Customer_11414,Male,31,North,Jaipur,04-03-2025
11415,Customer_11415,Female,26,South,Hyderabad,05-11-2024
11416,Customer_11416,Male,32,South,Jaipur,06-12-2025
11417,Customer_11417,Male,21,Central,Indore,05-03-2025
11418,Customer_11418,Male,33,South,Ahmedabad,09-06-2024
11419,Customer_11419,Male,36,West,Bengaluru,01-11-2024
11420,Customer_11420,Female,24,East,Kolkata,26-12-2024
11421,Customer_11421,Male,27,West,Kolkata,04-10-2024
11422,Customer_11422,Male,32,South,Bengaluru,22-10-2024
11423,Customer_11423,Male,43,Central,Ahmedabad,04-07-2025
11424,Customer_11424,Female,45,East,Pune,17-06-2024
11425,Customer_11425,Male,33,West,Pune,03-04-2025
11426,Customer_11426,Female,37,South,Indore,02-08-2025
11427,Customer_11427,Male,33,North,Lucknow,07-01-2024
11428,Customer_11428,Female,46,West,Chennai,19-08-2025
11429,Customer_11429,Female,51,North,Indore,11-12-2025
11430,Customer_11430,Male,42,East,Lucknow,11-05-2024
11431,Customer_11431,Male,38,North,Ahmedabad,10-08-2025
11432,Customer_11432,Male,38,East,Kochi,12-12-2024
11433,Customer_11433,Male,35,Central,Jaipur,21-12-2025
11434,Customer_11434,Male,26,East,Chennai,18-08-2025
11435,Customer_11435,Male,29,West,Hyderabad,09-09-2024
11436,Customer_11436,Male,37,East,Lucknow,13-02-2025
11437,Customer_11437,Male,29,East,Pune,26-06-2025
11438,Customer_11438,Female,20,Central,Indore,20-12-2024
11439,Customer_11439,Male,32,Central,Indore,13-12-2025
11440,Customer_11440,Male,18,West,Hyderabad,17-07-2025
11441,Customer_11441,Female,53,South,Chennai,02-01-2025
11442,Customer_11442,Female,28,East,Pune,06-08-2025
11443,Customer_11443,Female,34,South,Mumbai,25-05-2025
11444,Customer_11444,Female,46,South,Indore,16-06-2025
11445,Customer_11445,Female,59,East,Hyderabad,11-06-2025
11446,Customer_11446,Male,32,West,Bengaluru,11-06-2025
11447,Customer_11447,Female,26,Central,Indore,05-02-2025
11448,Customer_11448,Female,40,South,Indore,23-06-2024
11449,Customer_11449,Female,34,North,Lucknow,18-03-2024
11450,Customer_11450,Male,33,Central,Indore,15-03-2025
11451,Customer_11451,Female,36,North,Mumbai,02-07-2025
11452,Customer_11452,Female,38,East,Mumbai,19-08-2024
11453,Customer_11453,Male,54,North,Bengaluru,03-02-2025
11454,Customer_11454,Female,21,South,Pune,31-07-2024
11455,Customer_11455,Male,53,Central,Kolkata,11-07-2024
11456,Customer_11456,Female,32,North,Chennai,25-07-2025
11457,Customer_11457,Female,43,South,Kolkata,01-12-2025
11458,Customer_11458,Male,36,South,Indore,23-09-2024
11459,Customer_11459,Female,34,Central,Mumbai,05-05-2024
11460,Customer_11460,Female,36,Central,Lucknow,15-12-2025
11461,Customer_11461,Male,26,South,Chennai,16-01-2025
11462,Customer_11462,Male,50,North,Mumbai,27-06-2025
11463,Customer_11463,Female,40,East,Delhi,16-05-2025
11464,Customer_11464,Male,38,South,Pune,06-02-2025
11465,Customer_11465,Male,31,West,Indore,17-09-2024
11466,Customer_11466,Female,20,North,Delhi,21-01-2025
11467,Customer_11467,Female,41,North,Delhi,15-02-2025
11468,Customer_11468,Male,41,West,Kolkata,11-12-2024
11469,Customer_11469,Male,40,South,Pune,03-04-2024
11470,Customer_11470,Female,35,Central,Indore,23-11-2024
11471,Customer_11471,Female,32,North,Indore,09-04-2024
11472,Customer_11472,Female,46,South,Hyderabad,05-04-2025
11473,Customer_11473,Male,39,Central,Ahmedabad,10-11-2024
11474,Customer_11474,Female,37,South,Hyderabad,25-01-2024
11475,Customer_11475,Male,19,West,Indore,08-05-2025
11476,Customer_11476,Female,18,North,Jaipur,18-12-2024
11477,Customer_11477,Male,57,East,Delhi,26-04-2024
11478,Customer_11478,Female,42,West,Kolkata,17-07-2024
11479,Customer_11479,Female,47,South,Chennai,05-10-2024
11480,Customer_11480,Female,18,West,Indore,04-08-2025
11481,Customer_11481,Male,44,East,Kochi,19-03-2024
11482,Customer_11482,Female,31,South,Mumbai,27-02-2025
11483,Customer_11483,Female,35,East,Ahmedabad,19-12-2024
11484,Customer_11484,Female,39,East,Kochi,09-06-2025
11485,Customer_11485,Female,36,North,Bengaluru,24-06-2025
11486,Customer_11486,Male,36,South,Lucknow,17-10-2025
11487,Customer_11487,Male,25,South,Kochi,21-04-2025
11488,Customer_11488,Male,40,South,Mumbai,10-01-2024
11489,Customer_11489,Male,25,West,Indore,12-07-2025
11490,Customer_11490,Male,26,East,Chennai,17-05-2025
11491,Customer_11491,Female,35,Central,Chennai,16-09-2024
11492,Customer_11492,Female,21,South,Chennai,07-06-2025
11493,Customer_11493,Female,46,South,Kolkata,18-08-2025
11494,Customer_11494,Female,46,West,Ahmedabad,06-01-2024
11495,Customer_11495,Male,30,East,Ahmedabad,04-02-2024
11496,Customer_11496,Female,31,East,Lucknow,23-06-2024
11497,Customer_11497,Male,34,North,Mumbai,17-03-2025
11498,Customer_11498,Male,18,South,Ahmedabad,30-07-2025
11499,Customer_11499,Male,19,South,Kochi,26-05-2024
11500,Customer_11500,Female,41,Central,Bengaluru,22-07-2025
11501,Customer_11501,Female,38,South,Delhi,11-07-2024
11502,Customer_11502,Male,30,Central,Bengaluru,13-01-2024
11503,Customer_11503,Male,30,West,Chennai,13-06-2025
11504,Customer_11504,Female,41,South,Mumbai,02-09-2024
11505,Customer_11505,Female,18,East,Kochi,05-11-2025
11506,Customer_11506,Female,53,West,Kochi,23-04-2024
11507,Customer_11507,Male,43,Central,Lucknow,20-08-2024
11508,Customer_11508,Female,30,North,Mumbai,08-11-2025
11509,Customer_11509,Male,38,South,Chennai,17-11-2024
11510,Customer_11510,Male,48,South,Delhi,21-06-2025
11511,Customer_11511,Male,24,North,Pune,05-05-2024
11512,Customer_11512,Female,47,East,Chennai,08-11-2024
11513,Customer_11513,Male,34,Central,Kochi,25-05-2025
11514,Customer_11514,Female,41,South,Chennai,28-04-2025
11515,Customer_11515,Male,43,West,Mumbai,07-10-2024
11516,Customer_11516,Male,36,East,Delhi,09-10-2024
11517,Customer_11517,Other,45,South,Indore,12-10-2025
11518,Customer_11518,Male,30,North,Mumbai,04-09-2025
11519,Customer_11519,Female,34,West,Mumbai,26-01-2025
11520,Customer_11520,Female,26,Central,Kochi,06-06-2025
11521,Customer_11521,Female,27,West,Jaipur,16-01-2025
11522,Customer_11522,Male,36,North,Kochi,03-08-2024
11523,Customer_11523,Female,42,South,Pune,25-06-2025
11524,Customer_11524,Female,21,North,Kochi,28-08-2025
11525,Customer_11525,Other,38,East,Bengaluru,25-04-2024
11526,Customer_11526,Female,46,West,Hyderabad,23-05-2025
11527,Customer_11527,Male,47,North,Mumbai,14-05-2025
11528,Customer_11528,Female,33,West,Mumbai,27-09-2024
11529,Customer_11529,Male,23,East,Delhi,15-03-2025
11530,Customer_11530,Male,41,West,Delhi,17-10-2024
11531,Customer_11531,Female,38,Central,Chennai,08-02-2024
11532,Customer_11532,Female,34,North,Delhi,24-01-2024
11533,Customer_11533,Female,31,Central,Indore,12-02-2024
11534,Customer_11534,Female,37,North,Bengaluru,18-06-2024
11535,Customer_11535,Male,38,South,Lucknow,05-12-2024
11536,Customer_11536,Male,30,Central,Indore,17-06-2024
11537,Customer_11537,Male,32,Central,Hyderabad,21-06-2025
11538,Customer_11538,Male,20,East,Kochi,22-11-2025
11539,Customer_11539,Male,37,East,Kolkata,16-04-2025
11540,Customer_11540,Female,38,West,Jaipur,23-10-2025
11541,Customer_11541,Female,22,West,Jaipur,06-10-2025
11542,Customer_11542,Male,33,North,Lucknow,22-05-2024
11543,Customer_11543,Male,29,West,Hyderabad,06-11-2025
11544,Customer_11544,Female,45,East,Jaipur,10-04-2024
11545,Customer_11545,Male,21,East,Hyderabad,28-07-2025
11546,Customer_11546,Female,45,South,Hyderabad,27-08-2025
11547,Customer_11547,Male,47,East,Bengaluru,19-12-2025
11548,Customer_11548,Male,18,Central,Kochi,19-04-2025
11549,Customer_11549,Female,40,East,Lucknow,06-11-2024
11550,Customer_11550,Female,39,Central,Lucknow,06-08-2025
11551,Customer_11551,Male,19,North,Pune,29-02-2024
11552,Customer_11552,Other,31,West,Jaipur,29-01-2024
11553,Customer_11553,Male,30,West,Chennai,14-06-2025
11554,Customer_11554,Male,25,West,Jaipur,13-03-2024
11555,Customer_11555,Female,28,East,Jaipur,28-01-2025
11556,Customer_11556,Female,43,East,Ahmedabad,28-01-2025
11557,Customer_11557,Male,35,Central,Lucknow,25-04-2025
11558,Customer_11558,Female,28,West,Indore,17-04-2025
11559,Customer_11559,Male,23,North,Kolkata,08-11-2024
11560,Customer_11560,Female,42,West,Mumbai,13-03-2025
11561,Customer_11561,Female,51,South,Kochi,19-11-2024
11562,Customer_11562,Male,32,South,Mumbai,27-03-2024
11563,Customer_11563,Male,33,Central,Delhi,24-12-2024
11564,Customer_11564,Female,60,South,Jaipur,25-11-2025
11565,Customer_11565,Female,42,West,Indore,15-07-2024
11566,Customer_11566,Female,45,South,Mumbai,19-01-2025
11567,Customer_11567,Female,28,North,Ahmedabad,27-04-2024
11568,Customer_11568,Male,26,East,Ahmedabad,12-05-2025
11569,Customer_11569,Female,47,North,Pune,06-04-2025
11570,Customer_11570,Female,39,West,Bengaluru,10-05-2025
11571,Customer_11571,Male,36,South,Pune,16-08-2025
11572,Customer_11572,Female,38,South,Delhi,03-09-2024
11573,Customer_11573,Male,51,North,Kolkata,21-08-2024
11574,Customer_11574,Male,27,South,Lucknow,20-02-2025
11575,Customer_11575,Female,36,West,Hyderabad,11-04-2025
11576,Customer_11576,Female,27,North,Mumbai,26-04-2025
11577,Customer_11577,Female,37,West,Ahmedabad,30-12-2024
11578,Customer_11578,Male,42,Central,Hyderabad,01-06-2024
11579,Customer_11579,Male,37,West,Kochi,28-09-2024
11580,Customer_11580,Male,51,West,Indore,26-01-2025
11581,Customer_11581,Male,29,North,Mumbai,30-06-2025
11582,Customer_11582,Other,39,South,Mumbai,25-12-2025
11583,Customer_11583,Male,47,Central,Indore,23-12-2025
11584,Customer_11584,Female,30,West,Ahmedabad,05-03-2025
11585,Customer_11585,Female,29,West,Hyderabad,12-10-2025
11586,Customer_11586,Female,32,West,Kochi,07-07-2024
11587,Customer_11587,Female,20,South,Chennai,08-09-2024
11588,Customer_11588,Female,45,North,Kolkata,29-01-2025
11589,Customer_11589,Female,36,West,Delhi,23-10-2025
11590,Customer_11590,Male,18,West,Kochi,06-08-2024
11591,Customer_11591,Female,30,East,Mumbai,16-08-2025
11592,Customer_11592,Female,47,Central,Kochi,08-07-2024
11593,Customer_11593,Male,31,South,Pune,21-08-2024
11594,Customer_11594,Female,50,South,Chennai,18-11-2025
11595,Customer_11595,Female,31,Central,Bengaluru,19-08-2024
11596,Customer_11596,Female,20,West,Pune,23-12-2024
11597,Customer_11597,Male,18,East,Lucknow,22-04-2025
11598,Customer_11598,Female,55,North,Mumbai,28-07-2025
11599,Customer_11599,Male,26,South,Jaipur,04-03-2025
11600,Customer_11600,Male,28,West,Mumbai,24-08-2024
11601,Customer_11601,Female,33,South,Jaipur,02-02-2024
11602,Customer_11602,Female,36,West,Pune,31-07-2024
11603,Customer_11603,Female,24,Central,Ahmedabad,25-07-2025
11604,Customer_11604,Female,47,West,Jaipur,13-01-2025
11605,Customer_11605,Female,37,South,Ahmedabad,02-01-2024
11606,Customer_11606,Female,46,West,Lucknow,25-03-2025
11607,Customer_11607,Male,18,South,Bengaluru,22-07-2025
11608,Customer_11608,Male,39,North,Mumbai,02-03-2025
11609,Customer_11609,Female,38,North,Ahmedabad,11-10-2025
11610,Customer_11610,Male,34,South,Chennai,05-10-2024
11611,Customer_11611,Male,29,Central,Kochi,01-08-2024
11612,Customer_11612,Female,19,South,Delhi,11-10-2024
11613,Customer_11613,Female,20,North,Pune,26-06-2025
11614,Customer_11614,Male,47,Central,Indore,18-12-2025
11615,Customer_11615,Female,38,North,Indore,30-09-2024
11616,Customer_11616,Male,32,West,Pune,11-01-2024
11617,Customer_11617,Male,31,South,Kolkata,16-02-2024
11618,Customer_11618,Male,44,North,Chennai,29-05-2025
11619,Customer_11619,Male,44,Central,Hyderabad,03-10-2025
11620,Customer_11620,Female,26,North,Ahmedabad,13-03-2025
11621,Customer_11621,Male,20,East,Hyderabad,06-08-2025
11622,Customer_11622,Female,38,South,Delhi,01-11-2025
11623,Customer_11623,Female,46,North,Mumbai,02-03-2025
11624,Customer_11624,Male,41,North,Mumbai,07-03-2025
11625,Customer_11625,Male,51,North,Pune,09-05-2024
11626,Customer_11626,Male,32,North,Ahmedabad,22-01-2024
11627,Customer_11627,Female,37,West,Chennai,23-01-2025
11628,Customer_11628,Male,33,East,Pune,14-05-2024
11629,Customer_11629,Female,42,South,Indore,15-06-2025
11630,Customer_11630,Male,27,South,Pune,07-08-2024
11631,Customer_11631,Female,36,Central,Indore,28-11-2024
11632,Customer_11632,Female,50,Central,Hyderabad,09-05-2024
11633,Customer_11633,Female,27,West,Kolkata,01-02-2024
11634,Customer_11634,Female,18,Central,Hyderabad,24-08-2025
11635,Customer_11635,Female,39,South,Indore,28-02-2025
11636,Customer_11636,Female,56,South,Kolkata,24-10-2024
11637,Customer_11637,Female,27,East,Ahmedabad,18-05-2025
11638,Customer_11638,Female,47,East,Delhi,15-11-2025
11639,Customer_11639,Female,34,East,Ahmedabad,22-12-2024
11640,Customer_11640,Male,24,South,Pune,30-03-2025
11641,Customer_11641,Male,41,Central,Pune,04-02-2025
11642,Customer_11642,Male,20,West,Lucknow,12-07-2025
11643,Customer_11643,Female,49,South,Lucknow,09-12-2025
11644,Customer_11644,Male,35,West,Jaipur,30-03-2025
11645,Customer_11645,Female,18,South,Pune,03-02-2024
11646,Customer_11646,Male,53,North,Indore,04-09-2024
11647,Customer_11647,Male,43,South,Lucknow,11-02-2024
11648,Customer_11648,Male,37,South,Chennai,02-05-2024
11649,Customer_11649,Male,43,North,Kochi,27-01-2024
11650,Customer_11650,Female,18,West,Kochi,06-04-2025
11651,Customer_11651,Male,28,South,Pune,24-07-2025
11652,Customer_11652,Male,59,East,Indore,26-05-2024
11653,Customer_11653,Female,35,North,Ahmedabad,10-05-2025
11654,Customer_11654,Male,28,North,Jaipur,18-09-2025
11655,Customer_11655,Male,36,Central,Kochi,30-04-2025
11656,Customer_11656,Female,23,East,Kochi,04-04-2025
11657,Customer_11657,Male,50,Central,Lucknow,11-12-2025
11658,Customer_11658,Male,30,Central,Ahmedabad,07-05-2024
11659,Customer_11659,Male,18,South,Ahmedabad,10-01-2025
11660,Customer_11660,Male,36,South,Kolkata,26-10-2025
11661,Customer_11661,Male,44,Central,Hyderabad,23-03-2024
11662,Customer_11662,Male,41,Central,Delhi,18-06-2025
11663,Customer_11663,Male,20,East,Delhi,06-06-2025
11664,Customer_11664,Male,25,West,Indore,29-11-2025
11665,Customer_11665,Male,18,West,Mumbai,19-09-2025
11666,Customer_11666,Male,41,South,Delhi,04-11-2025
11667,Customer_11667,Male,39,East,Indore,12-04-2024
11668,Customer_11668,Male,40,West,Bengaluru,02-06-2025
11669,Customer_11669,Female,30,West,Mumbai,27-12-2024
11670,Customer_11670,Female,18,North,Mumbai,14-11-2025
11671,Customer_11671,Female,26,South,Kochi,12-09-2024
11672,Customer_11672,Female,45,North,Hyderabad,03-09-2024
11673,Customer_11673,Female,38,South,Kolkata,10-07-2024
11674,Customer_11674,Female,18,Central,Delhi,17-09-2025
11675,Customer_11675,Male,31,North,Ahmedabad,18-06-2025
11676,Customer_11676,Male,40,South,Jaipur,09-11-2024
11677,Customer_11677,Male,33,South,Bengaluru,02-10-2024
11678,Customer_11678,Male,20,East,Bengaluru,07-01-2025
11679,Customer_11679,Female,29,East,Bengaluru,19-03-2025
11680,Customer_11680,Female,27,South,Ahmedabad,09-10-2025
11681,Customer_11681,Male,34,North,Bengaluru,13-07-2024
11682,Customer_11682,Female,37,South,Pune,14-09-2024
11683,Customer_11683,Male,27,East,Chennai,04-08-2025
11684,Customer_11684,Female,40,South,Kochi,25-12-2024
11685,Customer_11685,Female,50,Central,Jaipur,01-07-2025
11686,Customer_11686,Male,65,East,Bengaluru,17-04-2024
11687,Customer_11687,Female,25,North,Hyderabad,24-01-2024
11688,Customer_11688,Female,35,West,Bengaluru,13-10-2025
11689,Customer_11689,Female,18,South,Kochi,09-04-2025
11690,Customer_11690,Male,29,West,Chennai,22-01-2024
11691,Customer_11691,Female,47,South,Ahmedabad,16-05-2025
11692,Customer_11692,Female,18,East,Ahmedabad,16-12-2025
11693,Customer_11693,Female,30,West,Bengaluru,15-05-2025
11694,Customer_11694,Male,34,Central,Indore,15-08-2025
11695,Customer_11695,Male,18,South,Chennai,10-02-2025
11696,Customer_11696,Female,38,South,Indore,25-11-2024
11697,Customer_11697,Male,37,East,Bengaluru,03-12-2025
11698,Customer_11698,Male,28,Central,Indore,12-10-2024
11699,Customer_11699,Male,40,Central,Kolkata,26-05-2024
11700,Customer_11700,Male,26,North,Kochi,18-01-2025
11701,Customer_11701,Male,39,North,Ahmedabad,11-01-2024
11702,Customer_11702,Male,34,East,Chennai,02-10-2024
11703,Customer_11703,Male,36,North,Lucknow,21-07-2025
11704,Customer_11704,Female,32,South,Indore,15-11-2025
11705,Customer_11705,Male,21,North,Hyderabad,29-10-2024
11706,Customer_11706,Male,20,West,Kolkata,22-07-2024
11707,Customer_11707,Female,26,Central,Mumbai,10-12-2024
11708,Customer_11708,Male,29,Central,Bengaluru,22-09-2024
11709,Customer_11709,Male,37,South,Pune,22-01-2024
11710,Customer_11710,Male,34,East,Bengaluru,19-06-2025
11711,Customer_11711,Female,29,Central,Kochi,06-12-2025
11712,Customer_11712,Female,18,North,Ahmedabad,05-04-2024
11713,Customer_11713,Male,27,West,Mumbai,20-03-2025
11714,Customer_11714,Female,22,South,Bengaluru,19-09-2024
11715,Customer_11715,Female,51,North,Ahmedabad,06-08-2025
11716,Customer_11716,Male,35,South,Pune,17-01-2025
11717,Customer_11717,Female,50,North,Delhi,03-07-2025
11718,Customer_11718,Male,35,West,Chennai,26-01-2025
11719,Customer_11719,Female,53,South,Kochi,23-08-2025
11720,Customer_11720,Female,37,South,Kolkata,23-06-2025
11721,Customer_11721,Female,38,North,Indore,01-04-2024
11722,Customer_11722,Female,53,Central,Indore,19-07-2025
11723,Customer_11723,Female,27,East,Delhi,07-06-2024
11724,Customer_11724,Male,27,East,Indore,15-08-2024
11725,Customer_11725,Male,35,East,Lucknow,17-04-2025
11726,Customer_11726,Female,63,South,Kolkata,06-01-2025
11727,Customer_11727,Male,30,North,Pune,10-01-2025
11728,Customer_11728,Male,37,West,Chennai,06-07-2025
11729,Customer_11729,Male,43,North,Mumbai,06-02-2024
11730,Customer_11730,Male,50,North,Hyderabad,28-09-2025
11731,Customer_11731,Male,43,West,Ahmedabad,21-11-2025
11732,Customer_11732,Female,49,North,Lucknow,06-02-2024
11733,Customer_11733,Male,42,South,Kolkata,10-04-2024
11734,Customer_11734,Female,35,East,Pune,26-06-2025
11735,Customer_11735,Male,23,South,Delhi,08-07-2024
11736,Customer_11736,Female,29,West,Chennai,26-05-2025
11737,Customer_11737,Male,30,East,Chennai,19-10-2025
11738,Customer_11738,Female,37,West,Bengaluru,30-03-2024
11739,Customer_11739,Male,39,West,Pune,06-01-2024
11740,Customer_11740,Female,53,South,Lucknow,18-05-2024
11741,Customer_11741,Male,18,South,Chennai,04-04-2024
11742,Customer_11742,Female,34,South,Hyderabad,22-09-2025
11743,Customer_11743,Male,53,South,Jaipur,23-09-2025
11744,Customer_11744,Male,20,Central,Kolkata,20-01-2025
11745,Customer_11745,Male,27,West,Lucknow,02-05-2024
11746,Customer_11746,Female,39,North,Bengaluru,11-10-2024
11747,Customer_11747,Male,43,North,Pune,31-12-2024
11748,Customer_11748,Female,20,North,Hyderabad,21-11-2025
11749,Customer_11749,Other,49,South,Bengaluru,04-05-2025
11750,Customer_11750,Male,40,North,Kolkata,20-11-2024
11751,Customer_11751,Female,20,East,Mumbai,10-02-2025
11752,Customer_11752,Male,46,Central,Kolkata,02-06-2025
11753,Customer_11753,Female,44,West,Pune,30-09-2025
11754,Customer_11754,Female,34,South,Chennai,17-03-2024
11755,Customer_11755,Other,29,South,Kochi,21-08-2024
11756,Customer_11756,Male,22,East,Jaipur,08-08-2025
11757,Customer_11757,Female,30,West,Kochi,28-04-2025
11758,Customer_11758,Male,44,West,Chennai,08-04-2025
11759,Customer_11759,Male,18,Central,Chennai,27-09-2024
11760,Customer_11760,Male,26,East,Ahmedabad,11-04-2025
11761,Customer_11761,Male,37,West,Kolkata,13-04-2025
11762,Customer_11762,Female,41,North,Hyderabad,23-09-2025
11763,Customer_11763,Male,41,East,Kochi,30-06-2025
11764,Customer_11764,Other,26,South,Bengaluru,19-12-2025
11765,Customer_11765,Female,33,South,Delhi,26-09-2024
11766,Customer_11766,Female,29,West,Jaipur,27-08-2025
11767,Customer_11767,Female,37,South,Kolkata,12-01-2025
11768,Customer_11768,Female,40,North,Bengaluru,25-06-2024
11769,Customer_11769,Male,32,North,Lucknow,30-09-2024
11770,Customer_11770,Female,35,North,Indore,21-11-2025
11771,Customer_11771,Male,34,North,Ahmedabad,02-10-2025
11772,Customer_11772,Male,18,North,Hyderabad,28-09-2025
11773,Customer_11773,Male,47,South,Ahmedabad,27-01-2024
11774,Customer_11774,Female,44,South,Chennai,29-07-2025
11775,Customer_11775,Male,18,Central,Hyderabad,29-02-2024
11776,Customer_11776,Male,55,South,Mumbai,04-08-2024
11777,Customer_11777,Male,38,North,Lucknow,11-11-2025
11778,Customer_11778,Male,39,East,Kolkata,22-10-2025
11779,Customer_11779,Female,29,Central,Indore,26-09-2024
11780,Customer_11780,Female,35,West,Kolkata,25-04-2024
11781,Customer_11781,Female,39,South,Ahmedabad,01-09-2024
11782,Customer_11782,Male,52,East,Lucknow,21-10-2025
11783,Customer_11783,Male,23,West,Lucknow,26-08-2025
11784,Customer_11784,Male,45,West,Delhi,25-03-2024
11785,Customer_11785,Female,30,West,Pune,21-08-2025
11786,Customer_11786,Male,48,Central,Indore,23-09-2025
11787,Customer_11787,Male,19,Central,Kolkata,25-03-2025
11788,Customer_11788,Male,33,East,Ahmedabad,19-06-2025
11789,Customer_11789,Male,18,South,Mumbai,29-03-2024
11790,Customer_11790,Male,27,West,Chennai,02-07-2025
11791,Customer_11791,Female,29,West,Ahmedabad,21-05-2025
11792,Customer_11792,Female,38,North,Pune,11-02-2025
11793,Customer_11793,Male,18,Central,Hyderabad,27-09-2024
11794,Customer_11794,Male,51,North,Bengaluru,07-06-2025
11795,Customer_11795,Male,52,East,Mumbai,08-05-2025
11796,Customer_11796,Female,36,Central,Indore,29-08-2025
11797,Customer_11797,Female,21,South,Kolkata,23-03-2025
11798,Customer_11798,Female,20,East,Kochi,26-06-2025
11799,Customer_11799,Male,35,North,Mumbai,15-12-2024
11800,Customer_11800,Female,26,South,Jaipur,23-11-2024
11801,Customer_11801,Female,47,North,Jaipur,12-10-2024
11802,Customer_11802,Female,31,South,Indore,04-02-2024
11803,Customer_11803,Male,39,South,Indore,16-06-2025
11804,Customer_11804,Female,33,Central,Indore,14-09-2025
11805,Customer_11805,Female,29,Central,Lucknow,02-05-2025
11806,Customer_11806,Male,26,North,Ahmedabad,01-05-2025
11807,Customer_11807,Male,23,West,Jaipur,24-05-2024
11808,Customer_11808,Female,30,North,Ahmedabad,07-06-2025
11809,Customer_11809,Female,35,North,Jaipur,25-05-2024
11810,Customer_11810,Other,36,North,Delhi,17-05-2025
11811,Customer_11811,Male,34,Central,Delhi,26-08-2025
11812,Customer_11812,Female,32,Central,Chennai,18-09-2025
11813,Customer_11813,Male,18,North,Kolkata,10-06-2025
11814,Customer_11814,Female,46,North,Jaipur,28-09-2024
11815,Customer_11815,Male,19,South,Delhi,17-06-2025
11816,Customer_11816,Male,39,East,Kolkata,21-09-2025
11817,Customer_11817,Male,46,East,Indore,04-04-2024
11818,Customer_11818,Female,46,South,Indore,22-03-2025
11819,Customer_11819,Male,42,West,Pune,18-02-2025
11820,Customer_11820,Female,35,South,Jaipur,13-09-2024
11821,Customer_11821,Male,25,Central,Jaipur,18-09-2024
11822,Customer_11822,Male,20,West,Jaipur,27-03-2024
11823,Customer_11823,Male,34,South,Chennai,11-03-2025
11824,Customer_11824,Male,27,West,Mumbai,23-07-2025
11825,Customer_11825,Male,29,West,Pune,17-04-2024
11826,Customer_11826,Female,41,South,Bengaluru,19-01-2024
11827,Customer_11827,Male,32,South,Kolkata,30-12-2024
11828,Customer_11828,Male,26,Central,Kolkata,14-10-2025
11829,Customer_11829,Female,64,North,Bengaluru,13-01-2025
11830,Customer_11830,Male,31,North,Pune,08-06-2024
11831,Customer_11831,Female,42,East,Delhi,09-04-2024
11832,Customer_11832,Female,41,West,Kolkata,21-09-2024
11833,Customer_11833,Male,30,West,Ahmedabad,18-02-2024
11834,Customer_11834,Female,27,Central,Kochi,07-11-2025
11835,Customer_11835,Female,18,East,Lucknow,18-02-2025
11836,Customer_11836,Male,36,North,Hyderabad,28-02-2024
11837,Customer_11837,Female,34,East,Chennai,01-07-2024
11838,Customer_11838,Male,22,West,Jaipur,20-10-2025
11839,Customer_11839,Male,47,North,Bengaluru,22-03-2025
11840,Customer_11840,Female,40,North,Delhi,27-10-2024
11841,Customer_11841,Female,34,North,Ahmedabad,30-08-2025
11842,Customer_11842,Female,30,East,Indore,08-07-2025
11843,Customer_11843,Female,32,Central,Chennai,19-12-2024
11844,Customer_11844,Male,22,West,Ahmedabad,31-07-2024
11845,Customer_11845,Female,28,Central,Kochi,07-07-2024
11846,Customer_11846,Female,41,North,Kochi,04-10-2025
11847,Customer_11847,Female,32,Central,Hyderabad,12-12-2024
11848,Customer_11848,Female,55,West,Kolkata,16-05-2024
11849,Customer_11849,Female,28,South,Pune,30-01-2024
11850,Customer_11850,Male,33,Central,Bengaluru,25-05-2024
11851,Customer_11851,Male,39,South,Kolkata,12-04-2025
11852,Customer_11852,Female,40,Central,Mumbai,08-09-2025
11853,Customer_11853,Female,31,Central,Delhi,17-05-2025
11854,Customer_11854,Female,27,West,Lucknow,09-07-2024
11855,Customer_11855,Male,31,East,Pune,15-04-2025
11856,Customer_11856,Male,38,North,Mumbai,20-11-2025
11857,Customer_11857,Male,31,East,Hyderabad,10-12-2024
11858,Customer_11858,Female,58,South,Kochi,01-01-2024
11859,Customer_11859,Male,31,West,Hyderabad,19-04-2024
11860,Customer_11860,Female,36,West,Pune,04-03-2024
11861,Customer_11861,Female,34,Central,Delhi,22-02-2024
11862,Customer_11862,Male,32,North,Kolkata,18-09-2024
11863,Customer_11863,Male,43,West,Jaipur,12-06-2025
11864,Customer_11864,Male,24,Central,Ahmedabad,28-10-2024
11865,Customer_11865,Male,58,West,Mumbai,21-08-2024
11866,Customer_11866,Male,27,North,Kolkata,13-03-2024
11867,Customer_11867,Male,39,North,Hyderabad,22-12-2024
11868,Customer_11868,Female,36,North,Bengaluru,25-08-2025
11869,Customer_11869,Male,34,East,Jaipur,28-04-2025
11870,Customer_11870,Female,47,East,Kochi,06-01-2024
11871,Customer_11871,Female,53,Central,Ahmedabad,10-12-2025
11872,Customer_11872,Male,26,South,Kolkata,08-12-2025
11873,Customer_11873,Female,26,South,Lucknow,16-05-2024
11874,Customer_11874,Male,39,East,Kochi,07-02-2025
11875,Customer_11875,Male,34,West,Bengaluru,19-09-2025
11876,Customer_11876,Female,29,Central,Bengaluru,08-07-2025
11877,Customer_11877,Male,31,West,Kolkata,23-07-2025
11878,Customer_11878,Male,29,South,Kolkata,24-07-2024
11879,Customer_11879,Male,23,West,Pune,13-02-2025
11880,Customer_11880,Female,37,Central,Kochi,28-08-2025
11881,Customer_11881,Male,35,East,Indore,05-02-2024
11882,Customer_11882,Female,29,South,Chennai,17-08-2024
11883,Customer_11883,Female,18,North,Pune,14-08-2024
11884,Customer_11884,Male,31,North,Indore,25-11-2025
11885,Customer_11885,Male,54,West,Jaipur,18-09-2024
11886,Customer_11886,Male,31,North,Delhi,10-05-2024
11887,Customer_11887,Male,31,South,Indore,30-07-2025
11888,Customer_11888,Male,29,South,Kochi,23-03-2025
11889,Customer_11889,Male,40,East,Hyderabad,04-07-2024
11890,Customer_11890,Male,45,South,Jaipur,20-09-2025
11891,Customer_11891,Male,27,West,Ahmedabad,04-07-2024
11892,Customer_11892,Female,19,North,Lucknow,30-09-2024
11893,Customer_11893,Male,31,North,Bengaluru,24-10-2025
11894,Customer_11894,Female,29,East,Delhi,17-12-2024
11895,Customer_11895,Male,32,South,Mumbai,16-02-2025
11896,Customer_11896,Female,46,South,Mumbai,30-05-2024
11897,Customer_11897,Female,24,North,Pune,18-01-2025
11898,Customer_11898,Male,38,Central,Kolkata,05-02-2024
11899,Customer_11899,Female,38,West,Ahmedabad,21-11-2024
11900,Customer_11900,Male,39,North,Kolkata,09-04-2025
11901,Customer_11901,Female,41,North,Indore,10-04-2025
11902,Customer_11902,Female,18,Central,Jaipur,04-04-2024
11903,Customer_11903,Male,40,West,Bengaluru,13-05-2024
11904,Customer_11904,Female,34,South,Kochi,10-06-2024
11905,Customer_11905,Female,27,West,Delhi,09-07-2025
11906,Customer_11906,Male,51,West,Bengaluru,26-10-2024
11907,Customer_11907,Female,43,West,Lucknow,21-12-2024
11908,Customer_11908,Female,26,East,Mumbai,27-08-2024
11909,Customer_11909,Male,29,South,Kochi,17-07-2025
11910,Customer_11910,Female,45,North,Hyderabad,08-08-2025
11911,Customer_11911,Male,34,Central,Ahmedabad,15-06-2024
11912,Customer_11912,Female,21,East,Chennai,19-05-2024
11913,Customer_11913,Male,52,North,Chennai,18-05-2024
11914,Customer_11914,Female,32,Central,Ahmedabad,22-08-2024
11915,Customer_11915,Female,34,Central,Lucknow,03-01-2024
11916,Customer_11916,Female,39,Central,Jaipur,12-09-2024
11917,Customer_11917,Other,26,Central,Jaipur,05-01-2025
11918,Customer_11918,Male,47,Central,Kochi,04-10-2024
11919,Customer_11919,Male,25,South,Jaipur,30-05-2025
11920,Customer_11920,Female,36,West,Bengaluru,30-07-2024
11921,Customer_11921,Male,29,West,Kolkata,03-08-2024
11922,Customer_11922,Male,45,South,Kolkata,26-09-2024
11923,Customer_11923,Female,40,North,Delhi,20-04-2025
11924,Customer_11924,Female,32,Central,Chennai,11-06-2025
11925,Customer_11925,Male,18,South,Pune,04-03-2024
11926,Customer_11926,Female,38,Central,Kolkata,04-04-2025
11927,Customer_11927,Female,35,North,Bengaluru,16-01-2024
11928,Customer_11928,Female,19,North,Kochi,17-07-2025
11929,Customer_11929,Female,36,East,Bengaluru,19-01-2024
11930,Customer_11930,Male,41,South,Bengaluru,20-11-2024
11931,Customer_11931,Female,35,West,Chennai,02-04-2024
11932,Customer_11932,Male,29,East,Pune,17-01-2024
11933,Customer_11933,Female,48,North,Lucknow,14-09-2025
11934,Customer_11934,Female,52,North,Pune,02-05-2025
11935,Customer_11935,Male,23,South,Mumbai,03-04-2024
11936,Customer_11936,Female,44,North,Indore,10-01-2024
11937,Customer_11937,Female,38,West,Delhi,24-12-2025
11938,Customer_11938,Female,28,South,Kolkata,11-06-2025
11939,Customer_11939,Male,32,North,Kolkata,03-05-2025
11940,Customer_11940,Female,32,East,Pune,23-05-2024
11941,Customer_11941,Female,45,North,Hyderabad,07-07-2025
11942,Customer_11942,Female,30,North,Kochi,29-05-2025
11943,Customer_11943,Female,18,South,Pune,14-04-2025
11944,Customer_11944,Female,32,Central,Hyderabad,11-01-2025
11945,Customer_11945,Female,43,Central,Lucknow,29-10-2025
11946,Customer_11946,Male,46,West,Chennai,08-05-2025
11947,Customer_11947,Female,30,South,Pune,15-11-2025
11948,Customer_11948,Female,39,South,Kolkata,28-04-2025
11949,Customer_11949,Female,46,East,Ahmedabad,27-03-2025
11950,Customer_11950,Male,41,West,Jaipur,19-06-2025
11951,Customer_11951,Male,55,Central,Pune,15-03-2024
11952,Customer_11952,Male,48,North,Lucknow,09-02-2024
11953,Customer_11953,Female,30,North,Kolkata,28-10-2024
11954,Customer_11954,Male,33,West,Delhi,05-07-2025
11955,Customer_11955,Male,51,West,Kochi,02-03-2024
11956,Customer_11956,Female,22,West,Kolkata,17-05-2025
11957,Customer_11957,Male,33,West,Kochi,01-09-2024
11958,Customer_11958,Female,53,Central,Hyderabad,18-01-2024
11959,Customer_11959,Female,54,East,Mumbai,13-10-2025
11960,Customer_11960,Female,37,Central,Hyderabad,01-02-2025
11961,Customer_11961,Male,18,Central,Lucknow,16-08-2025
11962,Customer_11962,Male,30,West,Ahmedabad,07-07-2024
11963,Customer_11963,Male,41,South,Mumbai,11-09-2025
11964,Customer_11964,Female,26,North,Kolkata,13-04-2024
11965,Customer_11965,Male,57,East,Bengaluru,07-10-2025
11966,Customer_11966,Male,32,East,Indore,09-12-2024
11967,Customer_11967,Female,47,Central,Indore,05-01-2025
11968,Customer_11968,Male,33,North,Chennai,02-02-2024
11969,Customer_11969,Female,37,South,Mumbai,08-01-2025
11970,Customer_11970,Female,34,West,Kochi,26-06-2024
11971,Customer_11971,Male,28,North,Mumbai,12-01-2024
11972,Customer_11972,Female,30,South,Chennai,31-03-2025
11973,Customer_11973,Female,41,South,Ahmedabad,04-10-2025
11974,Customer_11974,Male,32,East,Bengaluru,05-09-2024
11975,Customer_11975,Male,30,North,Lucknow,23-03-2025
11976,Customer_11976,Female,40,Central,Delhi,23-07-2025
11977,Customer_11977,Male,49,South,Delhi,04-01-2024
11978,Customer_11978,Female,51,Central,Indore,23-08-2024
11979,Customer_11979,Female,24,East,Lucknow,21-06-2024
11980,Customer_11980,Male,26,South,Chennai,17-11-2024
11981,Customer_11981,Female,47,North,Pune,05-01-2025
11982,Customer_11982,Male,29,North,Jaipur,01-07-2025
11983,Customer_11983,Male,32,East,Chennai,22-10-2024
11984,Customer_11984,Female,21,North,Indore,03-02-2025
11985,Customer_11985,Male,41,South,Kochi,27-02-2024
11986,Customer_11986,Female,34,East,Ahmedabad,13-06-2025
11987,Customer_11987,Female,45,South,Chennai,01-07-2025
11988,Customer_11988,Male,42,North,Mumbai,11-02-2025
11989,Customer_11989,Male,45,West,Pune,02-10-2025
11990,Customer_11990,Male,45,Central,Delhi,27-05-2025
11991,Customer_11991,Female,30,North,Chennai,04-03-2024
11992,Customer_11992,Male,34,North,Ahmedabad,27-07-2025
11993,Customer_11993,Male,36,Central,Lucknow,23-02-2025
11994,Customer_11994,Female,35,North,Lucknow,25-05-2024
11995,Customer_11995,Male,41,Central,Delhi,28-09-2024
11996,Customer_11996,Male,29,North,Kolkata,17-01-2024
11997,Customer_11997,Female,37,Central,Mumbai,07-04-2024
11998,Customer_11998,Male,28,South,Delhi,27-03-2025
11999,Customer_11999,Male,37,Central,Ahmedabad,30-08-2024
12000,Customer_12000,Male,38,South,Ahmedabad,23-04-2025
