customer_id,recency,frequency,monetary,r_score,f_score,m_score,rfm_score,segment
1,26,12,282955.62,3,5,3,11,Medium Value
2,43,8,347290.64,2,3,4,9,Low Value
3,196,3,32756.15,1,1,1,3,At Risk
4,33,9,395027.08,3,3,5,11,Medium Value
5,25,6,251561.03,3,1,3,7,Low Value
6,25,8,153482.1,3,3,1,7,Low Value
7,10,8,313785.26,4,3,4,11,Medium Value
8,26,11,362056.27,3,4,4,11,Medium Value
9,106,4,51014.14,1,1,1,3,At Risk
10,4,7,209745.41,5,2,2,9,Low Value
11,39,14,512725.68,3,5,5,13,High Value
12,23,12,334968.1,3,5,4,12,Medium Value
13,16,7,234965.46000000002,4,2,3,9,Low Value
14,37,12,371210.26,3,5,5,13,High Value
15,47,11,252888.86000000002,2,4,3,9,Low Value
16,23,5,143985.16999999998,3,1,1,5,At Risk
17,61,9,241059.73,2,3,3,8,Low Value
18,29,8,300323.89,3,3,4,10,Medium Value
19,60,6,166816.6,2,1,2,5,At Risk
20,26,10,161322.58,3,4,1,8,Low Value
21,8,8,131337.47999999998,5,3,1,9,Low Value
22,6,10,478116.97,5,4,5,14,High Value
23,75,5,69063.39,1,1,1,3,At Risk
24,3,7,334085.48,5,2,4,11,Medium Value
25,0,11,421445.56,5,4,5,14,High Value
26,12,8,205758.91,4,3,2,9,Low Value
27,20,13,311427.31,4,5,4,13,High Value
28,246,5,191106.22,1,1,2,4,At Risk
29,5,10,291002.51,5,4,4,13,High Value
30,20,9,391673.68,4,3,5,12,Medium Value
31,12,10,233703.51,4,4,3,11,Medium Value
32,11,9,188017.78999999998,4,3,2,9,Low Value
33,2,8,225331.1,5,3,3,11,Medium Value
34,23,7,208588.85,3,2,2,7,Low Value
35,1,10,249274.24,5,4,3,12,Medium Value
36,230,3,148578.16,1,1,1,3,At Risk
37,146,6,94055.31999999999,1,1,1,3,At Risk
38,125,3,47373.68,1,1,1,3,At Risk
39,47,6,113179.2,2,1,1,4,At Risk
40,0,11,245312.44,5,4,3,12,Medium Value
41,88,13,283222.95,1,5,3,9,Low Value
42,26,5,116980.66,3,1,1,5,At Risk
43,106,6,122682.6,1,1,1,3,At Risk
44,86,11,172208.22999999998,1,4,2,7,Low Value
45,12,7,197605.83000000002,4,2,2,8,Low Value
46,40,8,288005.27999999997,3,3,3,9,Low Value
47,50,8,154718.35,2,3,1,6,At Risk
48,150,6,184336.36,1,1,2,4,At Risk
49,32,4,58336.82,3,1,1,5,At Risk
50,17,8,206618.43,4,3,2,9,Low Value
51,10,9,248116.56,4,3,3,10,Medium Value
52,51,4,95820.82,2,1,1,4,At Risk
53,9,11,443130.58999999997,5,4,5,14,High Value
54,61,5,191785.66999999998,2,1,2,5,At Risk
55,20,5,170959.22999999998,4,1,2,7,Low Value
56,6,9,396578.25,5,3,5,13,High Value
57,32,3,70287.29000000001,3,1,1,5,At Risk
58,38,4,67275.33,3,1,1,5,At Risk
59,102,6,171543.44,1,1,2,4,At Risk
60,265,3,31683.670000000002,1,1,1,3,At Risk
61,31,13,373967.46,3,5,5,13,High Value
62,28,17,502854.54,3,5,5,13,High Value
63,96,8,144060.54,1,3,1,5,At Risk
64,27,11,218338.99,3,4,2,9,Low Value
65,80,6,164122.26,1,1,2,4,At Risk
66,4,5,225732.47999999998,5,1,3,9,Low Value
67,90,8,156096.54,1,3,1,5,At Risk
68,37,12,419988.32,3,5,5,13,High Value
69,6,11,333722.95,5,4,4,13,High Value
70,0,14,286375.33,5,5,3,13,High Value
71,62,7,289582.54,2,2,4,8,Low Value
72,10,11,286229.24,4,4,3,11,Medium Value
73,128,8,226792.21,1,3,3,7,Low Value
74,13,13,349498.24,4,5,4,13,High Value
75,23,9,265599.46,3,3,3,9,Low Value
76,70,8,248142.96,2,3,3,8,Low Value
77,11,12,405678.71,4,5,5,14,High Value
78,60,6,251600.35,2,1,3,6,At Risk
79,23,9,369880.42000000004,3,3,5,11,Medium Value
80,73,11,420698.22,1,4,5,10,Medium Value
81,25,11,296869.86,3,4,4,11,Medium Value
82,40,7,159389.86000000002,3,2,1,6,At Risk
83,51,9,223344.12,2,3,2,7,Low Value
84,33,5,133563.87,3,1,1,5,At Risk
85,56,10,416514.51,2,4,5,11,Medium Value
86,24,9,309228.52999999997,3,3,4,10,Medium Value
87,42,11,243705.71,2,4,3,9,Low Value
88,60,7,332230.19,2,2,4,8,Low Value
89,10,6,217044.76,4,1,2,7,Low Value
91,61,18,538946.98,2,5,5,12,Medium Value
92,3,8,267228.33,5,3,3,11,Medium Value
93,96,4,155210.55000000002,1,1,1,3,At Risk
94,64,9,539380.93,2,3,5,10,Medium Value
95,68,4,192693.12,2,1,2,5,At Risk
96,30,15,464833.01,3,5,5,13,High Value
97,18,9,212089.18,4,3,2,9,Low Value
98,7,12,520249.57,5,5,5,15,High Value
99,7,8,441559.96,5,3,5,13,High Value
100,0,8,207783.9,5,3,2,10,Medium Value
101,1,10,278643.0,5,4,3,12,Medium Value
102,8,9,186601.11000000002,5,3,2,10,Medium Value
103,46,7,232249.94,2,2,3,7,Low Value
104,35,9,394554.12,3,3,5,11,Medium Value
105,52,12,306360.47000000003,2,5,4,11,Medium Value
106,96,7,206065.91,1,2,2,5,At Risk
107,0,14,415708.17,5,5,5,15,High Value
108,70,10,346885.3,2,4,4,10,Medium Value
109,27,11,363178.13,3,4,4,11,Medium Value
110,17,11,242820.1,4,4,3,11,Medium Value
111,18,5,218248.49,4,1,2,7,Low Value
112,49,14,370792.64,2,5,5,12,Medium Value
113,20,12,323343.48,4,5,4,13,High Value
114,63,8,261015.44,2,3,3,8,Low Value
115,43,7,140751.81,2,2,1,5,At Risk
116,92,4,178078.61,1,1,2,4,At Risk
117,61,5,197769.49,2,1,2,5,At Risk
118,19,4,176571.28,4,1,2,7,Low Value
119,8,5,63332.909999999996,5,1,1,7,Low Value
120,29,5,150807.42,3,1,1,5,At Risk
121,27,8,311448.76,3,3,4,10,Medium Value
122,56,7,271603.06,2,2,3,7,Low Value
123,56,13,450888.43,2,5,5,12,Medium Value
124,6,8,234845.12,5,3,3,11,Medium Value
125,10,11,313932.88,4,4,4,12,Medium Value
126,88,9,164340.13,1,3,2,6,At Risk
127,17,11,336320.61,4,4,4,12,Medium Value
128,1,7,169676.36,5,2,2,9,Low Value
129,82,6,129633.62,1,1,1,3,At Risk
130,10,6,264797.72,4,1,3,8,Low Value
131,13,14,471356.69,4,5,5,14,High Value
132,11,3,221138.59,4,1,2,7,Low Value
133,14,7,159844.95,4,2,1,7,Low Value
134,6,11,389506.88,5,4,5,14,High Value
135,81,5,199197.31,1,1,2,4,At Risk
136,35,10,255518.37,3,4,3,10,Medium Value
137,70,8,301109.22000000003,2,3,4,9,Low Value
138,21,8,378577.0,4,3,5,12,Medium Value
139,17,14,627397.55,4,5,5,14,High Value
140,80,8,374267.77,1,3,5,9,Low Value
141,3,12,282535.09,5,5,3,13,High Value
142,108,7,311485.29,1,2,4,7,Low Value
143,64,7,154147.35,2,2,1,5,At Risk
144,44,6,237809.68000000002,2,1,3,6,At Risk
145,46,7,418043.75,2,2,5,9,Low Value
146,0,5,104037.21,5,1,1,7,Low Value
147,15,12,507984.86,4,5,5,14,High Value
148,23,7,354682.39,3,2,4,9,Low Value
149,14,6,319070.97,4,1,4,9,Low Value
150,29,10,304586.38,3,4,4,11,Medium Value
151,169,8,332179.2,1,3,4,8,Low Value
152,38,10,376547.2,3,4,5,12,Medium Value
153,13,9,298185.92000000004,4,3,4,11,Medium Value
154,2,12,396134.39,5,5,5,15,High Value
155,28,8,94209.36,3,3,1,7,Low Value
156,26,10,446709.10000000003,3,4,5,12,Medium Value
157,3,4,210927.13999999998,5,1,2,8,Low Value
158,2,5,141511.32,5,1,1,7,Low Value
159,40,9,186332.09,3,3,2,8,Low Value
160,24,11,594544.43,3,4,5,12,Medium Value
161,6,12,390122.81,5,5,5,15,High Value
162,4,9,423036.9,5,3,5,13,High Value
163,33,9,224939.39,3,3,3,9,Low Value
164,15,12,540612.99,4,5,5,14,High Value
165,93,4,103606.26000000001,1,1,1,3,At Risk
166,63,9,287440.85,2,3,3,8,Low Value
167,3,13,343636.64,5,5,4,14,High Value
168,45,6,73145.36,2,1,1,4,At Risk
169,53,9,224828.9,2,3,3,8,Low Value
170,61,8,309562.0,2,3,4,9,Low Value
171,10,7,102759.67,4,2,1,7,Low Value
172,44,4,100674.83,2,1,1,4,At Risk
173,33,10,386037.95999999996,3,4,5,12,Medium Value
174,14,11,330470.26999999996,4,4,4,12,Medium Value
175,46,5,152390.28,2,1,1,4,At Risk
176,13,10,305760.64,4,4,4,12,Medium Value
177,13,8,260717.13999999998,4,3,3,10,Medium Value
178,2,4,102633.34999999999,5,1,1,7,Low Value
179,42,9,336579.15,2,3,4,9,Low Value
180,17,12,243559.22999999998,4,5,3,12,Medium Value
181,32,5,195400.69,3,1,2,6,At Risk
182,67,7,260981.81999999998,2,2,3,7,Low Value
183,23,9,401922.16,3,3,5,11,Medium Value
184,38,7,289772.68000000005,3,2,4,9,Low Value
185,13,11,277858.64,4,4,3,11,Medium Value
186,18,13,423299.70999999996,4,5,5,14,High Value
187,65,5,176900.08000000002,2,1,2,5,At Risk
188,39,10,248719.19,3,4,3,10,Medium Value
189,180,3,147418.51,1,1,1,3,At Risk
190,20,8,371607.46,4,3,5,12,Medium Value
191,45,6,158608.74000000002,2,1,1,4,At Risk
192,142,6,378973.23,1,1,5,7,Low Value
193,115,7,215375.87,1,2,2,5,At Risk
194,66,10,437709.06,2,4,5,11,Medium Value
195,0,10,238895.98,5,4,3,12,Medium Value
196,131,7,235899.58999999997,1,2,3,6,At Risk
197,12,13,402807.08,4,5,5,14,High Value
198,43,6,157744.36,2,1,1,4,At Risk
199,91,10,320686.44,1,4,4,9,Low Value
200,26,11,238162.98,3,4,3,10,Medium Value
201,99,6,216896.3,1,1,2,4,At Risk
202,67,3,112220.97,2,1,1,4,At Risk
203,69,11,360296.58999999997,2,4,4,10,Medium Value
204,58,7,150802.81,2,2,1,5,At Risk
205,1,9,174711.71,5,3,2,10,Medium Value
206,2,6,191076.78,5,1,2,8,Low Value
207,120,3,47331.8,1,1,1,3,At Risk
208,59,5,148296.19,2,1,1,4,At Risk
209,68,11,304929.78,2,4,4,10,Medium Value
210,18,5,305233.75,4,1,4,9,Low Value
211,72,11,312171.4,2,4,4,10,Medium Value
212,89,7,225101.35,1,2,3,6,At Risk
213,5,14,494627.5,5,5,5,15,High Value
214,45,7,131032.76000000001,2,2,1,5,At Risk
215,35,12,331743.17,3,5,4,12,Medium Value
216,7,9,265607.67,5,3,3,11,Medium Value
217,138,7,255894.6,1,2,3,6,At Risk
218,17,8,360031.33,4,3,4,11,Medium Value
219,1,5,62028.72,5,1,1,7,Low Value
220,90,10,184603.91,1,4,2,7,Low Value
221,59,6,127430.03,2,1,1,4,At Risk
222,8,4,61057.11,5,1,1,7,Low Value
223,42,8,176481.33000000002,2,3,2,7,Low Value
224,27,7,210194.37,3,2,2,7,Low Value
225,120,8,166196.76,1,3,2,6,At Risk
226,18,8,189125.52000000002,4,3,2,9,Low Value
227,11,5,194308.25,4,1,2,7,Low Value
228,3,11,534674.4,5,4,5,14,High Value
229,29,13,518615.12,3,5,5,13,High Value
230,0,13,346662.64,5,5,4,14,High Value
231,32,12,320781.08,3,5,4,12,Medium Value
232,3,11,375606.57999999996,5,4,5,14,High Value
233,64,6,220854.84,2,1,2,5,At Risk
234,29,13,289073.76,3,5,4,12,Medium Value
235,48,9,335371.31,2,3,4,9,Low Value
236,60,9,342309.3,2,3,4,9,Low Value
237,20,13,304949.2,4,5,4,13,High Value
238,130,8,241408.35,1,3,3,7,Low Value
239,40,6,82900.97,3,1,1,5,At Risk
240,55,11,165015.14,2,4,2,8,Low Value
241,33,6,196210.69999999998,3,1,2,6,At Risk
242,19,7,132676.44,4,2,1,7,Low Value
243,64,3,142123.32,2,1,1,4,At Risk
244,9,9,334655.49,5,3,4,12,Medium Value
245,23,9,213063.43,3,3,2,8,Low Value
246,69,5,114778.16,2,1,1,4,At Risk
247,132,9,192131.29,1,3,2,6,At Risk
248,50,10,287931.5,2,4,3,9,Low Value
249,39,3,105901.07,3,1,1,5,At Risk
250,23,8,225026.3,3,3,3,9,Low Value
251,50,8,368988.11,2,3,4,9,Low Value
252,2,6,116237.12,5,1,1,7,Low Value
253,8,13,411535.85,5,5,5,15,High Value
254,90,7,183155.61000000002,1,2,2,5,At Risk
255,157,7,444355.81,1,2,5,8,Low Value
256,33,6,216648.89,3,1,2,6,At Risk
257,13,9,204026.28,4,3,2,9,Low Value
258,14,11,240432.66,4,4,3,11,Medium Value
259,1,12,389938.85,5,5,5,15,High Value
260,16,7,286255.1,4,2,3,9,Low Value
261,95,10,264774.85,1,4,3,8,Low Value
262,28,8,373159.92000000004,3,3,5,11,Medium Value
263,48,5,88424.55,2,1,1,4,At Risk
264,10,11,439595.23,4,4,5,13,High Value
265,11,7,204118.47,4,2,2,8,Low Value
266,61,6,114973.09,2,1,1,4,At Risk
267,37,12,356395.0,3,5,4,12,Medium Value
268,60,12,341918.3,2,5,4,11,Medium Value
269,13,7,480132.36,4,2,5,11,Medium Value
270,14,10,382456.94,4,4,5,13,High Value
271,111,5,154474.05,1,1,1,3,At Risk
272,92,4,96648.19,1,1,1,3,At Risk
273,145,3,234917.88,1,1,3,5,At Risk
274,10,7,218305.95,4,2,2,8,Low Value
275,44,4,117532.59999999999,2,1,1,4,At Risk
276,20,5,245890.54,4,1,3,8,Low Value
277,69,11,377119.88,2,4,5,11,Medium Value
278,23,9,283983.33,3,3,3,9,Low Value
279,31,9,188024.79,3,3,2,8,Low Value
280,169,8,261011.25,1,3,3,7,Low Value
281,25,12,562142.01,3,5,5,13,High Value
282,35,9,338587.31,3,3,4,10,Medium Value
283,3,9,320456.86,5,3,4,12,Medium Value
284,24,5,189495.08000000002,3,1,2,6,At Risk
285,3,15,490196.6,5,5,5,15,High Value
286,14,9,293975.43,4,3,4,11,Medium Value
287,165,5,134081.6,1,1,1,3,At Risk
288,75,6,274795.79,1,1,3,5,At Risk
289,47,11,393992.36,2,4,5,11,Medium Value
290,49,9,432958.48,2,3,5,10,Medium Value
291,115,5,129263.86,1,1,1,3,At Risk
292,15,10,168620.76,4,4,2,10,Medium Value
293,9,9,252116.9,5,3,3,11,Medium Value
294,6,7,239185.3,5,2,3,10,Medium Value
295,8,8,344698.26,5,3,4,12,Medium Value
296,69,7,263640.3,2,2,3,7,Low Value
297,93,8,143423.24,1,3,1,5,At Risk
298,19,10,230047.02,4,4,3,11,Medium Value
299,18,6,170380.08,4,1,2,7,Low Value
300,1,8,305334.36,5,3,4,12,Medium Value
301,34,8,160703.88,3,3,1,7,Low Value
302,0,8,160967.8,5,3,1,9,Low Value
303,80,6,176185.56,1,1,2,4,At Risk
304,12,9,304086.49,4,3,4,11,Medium Value
305,92,6,194528.85,1,1,2,4,At Risk
306,75,4,161959.5,1,1,2,4,At Risk
307,0,6,277414.98,5,1,3,9,Low Value
308,9,6,220597.15,5,1,2,8,Low Value
309,75,5,137001.84,1,1,1,3,At Risk
310,0,7,287504.26,5,2,3,10,Medium Value
311,46,9,250090.79,2,3,3,8,Low Value
312,4,7,205178.18,5,2,2,9,Low Value
313,36,12,471661.04,3,5,5,13,High Value
314,137,8,451705.16,1,3,5,9,Low Value
315,19,11,461383.42,4,4,5,13,High Value
316,6,10,231309.09,5,4,3,12,Medium Value
317,44,8,183672.81,2,3,2,7,Low Value
318,53,4,119326.66,2,1,1,4,At Risk
319,102,7,201292.41,1,2,2,5,At Risk
320,67,6,250951.87,2,1,3,6,At Risk
321,81,7,392368.68,1,2,5,8,Low Value
322,11,6,270470.55,4,1,3,8,Low Value
323,7,10,292336.76,5,4,4,13,High Value
324,271,2,41980.75,1,1,1,3,At Risk
325,2,11,448754.77999999997,5,4,5,14,High Value
326,103,7,204204.89,1,2,2,5,At Risk
327,27,10,295814.56,3,4,4,11,Medium Value
328,14,12,381502.94,4,5,5,14,High Value
329,17,6,246572.16999999998,4,1,3,8,Low Value
330,51,7,106430.65999999999,2,2,1,5,At Risk
331,77,11,312280.17,1,4,4,9,Low Value
332,26,5,123196.32999999999,3,1,1,5,At Risk
333,111,8,269437.26,1,3,3,7,Low Value
334,79,8,448228.26,1,3,5,9,Low Value
335,49,8,259089.4,2,3,3,8,Low Value
336,30,7,304726.61,3,2,4,9,Low Value
337,62,7,209063.06,2,2,2,6,At Risk
338,42,8,233726.88,2,3,3,8,Low Value
339,18,9,368564.19,4,3,4,11,Medium Value
340,71,15,429291.58,2,5,5,12,Medium Value
341,48,11,307079.13,2,4,4,10,Medium Value
342,5,4,71428.6,5,1,1,7,Low Value
343,227,4,77809.29000000001,1,1,1,3,At Risk
344,7,8,214034.15,5,3,2,10,Medium Value
345,124,6,63536.729999999996,1,1,1,3,At Risk
346,30,19,924714.6,3,5,5,13,High Value
347,16,10,355770.26,4,4,4,12,Medium Value
348,47,11,305369.39999999997,2,4,4,10,Medium Value
349,26,7,221475.3,3,2,2,7,Low Value
350,17,8,256996.26,4,3,3,10,Medium Value
351,102,2,27759.789999999997,1,1,1,3,At Risk
352,3,10,407435.7,5,4,5,14,High Value
353,7,14,446621.68,5,5,5,15,High Value
354,21,8,203295.33,4,3,2,9,Low Value
355,24,10,357983.04,3,4,4,11,Medium Value
356,204,5,185334.68,1,1,2,4,At Risk
357,34,11,278988.60000000003,3,4,3,10,Medium Value
358,13,7,212140.31,4,2,2,8,Low Value
359,23,6,327512.49,3,1,4,8,Low Value
360,38,8,273031.56,3,3,3,9,Low Value
361,103,9,199747.28999999998,1,3,2,6,At Risk
362,22,8,257593.63999999998,4,3,3,10,Medium Value
363,155,7,166564.76,1,2,2,5,At Risk
364,67,11,414794.82,2,4,5,11,Medium Value
365,114,8,159542.55000000002,1,3,1,5,At Risk
366,55,7,208233.97,2,2,2,6,At Risk
367,75,10,249928.06000000003,1,4,3,8,Low Value
368,18,10,431161.9,4,4,5,13,High Value
369,31,10,255487.25,3,4,3,10,Medium Value
370,183,6,89219.76000000001,1,1,1,3,At Risk
371,4,7,134729.95,5,2,1,8,Low Value
372,23,8,149273.51,3,3,1,7,Low Value
373,34,8,263327.77999999997,3,3,3,9,Low Value
374,20,5,112505.03,4,1,1,6,At Risk
375,6,9,203082.41999999998,5,3,2,10,Medium Value
376,70,6,150300.28,2,1,1,4,At Risk
377,89,6,161206.69,1,1,1,3,At Risk
378,18,7,249086.76,4,2,3,9,Low Value
379,0,5,137840.55000000002,5,1,1,7,Low Value
380,30,10,430755.98000000004,3,4,5,12,Medium Value
381,45,8,296163.37,2,3,4,9,Low Value
382,155,7,82107.14,1,2,1,4,At Risk
383,62,8,212347.06,2,3,2,7,Low Value
384,34,7,366396.38999999996,3,2,4,9,Low Value
385,42,14,464438.57,2,5,5,12,Medium Value
386,49,11,282730.31,2,4,3,9,Low Value
387,23,12,309334.31,3,5,4,12,Medium Value
388,6,12,429909.37,5,5,5,15,High Value
389,13,7,210846.31,4,2,2,8,Low Value
390,39,8,256589.18,3,3,3,9,Low Value
391,21,6,156429.44,4,1,1,6,At Risk
392,243,3,33612.659999999996,1,1,1,3,At Risk
393,10,10,235119.75,4,4,3,11,Medium Value
394,155,5,72140.85,1,1,1,3,At Risk
395,129,7,308962.60000000003,1,2,4,7,Low Value
396,51,11,305441.0,2,4,4,10,Medium Value
397,50,7,302633.13,2,2,4,8,Low Value
398,3,12,449986.03,5,5,5,15,High Value
399,20,9,138157.5,4,3,1,8,Low Value
400,2,8,212578.39,5,3,2,10,Medium Value
401,49,8,269893.66000000003,2,3,3,8,Low Value
402,27,5,124253.58,3,1,1,5,At Risk
403,12,16,876479.87,4,5,5,14,High Value
404,102,8,352153.94,1,3,4,8,Low Value
405,186,4,254757.90999999997,1,1,3,5,At Risk
406,55,6,145214.53999999998,2,1,1,4,At Risk
407,27,7,157790.95,3,2,1,6,At Risk
408,13,9,171658.61,4,3,2,9,Low Value
409,10,9,309371.12,4,3,4,11,Medium Value
410,23,16,527996.52,3,5,5,13,High Value
411,26,13,490566.39,3,5,5,13,High Value
412,13,8,276483.14,4,3,3,10,Medium Value
413,11,11,377759.39999999997,4,4,5,13,High Value
414,6,5,131231.91,5,1,1,7,Low Value
415,7,10,314057.94,5,4,4,13,High Value
416,62,8,192191.4,2,3,2,7,Low Value
417,15,9,206427.64,4,3,2,9,Low Value
418,8,3,175699.24,5,1,2,8,Low Value
419,37,6,121586.31,3,1,1,5,At Risk
420,11,11,381095.77,4,4,5,13,High Value
421,56,6,193597.18,2,1,2,5,At Risk
422,40,6,347896.26,3,1,4,8,Low Value
423,31,9,268214.58,3,3,3,9,Low Value
424,35,9,390835.53,3,3,5,11,Medium Value
425,22,6,301441.7,4,1,4,9,Low Value
426,114,4,161708.25,1,1,1,3,At Risk
427,9,4,239609.61000000002,5,1,3,9,Low Value
428,58,7,191088.45,2,2,2,6,At Risk
429,22,11,391213.81,4,4,5,13,High Value
430,10,10,232514.96,4,4,3,11,Medium Value
431,48,6,204251.48,2,1,2,5,At Risk
432,1,8,408802.45999999996,5,3,5,13,High Value
433,92,8,462150.3,1,3,5,9,Low Value
434,13,11,289161.64,4,4,4,12,Medium Value
435,23,9,154846.61,3,3,1,7,Low Value
436,53,9,278003.98,2,3,3,8,Low Value
437,7,7,307979.37,5,2,4,11,Medium Value
438,27,9,420305.57,3,3,5,11,Medium Value
439,31,8,365222.59,3,3,4,10,Medium Value
440,3,10,382159.39999999997,5,4,5,14,High Value
441,77,5,262957.61,1,1,3,5,At Risk
442,7,10,351483.45999999996,5,4,4,13,High Value
443,107,8,160228.6,1,3,1,5,At Risk
444,9,11,361728.01,5,4,4,13,High Value
445,2,11,275367.94,5,4,3,12,Medium Value
446,75,11,371190.22000000003,1,4,5,10,Medium Value
447,10,17,695935.8200000001,4,5,5,14,High Value
448,53,12,544985.61,2,5,5,12,Medium Value
449,6,9,313474.18,5,3,4,12,Medium Value
450,6,10,385925.92000000004,5,4,5,14,High Value
451,18,8,191235.4,4,3,2,9,Low Value
452,54,7,129379.14000000001,2,2,1,5,At Risk
453,0,11,327575.44,5,4,4,13,High Value
454,74,6,238934.9,1,1,3,5,At Risk
455,53,6,176907.56,2,1,2,5,At Risk
456,46,12,225829.06,2,5,3,10,Medium Value
457,16,9,196652.01,4,3,2,9,Low Value
458,4,16,465982.94,5,5,5,15,High Value
459,5,11,408254.44,5,4,5,14,High Value
460,87,6,136469.88,1,1,1,3,At Risk
461,56,9,282756.0,2,3,3,8,Low Value
462,9,12,449481.47000000003,5,5,5,15,High Value
463,12,11,224772.31,4,4,2,10,Medium Value
464,8,10,299329.0,5,4,4,13,High Value
465,18,8,279165.22,4,3,3,10,Medium Value
466,5,10,419721.2,5,4,5,14,High Value
467,8,6,212393.37,5,1,2,8,Low Value
468,96,9,240438.85,1,3,3,7,Low Value
469,86,6,176723.9,1,1,2,4,At Risk
470,7,11,332100.48,5,4,4,13,High Value
471,35,4,122563.51,3,1,1,5,At Risk
472,26,9,369153.22,3,3,5,11,Medium Value
473,46,8,305363.76,2,3,4,9,Low Value
474,76,7,160482.16,1,2,1,4,At Risk
475,2,9,242565.78,5,3,3,11,Medium Value
476,9,5,188431.87,5,1,2,8,Low Value
477,29,10,316019.9,3,4,4,11,Medium Value
478,60,7,190754.14,2,2,2,6,At Risk
479,55,9,484268.43,2,3,5,10,Medium Value
480,30,10,168617.73,3,4,2,9,Low Value
481,62,8,183971.96,2,3,2,7,Low Value
482,84,6,154026.8,1,1,1,3,At Risk
483,25,8,351718.42000000004,3,3,4,10,Medium Value
484,36,12,353296.34,3,5,4,12,Medium Value
485,5,14,644467.85,5,5,5,15,High Value
486,131,9,356573.4,1,3,4,8,Low Value
487,64,4,201997.59,2,1,2,5,At Risk
488,4,8,185642.94,5,3,2,10,Medium Value
489,10,5,214460.56,4,1,2,7,Low Value
490,4,17,574157.6,5,5,5,15,High Value
491,74,10,246773.92,1,4,3,8,Low Value
492,84,5,203471.68000000002,1,1,2,4,At Risk
493,11,13,404261.56,4,5,5,14,High Value
494,4,4,75909.51999999999,5,1,1,7,Low Value
495,14,6,135440.89,4,1,1,6,At Risk
496,36,8,251277.53,3,3,3,9,Low Value
497,2,14,551708.86,5,5,5,15,High Value
498,1,8,191869.1,5,3,2,10,Medium Value
499,21,9,154221.09,4,3,1,8,Low Value
500,51,12,484875.09,2,5,5,12,Medium Value
501,6,8,363673.71,5,3,4,12,Medium Value
502,11,9,213705.55,4,3,2,9,Low Value
503,159,4,241080.91,1,1,3,5,At Risk
504,164,5,121669.78,1,1,1,3,At Risk
505,15,11,484897.35,4,4,5,13,High Value
506,159,6,135363.97,1,1,1,3,At Risk
507,4,6,191169.63999999998,5,1,2,8,Low Value
508,1,8,225318.82,5,3,3,11,Medium Value
509,23,4,143508.56,3,1,1,5,At Risk
510,3,9,419415.1,5,3,5,13,High Value
511,99,6,243858.49,1,1,3,5,At Risk
512,19,5,268231.96,4,1,3,8,Low Value
513,13,10,469917.04000000004,4,4,5,13,High Value
514,3,9,292336.92,5,3,4,12,Medium Value
515,23,12,748893.0599999999,3,5,5,13,High Value
516,10,6,270197.8,4,1,3,8,Low Value
517,11,7,363389.21,4,2,4,10,Medium Value
518,100,6,134650.52,1,1,1,3,At Risk
519,42,7,429125.19,2,2,5,9,Low Value
520,64,10,396728.83,2,4,5,11,Medium Value
521,21,11,245947.73,4,4,3,11,Medium Value
522,70,6,175633.03,2,1,2,5,At Risk
523,44,8,135606.04,2,3,1,6,At Risk
524,22,11,398912.31,4,4,5,13,High Value
525,1,9,335713.47,5,3,4,12,Medium Value
526,7,10,306648.83999999997,5,4,4,13,High Value
527,107,6,177617.02,1,1,2,4,At Risk
528,7,11,270990.72,5,4,3,12,Medium Value
529,62,8,240990.01,2,3,3,8,Low Value
530,55,4,135773.31,2,1,1,4,At Risk
531,98,9,345018.51999999996,1,3,4,8,Low Value
532,46,15,460370.77,2,5,5,12,Medium Value
533,11,10,159360.34,4,4,1,9,Low Value
534,20,7,229611.83000000002,4,2,3,9,Low Value
535,0,12,450101.61,5,5,5,15,High Value
536,45,11,376288.92,2,4,5,11,Medium Value
537,1,11,345087.43,5,4,4,13,High Value
538,85,7,205095.31,1,2,2,5,At Risk
539,44,6,213071.91,2,1,2,5,At Risk
540,26,5,167555.06,3,1,2,6,At Risk
541,23,9,358236.27999999997,3,3,4,10,Medium Value
542,130,5,148369.49,1,1,1,3,At Risk
543,44,9,183714.44,2,3,2,7,Low Value
544,0,10,315990.32,5,4,4,13,High Value
545,76,8,358930.77,1,3,4,8,Low Value
546,6,3,39858.58,5,1,1,7,Low Value
547,66,12,513240.92,2,5,5,12,Medium Value
548,171,3,129286.19999999998,1,1,1,3,At Risk
549,50,12,451804.21,2,5,5,12,Medium Value
550,108,6,183673.68,1,1,2,4,At Risk
551,5,13,366958.37,5,5,4,14,High Value
552,8,10,395227.01,5,4,5,14,High Value
553,10,10,249778.16999999998,4,4,3,11,Medium Value
554,66,7,242441.52,2,2,3,7,Low Value
555,10,18,945309.0,4,5,5,14,High Value
556,54,5,252838.53,2,1,3,6,At Risk
557,80,7,83874.8,1,2,1,4,At Risk
558,95,10,224655.65,1,4,2,7,Low Value
559,24,17,304185.38,3,5,4,12,Medium Value
560,67,3,65410.14,2,1,1,4,At Risk
561,56,6,113449.70000000001,2,1,1,4,At Risk
562,45,3,54936.32,2,1,1,4,At Risk
563,90,10,335628.71,1,4,4,9,Low Value
564,14,11,315425.77,4,4,4,12,Medium Value
565,76,6,191839.21000000002,1,1,2,4,At Risk
566,10,9,280481.44,4,3,3,10,Medium Value
567,5,10,323328.04,5,4,4,13,High Value
568,45,6,148076.08,2,1,1,4,At Risk
569,43,9,153521.04,2,3,1,6,At Risk
570,10,6,90334.06,4,1,1,6,At Risk
571,5,10,406893.07,5,4,5,14,High Value
572,59,8,140453.75,2,3,1,6,At Risk
573,57,7,234881.66999999998,2,2,3,7,Low Value
574,121,3,112037.57,1,1,1,3,At Risk
575,2,11,390420.43,5,4,5,14,High Value
576,114,4,98979.31,1,1,1,3,At Risk
577,6,10,295912.83,5,4,4,13,High Value
578,0,12,253257.59,5,5,3,13,High Value
579,25,10,331613.84,3,4,4,11,Medium Value
580,56,10,251786.91,2,4,3,9,Low Value
581,24,11,334218.81,3,4,4,11,Medium Value
582,103,4,152504.75,1,1,1,3,At Risk
583,46,9,302993.81,2,3,4,9,Low Value
584,26,12,246090.94,3,5,3,11,Medium Value
585,74,10,378991.54000000004,1,4,5,10,Medium Value
586,6,9,275035.16000000003,5,3,3,11,Medium Value
587,4,10,161471.12,5,4,1,10,Medium Value
588,8,9,269429.01,5,3,3,11,Medium Value
589,47,13,537006.5499999999,2,5,5,12,Medium Value
590,28,10,274354.8,3,4,3,10,Medium Value
591,2,12,496031.63,5,5,5,15,High Value
592,28,8,243723.93,3,3,3,9,Low Value
593,40,6,151373.96,3,1,1,5,At Risk
594,13,12,493455.14,4,5,5,14,High Value
595,42,9,381833.77,2,3,5,10,Medium Value
596,71,10,321407.61,2,4,4,10,Medium Value
597,22,11,354139.62,4,4,4,12,Medium Value
598,65,6,181553.34,2,1,2,5,At Risk
599,112,6,199474.58,1,1,2,4,At Risk
600,87,7,195895.37,1,2,2,5,At Risk
601,92,10,503356.27,1,4,5,10,Medium Value
602,5,9,319660.38,5,3,4,12,Medium Value
603,96,6,131422.36000000002,1,1,1,3,At Risk
604,71,10,445909.72000000003,2,4,5,11,Medium Value
605,23,8,255666.57,3,3,3,9,Low Value
606,87,5,75984.4,1,1,1,3,At Risk
607,8,8,176014.24,5,3,2,10,Medium Value
608,2,11,266830.67,5,4,3,12,Medium Value
609,74,9,336208.55,1,3,4,8,Low Value
610,28,11,356833.74,3,4,4,11,Medium Value
611,13,9,547138.8,4,3,5,12,Medium Value
612,124,7,192341.48,1,2,2,5,At Risk
613,28,14,366186.94,3,5,4,12,Medium Value
614,16,12,391121.87,4,5,5,14,High Value
615,106,8,285567.64,1,3,3,7,Low Value
616,7,6,195154.40000000002,5,1,2,8,Low Value
617,72,4,67233.0,2,1,1,4,At Risk
618,32,6,187577.96,3,1,2,6,At Risk
619,5,6,231316.49,5,1,3,9,Low Value
620,16,16,576740.67,4,5,5,14,High Value
621,3,14,556477.3,5,5,5,15,High Value
622,74,6,260684.31,1,1,3,5,At Risk
623,9,8,142036.2,5,3,1,9,Low Value
624,31,11,413515.67,3,4,5,12,Medium Value
625,86,7,100298.08,1,2,1,4,At Risk
626,9,8,138055.55,5,3,1,9,Low Value
627,92,10,247784.08000000002,1,4,3,8,Low Value
628,67,9,253201.03,2,3,3,8,Low Value
629,22,8,291179.03,4,3,4,11,Medium Value
630,190,3,32012.61,1,1,1,3,At Risk
631,7,10,392231.82,5,4,5,14,High Value
632,41,12,428319.95999999996,2,5,5,12,Medium Value
633,28,4,191014.97,3,1,2,6,At Risk
634,88,12,366470.92,1,5,4,10,Medium Value
635,12,5,180316.17,4,1,2,7,Low Value
636,9,7,362693.31,5,2,4,11,Medium Value
637,23,12,516500.52999999997,3,5,5,13,High Value
638,93,8,218813.79,1,3,2,6,At Risk
639,69,8,332567.58,2,3,4,9,Low Value
640,193,3,66760.6,1,1,1,3,At Risk
641,19,5,156276.98,4,1,1,6,At Risk
642,59,9,319344.74,2,3,4,9,Low Value
643,2,10,338114.88,5,4,4,13,High Value
644,4,11,340358.4,5,4,4,13,High Value
645,40,9,215333.04,3,3,2,8,Low Value
646,9,11,285641.9,5,4,3,12,Medium Value
647,42,12,629446.0399999999,2,5,5,12,Medium Value
648,27,8,274198.55,3,3,3,9,Low Value
649,12,9,341715.5,4,3,4,11,Medium Value
650,43,9,234875.28,2,3,3,8,Low Value
651,9,8,377161.24,5,3,5,13,High Value
652,65,3,277053.84,2,1,3,6,At Risk
653,83,12,440299.91,1,5,5,11,Medium Value
654,68,5,217759.3,2,1,2,5,At Risk
655,89,15,378388.86,1,5,5,11,Medium Value
656,2,9,285314.04000000004,5,3,3,11,Medium Value
657,46,7,249766.54,2,2,3,7,Low Value
658,32,7,358409.98,3,2,4,9,Low Value
659,97,5,155255.84,1,1,1,3,At Risk
660,74,8,371400.04000000004,1,3,5,9,Low Value
661,148,5,217200.94,1,1,2,4,At Risk
662,6,12,363550.85,5,5,4,14,High Value
663,62,9,478891.65,2,3,5,10,Medium Value
664,3,7,426971.27999999997,5,2,5,12,Medium Value
665,16,17,480606.42000000004,4,5,5,14,High Value
666,23,10,296369.58,3,4,4,11,Medium Value
667,16,9,370460.6,4,3,5,12,Medium Value
668,8,11,301122.86,5,4,4,13,High Value
669,23,9,405028.63,3,3,5,11,Medium Value
670,72,7,218799.33000000002,2,2,2,6,At Risk
671,6,7,208439.72,5,2,2,9,Low Value
672,28,10,302930.26,3,4,4,11,Medium Value
673,22,10,486610.36,4,4,5,13,High Value
674,9,9,258975.7,5,3,3,11,Medium Value
675,146,9,153932.92,1,3,1,5,At Risk
676,37,17,456112.2,3,5,5,13,High Value
677,53,8,411955.47,2,3,5,10,Medium Value
678,127,8,208185.28,1,3,2,6,At Risk
679,4,8,450955.42,5,3,5,13,High Value
680,1,8,184476.22,5,3,2,10,Medium Value
681,17,11,363770.21,4,4,4,12,Medium Value
682,10,14,394533.54,4,5,5,14,High Value
683,6,10,362371.87,5,4,4,13,High Value
684,131,6,184976.1,1,1,2,4,At Risk
685,34,6,317868.41,3,1,4,8,Low Value
686,83,8,320767.88,1,3,4,8,Low Value
687,10,12,355689.1,4,5,4,13,High Value
688,6,5,186554.19,5,1,2,8,Low Value
689,19,12,310916.71,4,5,4,13,High Value
690,17,7,208320.94,4,2,2,8,Low Value
691,6,4,60631.68,5,1,1,7,Low Value
692,24,10,298125.48,3,4,4,11,Medium Value
693,67,8,348575.76,2,3,4,9,Low Value
694,31,7,239565.71000000002,3,2,3,8,Low Value
695,5,5,125057.11,5,1,1,7,Low Value
696,8,12,314879.86,5,5,4,14,High Value
697,0,12,181007.89,5,5,2,12,Medium Value
698,69,6,97569.19,2,1,1,4,At Risk
699,28,5,144613.87,3,1,1,5,At Risk
700,36,6,230548.71000000002,3,1,3,7,Low Value
701,189,8,238456.57,1,3,3,7,Low Value
702,31,8,114354.92,3,3,1,7,Low Value
703,33,10,416120.75,3,4,5,12,Medium Value
704,61,9,210189.9,2,3,2,7,Low Value
705,5,8,245367.33,5,3,3,11,Medium Value
706,1,7,244075.22999999998,5,2,3,10,Medium Value
707,23,6,206276.39,3,1,2,6,At Risk
708,9,7,370921.36,5,2,5,12,Medium Value
709,12,6,139562.46,4,1,1,6,At Risk
710,28,10,227656.46,3,4,3,10,Medium Value
711,63,5,143891.7,2,1,1,4,At Risk
712,73,7,132866.16,1,2,1,4,At Risk
713,0,11,365677.13,5,4,4,13,High Value
714,93,3,162928.34,1,1,2,4,At Risk
715,5,8,329155.56000000006,5,3,4,12,Medium Value
716,2,9,295800.45,5,3,4,12,Medium Value
717,63,10,433872.16,2,4,5,11,Medium Value
718,6,11,343166.29000000004,5,4,4,13,High Value
719,3,10,309518.31,5,4,4,13,High Value
720,58,9,362065.15,2,3,4,9,Low Value
721,40,7,185671.08000000002,3,2,2,7,Low Value
722,44,6,207381.62,2,1,2,5,At Risk
723,20,14,463919.99,4,5,5,14,High Value
724,39,12,351883.39999999997,3,5,4,12,Medium Value
725,11,12,353204.63,4,5,4,13,High Value
726,23,8,268489.71,3,3,3,9,Low Value
727,16,13,455972.35000000003,4,5,5,14,High Value
728,40,11,405517.74,3,4,5,12,Medium Value
729,58,4,213873.09,2,1,2,5,At Risk
730,241,3,120209.26999999999,1,1,1,3,At Risk
731,34,11,387659.6,3,4,5,12,Medium Value
732,9,12,364061.15,5,5,4,14,High Value
733,12,9,321226.16000000003,4,3,4,11,Medium Value
734,116,6,245013.06,1,1,3,5,At Risk
735,23,13,324593.68,3,5,4,12,Medium Value
736,24,10,347649.01,3,4,4,11,Medium Value
737,1,4,139815.07,5,1,1,7,Low Value
738,21,10,322127.67,4,4,4,12,Medium Value
739,2,10,348905.19,5,4,4,13,High Value
740,18,8,306217.89,4,3,4,11,Medium Value
741,144,5,174612.31,1,1,2,4,At Risk
742,33,7,279959.36,3,2,3,8,Low Value
743,29,5,97624.45,3,1,1,5,At Risk
744,129,6,110754.13,1,1,1,3,At Risk
745,47,13,364249.48,2,5,4,11,Medium Value
746,112,9,235588.19,1,3,3,7,Low Value
747,37,9,281296.74,3,3,3,9,Low Value
748,63,10,281921.69,2,4,3,9,Low Value
749,4,13,525907.66,5,5,5,15,High Value
750,60,6,129597.55,2,1,1,4,At Risk
751,46,8,201763.83000000002,2,3,2,7,Low Value
752,43,10,400498.61,2,4,5,11,Medium Value
753,12,11,232114.53,4,4,3,11,Medium Value
754,34,10,309624.14999999997,3,4,4,11,Medium Value
755,21,6,254352.56,4,1,3,8,Low Value
756,33,10,202778.99,3,4,2,9,Low Value
757,44,7,146031.11000000002,2,2,1,5,At Risk
758,18,6,213985.89,4,1,2,7,Low Value
759,6,11,296804.55,5,4,4,13,High Value
760,73,7,193204.88,1,2,2,5,At Risk
761,43,9,222923.98,2,3,2,7,Low Value
762,1,10,195628.32,5,4,2,11,Medium Value
763,22,9,361636.32,4,3,4,11,Medium Value
764,19,10,412976.52,4,4,5,13,High Value
765,15,9,137038.58,4,3,1,8,Low Value
766,67,11,293716.66,2,4,4,10,Medium Value
767,9,10,230298.22,5,4,3,12,Medium Value
768,15,8,113522.15,4,3,1,8,Low Value
769,12,9,201123.49,4,3,2,9,Low Value
770,4,9,174651.77,5,3,2,10,Medium Value
771,7,11,323150.54000000004,5,4,4,13,High Value
772,7,14,261955.11,5,5,3,13,High Value
773,16,9,410005.74,4,3,5,12,Medium Value
774,132,8,308954.29,1,3,4,8,Low Value
775,18,7,96298.49,4,2,1,7,Low Value
776,61,6,164661.95,2,1,2,5,At Risk
777,50,8,326558.94,2,3,4,9,Low Value
778,15,11,290002.0,4,4,4,12,Medium Value
779,31,14,606238.87,3,5,5,13,High Value
780,14,8,347245.21,4,3,4,11,Medium Value
781,43,6,204923.72,2,1,2,5,At Risk
782,45,6,150487.89,2,1,1,4,At Risk
783,105,11,394445.82999999996,1,4,5,10,Medium Value
784,8,19,526296.53,5,5,5,15,High Value
785,117,8,116335.33,1,3,1,5,At Risk
786,183,5,163850.41,1,1,2,4,At Risk
787,12,12,501210.59,4,5,5,14,High Value
788,40,6,127141.27,3,1,1,5,At Risk
789,45,8,250133.28,2,3,3,8,Low Value
790,3,5,184406.08,5,1,2,8,Low Value
791,115,7,209814.84999999998,1,2,2,5,At Risk
792,175,3,104200.1,1,1,1,3,At Risk
793,22,7,374150.25,4,2,5,11,Medium Value
794,37,10,335076.24,3,4,4,11,Medium Value
795,32,11,481337.8,3,4,5,12,Medium Value
796,30,6,228610.13999999998,3,1,3,7,Low Value
797,38,5,67555.75,3,1,1,5,At Risk
798,27,4,93687.59,3,1,1,5,At Risk
799,5,7,120674.35,5,2,1,8,Low Value
800,94,10,429306.02,1,4,5,10,Medium Value
801,81,4,158992.58,1,1,1,3,At Risk
802,56,7,171561.22,2,2,2,6,At Risk
803,188,4,133363.64,1,1,1,3,At Risk
804,61,4,249347.58,2,1,3,6,At Risk
805,4,4,73177.21,5,1,1,7,Low Value
806,67,11,296600.5,2,4,4,10,Medium Value
807,127,10,478239.27,1,4,5,10,Medium Value
808,6,7,174687.81,5,2,2,9,Low Value
809,32,16,625622.03,3,5,5,13,High Value
810,103,4,64272.48,1,1,1,3,At Risk
811,35,10,312970.85,3,4,4,11,Medium Value
812,12,6,183731.87,4,1,2,7,Low Value
813,16,10,259053.45,4,4,3,11,Medium Value
814,28,8,252640.19,3,3,3,9,Low Value
815,190,3,118462.20000000001,1,1,1,3,At Risk
816,44,15,745486.97,2,5,5,12,Medium Value
817,22,9,411157.91000000003,4,3,5,12,Medium Value
818,56,7,120254.4,2,2,1,5,At Risk
819,85,4,106687.87000000001,1,1,1,3,At Risk
820,42,7,241823.16999999998,2,2,3,7,Low Value
821,35,10,204245.83,3,4,2,9,Low Value
822,115,5,228777.37,1,1,3,5,At Risk
823,21,12,532825.27,4,5,5,14,High Value
824,11,11,428192.16000000003,4,4,5,13,High Value
825,127,5,150613.66999999998,1,1,1,3,At Risk
826,38,9,173088.03,3,3,2,8,Low Value
827,0,7,231661.52000000002,5,2,3,10,Medium Value
828,7,13,394708.45,5,5,5,15,High Value
829,19,8,371934.03,4,3,5,12,Medium Value
830,47,12,529864.7999999999,2,5,5,12,Medium Value
831,33,8,289075.43,3,3,4,10,Medium Value
832,20,9,369039.53,4,3,4,11,Medium Value
833,9,8,302230.84,5,3,4,12,Medium Value
834,17,8,219905.05,4,3,2,9,Low Value
835,49,3,57188.149999999994,2,1,1,4,At Risk
836,14,9,376915.33,4,3,5,12,Medium Value
837,16,9,199065.98,4,3,2,9,Low Value
838,90,12,439501.51,1,5,5,11,Medium Value
839,15,9,292087.07,4,3,4,11,Medium Value
840,8,9,266628.87,5,3,3,11,Medium Value
841,3,10,414398.93,5,4,5,14,High Value
842,16,3,158999.28,4,1,1,6,At Risk
843,57,8,202117.28999999998,2,3,2,7,Low Value
844,39,12,441818.14,3,5,5,13,High Value
845,37,8,259426.09000000003,3,3,3,9,Low Value
846,30,10,329710.26,3,4,4,11,Medium Value
847,84,6,226266.52000000002,1,1,3,5,At Risk
848,191,6,280576.04,1,1,3,5,At Risk
849,68,10,256886.02,2,4,3,9,Low Value
850,14,7,348234.19,4,2,4,10,Medium Value
851,25,9,320660.15,3,3,4,10,Medium Value
852,71,10,234577.51,2,4,3,9,Low Value
853,108,10,183479.13999999998,1,4,2,7,Low Value
854,6,16,401872.15,5,5,5,15,High Value
855,3,5,366737.04000000004,5,1,4,10,Medium Value
856,88,3,102797.75,1,1,1,3,At Risk
857,80,5,226134.93,1,1,3,5,At Risk
858,0,9,266428.89,5,3,3,11,Medium Value
859,4,9,230689.91,5,3,3,11,Medium Value
860,85,10,397004.68,1,4,5,10,Medium Value
861,12,9,273211.10000000003,4,3,3,10,Medium Value
862,151,4,89893.37,1,1,1,3,At Risk
863,8,9,213838.09,5,3,2,10,Medium Value
864,50,4,140427.14,2,1,1,4,At Risk
865,11,12,253349.59,4,5,3,12,Medium Value
866,2,14,444474.33,5,5,5,15,High Value
867,27,9,289012.97,3,3,4,10,Medium Value
868,6,5,98876.78,5,1,1,7,Low Value
869,43,6,272768.24,2,1,3,6,At Risk
870,23,4,181716.62,3,1,2,6,At Risk
871,30,14,457646.16000000003,3,5,5,13,High Value
872,36,6,141739.75,3,1,1,5,At Risk
873,22,7,232194.96,4,2,3,9,Low Value
874,19,9,301459.48,4,3,4,11,Medium Value
875,7,9,282731.82,5,3,3,11,Medium Value
876,60,4,67326.1,2,1,1,4,At Risk
877,262,5,165276.47,1,1,2,4,At Risk
878,187,6,108139.35,1,1,1,3,At Risk
879,71,7,291309.39,2,2,4,8,Low Value
880,29,7,200765.21,3,2,2,7,Low Value
881,32,11,293909.25,3,4,4,11,Medium Value
882,107,10,400366.65,1,4,5,10,Medium Value
883,68,9,220963.26,2,3,2,7,Low Value
884,81,10,227544.68,1,4,3,8,Low Value
885,0,9,586253.42,5,3,5,13,High Value
886,11,8,123073.49,4,3,1,8,Low Value
887,55,3,46345.18,2,1,1,4,At Risk
888,13,7,130759.86,4,2,1,7,Low Value
889,38,6,183956.13999999998,3,1,2,6,At Risk
890,4,7,413835.1,5,2,5,12,Medium Value
891,3,7,277428.72,5,2,3,10,Medium Value
892,33,4,133852.2,3,1,1,5,At Risk
893,83,8,157447.2,1,3,1,5,At Risk
894,68,10,360715.64999999997,2,4,4,10,Medium Value
895,139,10,398311.83,1,4,5,10,Medium Value
896,2,9,237538.22,5,3,3,11,Medium Value
897,144,4,87576.53,1,1,1,3,At Risk
898,121,4,129201.79000000001,1,1,1,3,At Risk
899,14,14,628062.54,4,5,5,14,High Value
900,11,12,479680.03,4,5,5,14,High Value
901,33,9,390484.17000000004,3,3,5,11,Medium Value
902,1,11,358590.22,5,4,4,13,High Value
903,54,6,151340.22999999998,2,1,1,4,At Risk
904,31,8,486382.23,3,3,5,11,Medium Value
905,69,8,410401.83999999997,2,3,5,10,Medium Value
906,45,9,298505.01,2,3,4,9,Low Value
907,89,9,208030.65,1,3,2,6,At Risk
908,6,9,292545.52,5,3,4,12,Medium Value
909,114,3,131138.83,1,1,1,3,At Risk
910,11,10,217460.81,4,4,2,10,Medium Value
911,3,12,451568.05,5,5,5,15,High Value
912,7,12,399165.75,5,5,5,15,High Value
913,27,8,269373.20999999996,3,3,3,9,Low Value
914,9,9,494905.58,5,3,5,13,High Value
915,5,14,738181.3200000001,5,5,5,15,High Value
916,21,7,283825.51,4,2,3,9,Low Value
917,20,9,233592.09,4,3,3,10,Medium Value
918,8,6,196707.76,5,1,2,8,Low Value
919,64,8,157098.41,2,3,1,6,At Risk
920,52,8,180526.46,2,3,2,7,Low Value
921,67,10,182510.96,2,4,2,8,Low Value
922,3,14,282830.26,5,5,3,13,High Value
923,38,4,128072.29,3,1,1,5,At Risk
924,9,7,285974.86,5,2,3,10,Medium Value
925,100,8,210424.26,1,3,2,6,At Risk
926,8,15,479286.02,5,5,5,15,High Value
927,21,3,80205.26000000001,4,1,1,6,At Risk
928,199,6,212365.3,1,1,2,4,At Risk
929,93,5,186534.17,1,1,2,4,At Risk
930,5,5,108557.29000000001,5,1,1,7,Low Value
931,107,7,234389.52,1,2,3,6,At Risk
932,76,9,257675.97000000003,1,3,3,7,Low Value
933,42,8,282095.25,2,3,3,8,Low Value
934,10,6,115287.88,4,1,1,6,At Risk
935,15,8,207332.5,4,3,2,9,Low Value
936,0,12,424698.5,5,5,5,15,High Value
937,24,9,300001.74,3,3,4,10,Medium Value
938,84,7,221724.97999999998,1,2,2,5,At Risk
939,31,10,231209.49000000002,3,4,3,10,Medium Value
940,3,10,459417.51,5,4,5,14,High Value
941,90,6,153293.34,1,1,1,3,At Risk
942,2,7,395033.99,5,2,5,12,Medium Value
943,47,7,217477.91999999998,2,2,2,6,At Risk
944,116,7,243958.18,1,2,3,6,At Risk
945,18,4,55063.67,4,1,1,6,At Risk
946,7,11,352588.18000000005,5,4,4,13,High Value
947,16,17,718007.39,4,5,5,14,High Value
948,82,3,32297.149999999998,1,1,1,3,At Risk
949,0,14,571393.03,5,5,5,15,High Value
950,117,3,92479.39,1,1,1,3,At Risk
951,68,8,281340.27999999997,2,3,3,8,Low Value
952,60,9,306756.08,2,3,4,9,Low Value
953,4,5,204481.39,5,1,2,8,Low Value
954,67,6,184205.59,2,1,2,5,At Risk
955,80,6,233411.72999999998,1,1,3,5,At Risk
956,6,7,179495.33000000002,5,2,2,9,Low Value
957,16,13,646317.65,4,5,5,14,High Value
958,16,12,502731.27,4,5,5,14,High Value
959,2,12,574742.62,5,5,5,15,High Value
960,78,9,491346.92,1,3,5,9,Low Value
961,28,13,506563.97,3,5,5,13,High Value
962,1,8,364293.16,5,3,4,12,Medium Value
963,61,8,315138.6,2,3,4,9,Low Value
964,59,3,115545.42,2,1,1,4,At Risk
965,66,9,336302.95,2,3,4,9,Low Value
966,36,8,120985.35,3,3,1,7,Low Value
967,91,8,300295.84,1,3,4,8,Low Value
968,0,7,340782.55,5,2,4,11,Medium Value
969,50,7,307966.82,2,2,4,8,Low Value
970,36,8,385433.96,3,3,5,11,Medium Value
971,45,5,107928.75,2,1,1,4,At Risk
972,6,6,212925.99,5,1,2,8,Low Value
973,17,7,215690.53,4,2,2,8,Low Value
974,0,7,230333.32,5,2,3,10,Medium Value
975,21,12,243059.66,4,5,3,12,Medium Value
976,64,4,112747.15,2,1,1,4,At Risk
977,34,6,61408.07,3,1,1,5,At Risk
978,67,6,291886.02,2,1,4,7,Low Value
979,7,12,372438.32,5,5,5,15,High Value
980,6,6,128589.23999999999,5,1,1,7,Low Value
981,67,5,118534.41,2,1,1,4,At Risk
982,17,10,392860.91000000003,4,4,5,13,High Value
983,28,7,277366.51,3,2,3,8,Low Value
984,24,12,524260.43,3,5,5,13,High Value
985,112,7,218390.90000000002,1,2,2,5,At Risk
986,40,6,285716.07,3,1,3,7,Low Value
987,25,9,156100.84,3,3,1,7,Low Value
988,23,10,450092.2,3,4,5,12,Medium Value
989,41,5,241480.44999999998,2,1,3,6,At Risk
990,23,13,329779.14,3,5,4,12,Medium Value
991,6,11,305091.05,5,4,4,13,High Value
992,42,12,321610.45,2,5,4,11,Medium Value
993,30,12,416639.18,3,5,5,13,High Value
994,6,9,405490.57999999996,5,3,5,13,High Value
995,27,10,345033.66000000003,3,4,4,11,Medium Value
996,12,9,320946.6,4,3,4,11,Medium Value
997,31,7,191298.06,3,2,2,7,Low Value
998,71,6,171858.35,2,1,2,5,At Risk
999,35,8,228435.93,3,3,3,9,Low Value
1000,43,8,235131.74,2,3,3,8,Low Value
1001,22,10,578064.72,4,4,5,13,High Value
1002,14,9,329320.16000000003,4,3,4,11,Medium Value
1003,15,5,132490.14,4,1,1,6,At Risk
1004,176,8,354050.85,1,3,4,8,Low Value
1005,72,7,217478.22999999998,2,2,2,6,At Risk
1006,6,12,566504.53,5,5,5,15,High Value
1007,28,8,262756.83,3,3,3,9,Low Value
1008,3,7,258743.49,5,2,3,10,Medium Value
1009,25,3,121607.45,3,1,1,5,At Risk
1010,258,4,136131.52000000002,1,1,1,3,At Risk
1011,0,8,192891.74,5,3,2,10,Medium Value
1012,79,5,105130.33,1,1,1,3,At Risk
1013,12,5,129936.91,4,1,1,6,At Risk
1014,4,7,180306.1,5,2,2,9,Low Value
1015,15,7,273764.02,4,2,3,9,Low Value
1016,6,9,196387.16,5,3,2,10,Medium Value
1017,4,8,240008.38,5,3,3,11,Medium Value
1018,45,7,142615.6,2,2,1,5,At Risk
1019,32,15,418235.86,3,5,5,13,High Value
1020,11,5,99243.45,4,1,1,6,At Risk
1021,8,6,115544.97,5,1,1,7,Low Value
1022,9,3,124789.11,5,1,1,7,Low Value
1023,35,8,156221.81,3,3,1,7,Low Value
1024,61,6,268000.58999999997,2,1,3,6,At Risk
1025,32,13,425965.07,3,5,5,13,High Value
1026,5,7,249632.03,5,2,3,10,Medium Value
1027,58,10,347917.0,2,4,4,10,Medium Value
1028,77,6,279774.55,1,1,3,5,At Risk
1029,73,5,164826.13,1,1,2,4,At Risk
1030,151,4,97992.27,1,1,1,3,At Risk
1031,29,9,274342.2,3,3,3,9,Low Value
1032,9,9,320784.18,5,3,4,12,Medium Value
1033,58,4,57674.08,2,1,1,4,At Risk
1034,32,7,184713.45,3,2,2,7,Low Value
1035,8,12,327153.07,5,5,4,14,High Value
1036,37,11,360528.34,3,4,4,11,Medium Value
1037,6,6,238745.22999999998,5,1,3,9,Low Value
1038,64,11,426413.31,2,4,5,11,Medium Value
1039,5,6,309092.73,5,1,4,10,Medium Value
1040,168,8,243749.41999999998,1,3,3,7,Low Value
1041,71,5,168264.15000000002,2,1,2,5,At Risk
1042,64,9,307612.27999999997,2,3,4,9,Low Value
1043,44,6,192412.35,2,1,2,5,At Risk
1044,182,6,212730.82,1,1,2,4,At Risk
1045,9,9,412267.22,5,3,5,13,High Value
1046,9,9,152709.18,5,3,1,9,Low Value
1047,40,5,233982.62,3,1,3,7,Low Value
1048,45,14,611237.6,2,5,5,12,Medium Value
1049,28,10,276614.5,3,4,3,10,Medium Value
1050,2,9,260353.88,5,3,3,11,Medium Value
1051,14,9,382599.49,4,3,5,12,Medium Value
1052,25,8,379385.72000000003,3,3,5,11,Medium Value
1053,63,4,117065.94,2,1,1,4,At Risk
1054,22,8,289669.68,4,3,4,11,Medium Value
1055,32,5,260634.07,3,1,3,7,Low Value
1056,131,7,148907.87,1,2,1,4,At Risk
1057,75,5,260042.13,1,1,3,5,At Risk
1058,100,9,240318.47,1,3,3,7,Low Value
1059,1,11,207984.7,5,4,2,11,Medium Value
1060,28,8,374524.69,3,3,5,11,Medium Value
1061,27,10,660160.05,3,4,5,12,Medium Value
1062,68,7,314997.46,2,2,4,8,Low Value
1063,31,13,378455.81,3,5,5,13,High Value
1064,40,6,329507.69,3,1,4,8,Low Value
1065,163,6,195008.76,1,1,2,4,At Risk
1066,29,9,421852.89,3,3,5,11,Medium Value
1067,3,6,161057.53,5,1,1,7,Low Value
1068,22,10,292639.03,4,4,4,12,Medium Value
1069,7,9,324319.87,5,3,4,12,Medium Value
1070,123,6,165907.63,1,1,2,4,At Risk
1071,172,5,304907.14,1,1,4,6,At Risk
1072,1,7,274809.39,5,2,3,10,Medium Value
1073,53,4,100518.36,2,1,1,4,At Risk
1074,99,10,244980.56,1,4,3,8,Low Value
1075,89,8,254653.02,1,3,3,7,Low Value
1076,83,7,400799.63,1,2,5,8,Low Value
1077,24,11,383355.41,3,4,5,12,Medium Value
1078,117,4,46986.33,1,1,1,3,At Risk
1079,85,6,144942.93,1,1,1,3,At Risk
1080,2,12,305382.45999999996,5,5,4,14,High Value
1081,33,10,421427.61000000004,3,4,5,12,Medium Value
1082,19,9,439698.5,4,3,5,12,Medium Value
1083,70,3,86168.85999999999,2,1,1,4,At Risk
1084,31,13,502841.24,3,5,5,13,High Value
1085,127,3,95241.28,1,1,1,3,At Risk
1086,27,11,418468.54000000004,3,4,5,12,Medium Value
1087,123,9,260971.54,1,3,3,7,Low Value
1088,35,10,262310.69,3,4,3,10,Medium Value
1089,264,8,218093.21,1,3,2,6,At Risk
1090,29,8,228218.54,3,3,3,9,Low Value
1091,19,3,160543.42,4,1,1,6,At Risk
1092,12,9,244772.31,4,3,3,10,Medium Value
1093,60,7,145737.04,2,2,1,5,At Risk
1094,113,7,202394.23,1,2,2,5,At Risk
1095,3,11,304154.05,5,4,4,13,High Value
1096,31,6,146825.83,3,1,1,5,At Risk
1097,67,11,281336.71,2,4,3,9,Low Value
1098,10,11,292472.66,4,4,4,12,Medium Value
1099,6,7,262330.0,5,2,3,10,Medium Value
1100,26,12,480480.72,3,5,5,13,High Value
1101,57,9,389157.94,2,3,5,10,Medium Value
1102,24,6,286805.9,3,1,3,7,Low Value
1103,40,9,243596.47999999998,3,3,3,9,Low Value
1104,77,6,72458.51,1,1,1,3,At Risk
1105,77,6,422688.24,1,1,5,7,Low Value
1106,12,7,212271.43,4,2,2,8,Low Value
1107,25,2,84350.62,3,1,1,5,At Risk
1108,27,8,219981.4,3,3,2,8,Low Value
1109,91,5,95977.54,1,1,1,3,At Risk
1110,121,3,94148.20999999999,1,1,1,3,At Risk
1111,76,11,333833.73,1,4,4,9,Low Value
1112,37,10,370188.81,3,4,5,12,Medium Value
1113,10,5,244214.62,4,1,3,8,Low Value
1114,31,8,336565.07999999996,3,3,4,10,Medium Value
1115,28,11,451329.8,3,4,5,12,Medium Value
1116,23,8,239931.74000000002,3,3,3,9,Low Value
1117,54,8,208817.88,2,3,2,7,Low Value
1118,51,13,451437.47,2,5,5,12,Medium Value
1119,47,7,177252.6,2,2,2,6,At Risk
1120,81,4,95497.04000000001,1,1,1,3,At Risk
1121,107,6,67466.68,1,1,1,3,At Risk
1122,37,8,176649.65,3,3,2,8,Low Value
1123,3,6,179350.57,5,1,2,8,Low Value
1124,23,12,279125.23,3,5,3,11,Medium Value
1125,6,8,139383.64,5,3,1,9,Low Value
1126,14,5,116258.61,4,1,1,6,At Risk
1127,98,8,426324.53,1,3,5,9,Low Value
1128,46,9,360407.03,2,3,4,9,Low Value
1129,10,7,315170.6,4,2,4,10,Medium Value
1130,37,8,287821.82,3,3,3,9,Low Value
1131,10,8,309456.01,4,3,4,11,Medium Value
1132,44,7,411048.54,2,2,5,9,Low Value
1133,86,7,227489.61000000002,1,2,3,6,At Risk
1134,24,3,141383.65,3,1,1,5,At Risk
1135,22,6,140155.57,4,1,1,6,At Risk
1136,25,6,247380.87,3,1,3,7,Low Value
1137,26,7,275413.68000000005,3,2,3,8,Low Value
1138,194,4,117026.42,1,1,1,3,At Risk
1139,45,21,626373.85,2,5,5,12,Medium Value
1140,7,15,537352.87,5,5,5,15,High Value
1141,21,10,473917.94,4,4,5,13,High Value
1142,10,9,310704.24,4,3,4,11,Medium Value
1143,192,7,276448.17000000004,1,2,3,6,At Risk
1144,0,12,515641.26,5,5,5,15,High Value
1145,22,7,257358.97,4,2,3,9,Low Value
1146,21,8,414740.49,4,3,5,12,Medium Value
1147,5,8,409978.52999999997,5,3,5,13,High Value
1148,73,11,280401.76,1,4,3,8,Low Value
1149,16,9,235484.6,4,3,3,10,Medium Value
1150,65,9,193306.63,2,3,2,7,Low Value
1151,19,9,295768.23,4,3,4,11,Medium Value
1152,10,9,184036.55,4,3,2,9,Low Value
1153,16,15,627918.05,4,5,5,14,High Value
1154,38,10,361324.2,3,4,4,11,Medium Value
1155,15,10,349133.29,4,4,4,12,Medium Value
1156,1,8,231428.64,5,3,3,11,Medium Value
1157,61,3,166596.53,2,1,2,5,At Risk
1158,154,6,253301.39,1,1,3,5,At Risk
1159,25,15,292837.14999999997,3,5,4,12,Medium Value
1160,1,10,601733.78,5,4,5,14,High Value
1161,26,15,535538.76,3,5,5,13,High Value
1162,126,7,277434.52,1,2,3,6,At Risk
1163,28,8,271338.70999999996,3,3,3,9,Low Value
1164,95,5,95987.02,1,1,1,3,At Risk
1165,24,7,251390.61,3,2,3,8,Low Value
1166,97,5,89405.4,1,1,1,3,At Risk
1167,45,7,280933.32,2,2,3,7,Low Value
1168,40,6,300035.57,3,1,4,8,Low Value
1169,26,9,435418.11,3,3,5,11,Medium Value
1170,25,10,336216.67,3,4,4,11,Medium Value
1171,22,11,355148.01,4,4,4,12,Medium Value
1172,72,7,127973.13,2,2,1,5,At Risk
1173,120,6,199788.66,1,1,2,4,At Risk
1174,4,8,306745.19,5,3,4,12,Medium Value
1175,2,11,334317.65,5,4,4,13,High Value
1176,106,4,134802.54,1,1,1,3,At Risk
1177,47,8,163731.18,2,3,2,7,Low Value
1178,30,8,218915.08000000002,3,3,2,8,Low Value
1179,5,10,303533.04,5,4,4,13,High Value
1180,20,7,219733.09999999998,4,2,2,8,Low Value
1181,20,9,424595.89,4,3,5,12,Medium Value
1182,179,4,103883.56,1,1,1,3,At Risk
1183,58,11,378357.99,2,4,5,11,Medium Value
1184,38,10,212163.74,3,4,2,9,Low Value
1185,55,11,412997.33999999997,2,4,5,11,Medium Value
1186,71,9,407495.97000000003,2,3,5,10,Medium Value
1187,3,14,454911.43,5,5,5,15,High Value
1188,109,5,77832.86,1,1,1,3,At Risk
1189,106,4,120530.09,1,1,1,3,At Risk
1190,10,7,262941.14,4,2,3,9,Low Value
1191,58,8,208770.11,2,3,2,7,Low Value
1192,112,10,362235.42,1,4,4,9,Low Value
1193,16,11,212441.0,4,4,2,10,Medium Value
1194,28,9,372897.02,3,3,5,11,Medium Value
1195,3,14,327598.28,5,5,4,14,High Value
1196,27,7,222482.87,3,2,2,7,Low Value
1197,26,9,529781.99,3,3,5,11,Medium Value
1198,233,6,211078.38,1,1,2,4,At Risk
1199,59,7,216974.56,2,2,2,6,At Risk
1200,44,6,210737.05,2,1,2,5,At Risk
1201,4,9,340704.94,5,3,4,12,Medium Value
1202,85,7,254764.8,1,2,3,6,At Risk
1203,63,7,338269.84,2,2,4,8,Low Value
1204,69,10,254637.54,2,4,3,9,Low Value
1205,51,12,386537.71,2,5,5,12,Medium Value
1206,5,11,214808.63999999998,5,4,2,11,Medium Value
1207,132,4,156431.91999999998,1,1,1,3,At Risk
1208,93,8,179014.30000000002,1,3,2,6,At Risk
1209,37,6,175919.84,3,1,2,6,At Risk
1210,84,6,184562.82,1,1,2,4,At Risk
1211,13,16,523710.26,4,5,5,14,High Value
1212,19,6,127607.76,4,1,1,6,At Risk
1213,3,5,129043.64,5,1,1,7,Low Value
1214,23,11,292195.48,3,4,4,11,Medium Value
1215,17,10,541555.62,4,4,5,13,High Value
1216,9,6,268109.92,5,1,3,9,Low Value
1217,75,9,287054.06,1,3,3,7,Low Value
1218,7,10,298342.0,5,4,4,13,High Value
1219,22,12,221435.52,4,5,2,11,Medium Value
1220,70,7,196092.88,2,2,2,6,At Risk
1221,27,13,231094.8,3,5,3,11,Medium Value
1222,15,6,128017.09,4,1,1,6,At Risk
1223,5,10,315104.79000000004,5,4,4,13,High Value
1224,41,6,198616.86,2,1,2,5,At Risk
1225,1,9,109392.59999999999,5,3,1,9,Low Value
1226,32,8,269586.2,3,3,3,9,Low Value
1227,6,14,580373.44,5,5,5,15,High Value
1228,18,11,428399.17,4,4,5,13,High Value
1229,13,11,368425.62,4,4,4,12,Medium Value
1230,119,4,180707.34,1,1,2,4,At Risk
1231,4,7,222016.53,5,2,2,9,Low Value
1232,87,8,165888.57,1,3,2,6,At Risk
1233,13,10,416954.17,4,4,5,13,High Value
1234,19,5,149016.66999999998,4,1,1,6,At Risk
1235,130,13,474611.9,1,5,5,11,Medium Value
1236,71,8,307180.74,2,3,4,9,Low Value
1237,36,11,324459.07,3,4,4,11,Medium Value
1238,53,6,204465.18000000002,2,1,2,5,At Risk
1239,25,6,307968.9,3,1,4,8,Low Value
1240,13,8,131966.24000000002,4,3,1,8,Low Value
1241,46,7,129261.07,2,2,1,5,At Risk
1242,77,12,445838.7,1,5,5,11,Medium Value
1243,107,8,412537.75,1,3,5,9,Low Value
1244,143,5,111768.58,1,1,1,3,At Risk
1245,29,7,144234.84,3,2,1,6,At Risk
1246,7,13,279058.59,5,5,3,13,High Value
1247,6,6,160631.2,5,1,1,7,Low Value
1248,6,11,366553.32999999996,5,4,4,13,High Value
1249,84,3,107674.95,1,1,1,3,At Risk
1250,4,6,209528.45,5,1,2,8,Low Value
1251,34,7,359152.3,3,2,4,9,Low Value
1252,39,11,305353.16,3,4,4,11,Medium Value
1253,93,6,214924.38999999998,1,1,2,4,At Risk
1254,50,8,158316.28999999998,2,3,1,6,At Risk
1255,39,7,245446.79,3,2,3,8,Low Value
1256,21,12,332885.51,4,5,4,13,High Value
1257,22,9,261976.21000000002,4,3,3,10,Medium Value
1258,71,6,291375.35,2,1,4,7,Low Value
1259,3,10,485384.2,5,4,5,14,High Value
1260,23,7,296647.77,3,2,4,9,Low Value
1261,26,9,407981.25,3,3,5,11,Medium Value
1262,28,8,299268.71,3,3,4,10,Medium Value
1263,13,9,296275.22,4,3,4,11,Medium Value
1264,76,10,261003.95,1,4,3,8,Low Value
1265,97,11,426193.45,1,4,5,10,Medium Value
1266,53,6,189116.9,2,1,2,5,At Risk
1267,4,7,176686.18,5,2,2,9,Low Value
1268,101,7,364773.92,1,2,4,7,Low Value
1269,2,10,251857.93,5,4,3,12,Medium Value
1270,32,8,278886.16,3,3,3,9,Low Value
1271,2,7,210185.57,5,2,2,9,Low Value
1272,38,8,205600.5,3,3,2,8,Low Value
1273,27,13,431190.75,3,5,5,13,High Value
1274,0,11,320419.01,5,4,4,13,High Value
1275,42,8,200164.22999999998,2,3,2,7,Low Value
1276,144,2,84032.42,1,1,1,3,At Risk
1277,169,7,297822.59,1,2,4,7,Low Value
1278,19,12,517785.27999999997,4,5,5,14,High Value
1279,36,9,324500.58,3,3,4,10,Medium Value
1280,14,5,220517.2,4,1,2,7,Low Value
1281,5,11,295157.61,5,4,4,13,High Value
1282,30,8,370126.98,3,3,5,11,Medium Value
1283,52,9,169743.83000000002,2,3,2,7,Low Value
1284,24,8,343326.12,3,3,4,10,Medium Value
1285,111,6,333304.93,1,1,4,6,At Risk
1286,59,9,426900.82,2,3,5,10,Medium Value
1287,22,9,242808.3,4,3,3,10,Medium Value
1288,21,12,339415.14,4,5,4,13,High Value
1289,16,14,419924.39,4,5,5,14,High Value
1290,6,10,319026.86,5,4,4,13,High Value
1291,15,10,141564.69,4,4,1,9,Low Value
1292,17,14,404292.77,4,5,5,14,High Value
1293,15,9,307722.99,4,3,4,11,Medium Value
1294,12,12,509523.08,4,5,5,14,High Value
1295,18,9,209285.2,4,3,2,9,Low Value
1296,0,8,235804.97999999998,5,3,3,11,Medium Value
1297,79,14,462511.81,1,5,5,11,Medium Value
1298,62,7,417405.32,2,2,5,9,Low Value
1299,7,11,273585.27,5,4,3,12,Medium Value
1300,115,6,237895.49,1,1,3,5,At Risk
1301,50,4,66010.26000000001,2,1,1,4,At Risk
1302,81,7,183961.5,1,2,2,5,At Risk
1303,2,7,289390.24,5,2,4,11,Medium Value
1304,48,5,118092.45999999999,2,1,1,4,At Risk
1305,67,9,195903.77,2,3,2,7,Low Value
1306,4,8,255360.55,5,3,3,11,Medium Value
1307,29,10,214360.04,3,4,2,9,Low Value
1308,48,6,165779.76,2,1,2,5,At Risk
1309,20,10,378712.28,4,4,5,13,High Value
1310,109,11,349503.35,1,4,4,9,Low Value
1311,45,12,452300.08,2,5,5,12,Medium Value
1312,4,12,390199.27999999997,5,5,5,15,High Value
1313,40,8,243964.01,3,3,3,9,Low Value
1314,64,6,134153.25,2,1,1,4,At Risk
1315,10,6,163036.91,4,1,2,7,Low Value
1316,46,4,189209.91,2,1,2,5,At Risk
1317,32,13,300904.15,3,5,4,12,Medium Value
1318,106,5,154907.56,1,1,1,3,At Risk
1319,45,11,330449.84,2,4,4,10,Medium Value
1320,86,5,133093.79,1,1,1,3,At Risk
1321,72,8,235009.11000000002,2,3,3,8,Low Value
1322,125,8,302061.33,1,3,4,8,Low Value
1323,10,8,195101.61000000002,4,3,2,9,Low Value
1324,28,10,177585.68,3,4,2,9,Low Value
1325,160,2,57894.630000000005,1,1,1,3,At Risk
1326,208,3,90014.95,1,1,1,3,At Risk
1327,26,7,302256.01,3,2,4,9,Low Value
1328,21,12,382866.26,4,5,5,14,High Value
1329,41,3,64146.98,2,1,1,4,At Risk
1330,25,9,216425.28,3,3,2,8,Low Value
1331,19,14,308080.84,4,5,4,13,High Value
1332,38,5,153887.12,3,1,1,5,At Risk
1333,54,5,281187.31,2,1,3,6,At Risk
1334,47,11,349729.76,2,4,4,10,Medium Value
1335,11,6,307881.02,4,1,4,9,Low Value
1336,7,10,163311.96,5,4,2,11,Medium Value
1337,44,7,158866.94,2,2,1,5,At Risk
1338,48,5,91102.76000000001,2,1,1,4,At Risk
1339,5,9,289840.16000000003,5,3,4,12,Medium Value
1340,19,14,486913.77,4,5,5,14,High Value
1341,57,5,163527.06,2,1,2,5,At Risk
1342,61,9,298974.19,2,3,4,9,Low Value
1343,14,10,264206.13,4,4,3,11,Medium Value
1344,90,3,135066.94,1,1,1,3,At Risk
1345,10,5,205532.59999999998,4,1,2,7,Low Value
1346,13,7,143908.55,4,2,1,7,Low Value
1347,52,7,245973.27000000002,2,2,3,7,Low Value
1348,12,8,164074.78,4,3,2,9,Low Value
1349,50,14,575111.26,2,5,5,12,Medium Value
1350,32,10,397978.58999999997,3,4,5,12,Medium Value
1351,37,9,392869.2,3,3,5,11,Medium Value
1352,15,10,213069.7,4,4,2,10,Medium Value
1353,21,13,554560.85,4,5,5,14,High Value
1354,27,9,173610.3,3,3,2,8,Low Value
1355,86,5,140054.81,1,1,1,3,At Risk
1356,2,8,349619.59,5,3,4,12,Medium Value
1357,29,14,374967.45,3,5,5,13,High Value
1358,27,8,164245.25,3,3,2,8,Low Value
1359,1,6,204324.47999999998,5,1,2,8,Low Value
1360,75,5,174869.58000000002,1,1,2,4,At Risk
1361,5,5,201495.86,5,1,2,8,Low Value
1362,42,6,70967.4,2,1,1,4,At Risk
1363,72,8,230926.0,2,3,3,8,Low Value
1364,14,5,156002.33000000002,4,1,1,6,At Risk
1365,17,9,428844.82,4,3,5,12,Medium Value
1366,60,6,198129.63999999998,2,1,2,5,At Risk
1367,7,10,236684.15,5,4,3,12,Medium Value
1368,38,9,221573.11,3,3,2,8,Low Value
1369,3,7,164864.79,5,2,2,9,Low Value
1370,20,3,142537.52,4,1,1,6,At Risk
1371,79,8,273369.35,1,3,3,7,Low Value
1372,16,4,139015.88999999998,4,1,1,6,At Risk
1373,12,11,291493.2,4,4,4,12,Medium Value
1374,39,11,289709.21,3,4,4,11,Medium Value
1375,24,10,171393.61,3,4,2,9,Low Value
1376,39,5,176097.24,3,1,2,6,At Risk
1377,7,10,258969.56,5,4,3,12,Medium Value
1378,8,7,180356.94,5,2,2,9,Low Value
1379,0,5,217189.43,5,1,2,8,Low Value
1380,76,8,221615.74,1,3,2,6,At Risk
1381,26,14,266194.57,3,5,3,11,Medium Value
1382,96,6,158829.6,1,1,1,3,At Risk
1383,16,10,242875.21,4,4,3,11,Medium Value
1384,11,11,286697.86,4,4,3,11,Medium Value
1385,56,9,226906.63,2,3,3,8,Low Value
1386,9,10,235262.66,5,4,3,12,Medium Value
1387,5,13,468152.65,5,5,5,15,High Value
1388,59,5,106772.36,2,1,1,4,At Risk
1389,1,8,227948.02,5,3,3,11,Medium Value
1390,17,9,343291.04,4,3,4,11,Medium Value
1391,101,5,128803.63,1,1,1,3,At Risk
1392,7,10,341396.12,5,4,4,13,High Value
1393,36,13,308728.41000000003,3,5,4,12,Medium Value
1394,17,14,196123.24,4,5,2,11,Medium Value
1395,44,6,94304.67,2,1,1,4,At Risk
1396,1,12,427624.83,5,5,5,15,High Value
1397,14,6,82034.02,4,1,1,6,At Risk
1398,12,6,326012.01,4,1,4,9,Low Value
1399,115,3,243989.58,1,1,3,5,At Risk
1400,32,7,316198.87,3,2,4,9,Low Value
1401,9,8,133052.25,5,3,1,9,Low Value
1402,193,7,122272.49,1,2,1,4,At Risk
1403,2,11,315781.65,5,4,4,13,High Value
1404,2,7,221727.54,5,2,2,9,Low Value
1405,22,10,231810.9,4,4,3,11,Medium Value
1406,87,8,222878.51,1,3,2,6,At Risk
1407,10,9,380540.49,4,3,5,12,Medium Value
1408,141,6,149337.8,1,1,1,3,At Risk
1409,7,12,176621.4,5,5,2,12,Medium Value
1410,42,14,429732.56,2,5,5,12,Medium Value
1411,70,5,93285.49,2,1,1,4,At Risk
1412,114,6,177358.62,1,1,2,4,At Risk
1413,7,7,261718.53,5,2,3,10,Medium Value
1414,39,5,78847.29000000001,3,1,1,5,At Risk
1415,0,5,260051.99,5,1,3,9,Low Value
1416,101,6,285222.1,1,1,3,5,At Risk
1417,112,6,195873.6,1,1,2,4,At Risk
1418,7,9,250875.68,5,3,3,11,Medium Value
1419,40,15,531458.02,3,5,5,13,High Value
1420,222,6,239348.47,1,1,3,5,At Risk
1421,23,8,352005.89,3,3,4,10,Medium Value
1422,148,6,184514.09,1,1,2,4,At Risk
1423,25,9,547043.26,3,3,5,11,Medium Value
1424,29,7,176738.61,3,2,2,7,Low Value
1425,85,8,226486.9,1,3,3,7,Low Value
1426,75,8,143880.87,1,3,1,5,At Risk
1427,111,5,202792.9,1,1,2,4,At Risk
1428,29,8,199748.24,3,3,2,8,Low Value
1429,127,6,207171.77000000002,1,1,2,4,At Risk
1430,93,7,104949.05,1,2,1,4,At Risk
1431,48,4,22513.87,2,1,1,4,At Risk
1432,120,6,205390.66,1,1,2,4,At Risk
1433,20,11,494060.14,4,4,5,13,High Value
1434,31,11,318348.99,3,4,4,11,Medium Value
1435,93,5,121716.82,1,1,1,3,At Risk
1436,51,4,120492.67,2,1,1,4,At Risk
1437,41,9,382225.9,2,3,5,10,Medium Value
1438,7,7,275613.24,5,2,3,10,Medium Value
1439,24,10,285202.60000000003,3,4,3,10,Medium Value
1440,18,7,379263.42000000004,4,2,5,11,Medium Value
1441,31,13,329434.29,3,5,4,12,Medium Value
1442,22,8,385815.74,4,3,5,12,Medium Value
1443,11,10,407928.97,4,4,5,13,High Value
1444,123,5,192669.32,1,1,2,4,At Risk
1445,75,7,144526.46,1,2,1,4,At Risk
1446,41,9,323268.87,2,3,4,9,Low Value
1447,66,7,227883.62,2,2,3,7,Low Value
1448,14,11,609073.06,4,4,5,13,High Value
1449,47,6,154989.29,2,1,1,4,At Risk
1450,188,5,106485.75,1,1,1,3,At Risk
1451,31,10,407972.17000000004,3,4,5,12,Medium Value
1452,8,6,141330.46,5,1,1,7,Low Value
1453,56,8,272929.37,2,3,3,8,Low Value
1454,11,7,231335.0,4,2,3,9,Low Value
1455,1,5,168255.51,5,1,2,8,Low Value
1456,1,7,295757.81,5,2,4,11,Medium Value
1457,82,3,27246.66,1,1,1,3,At Risk
1458,48,13,449252.51,2,5,5,12,Medium Value
1459,102,10,321939.94,1,4,4,9,Low Value
1460,18,10,225375.19999999998,4,4,3,11,Medium Value
1461,33,5,78364.67,3,1,1,5,At Risk
1462,38,6,241823.88,3,1,3,7,Low Value
1463,5,4,96860.96,5,1,1,7,Low Value
1464,8,8,208093.03,5,3,2,10,Medium Value
1465,10,9,189797.74,4,3,2,9,Low Value
1466,21,9,255161.39,4,3,3,10,Medium Value
1467,84,12,528470.19,1,5,5,11,Medium Value
1468,108,9,435901.78,1,3,5,9,Low Value
1469,20,13,400773.46,4,5,5,14,High Value
1470,45,9,218028.62,2,3,2,7,Low Value
1471,23,11,508605.84,3,4,5,12,Medium Value
1472,110,11,343086.28,1,4,4,9,Low Value
1473,128,2,52149.299999999996,1,1,1,3,At Risk
1474,15,4,98833.73,4,1,1,6,At Risk
1475,38,5,201227.72999999998,3,1,2,6,At Risk
1476,69,8,331835.6,2,3,4,9,Low Value
1477,17,7,274800.73,4,2,3,9,Low Value
1478,36,8,150963.1,3,3,1,7,Low Value
1479,1,5,145740.72,5,1,1,7,Low Value
1480,98,6,103561.72,1,1,1,3,At Risk
1481,165,8,164751.01,1,3,2,6,At Risk
1482,48,9,258547.94,2,3,3,8,Low Value
1483,63,6,174272.08,2,1,2,5,At Risk
1484,47,7,211847.4,2,2,2,6,At Risk
1485,11,10,233661.36000000002,4,4,3,11,Medium Value
1486,17,11,357136.09,4,4,4,12,Medium Value
1487,225,3,183053.44,1,1,2,4,At Risk
1488,43,5,160012.83000000002,2,1,1,4,At Risk
1489,43,4,88263.91,2,1,1,4,At Risk
1490,29,14,349225.21,3,5,4,12,Medium Value
1491,145,7,221996.93,1,2,2,5,At Risk
1492,1,10,375243.43,5,4,5,14,High Value
1493,19,8,252571.16,4,3,3,10,Medium Value
1494,130,6,248363.77999999997,1,1,3,5,At Risk
1495,13,10,174297.0,4,4,2,10,Medium Value
1496,62,8,245768.93,2,3,3,8,Low Value
1497,52,2,78229.84,2,1,1,4,At Risk
1498,18,4,236689.84999999998,4,1,3,8,Low Value
1499,99,5,270549.06,1,1,3,5,At Risk
1500,55,7,265566.19,2,2,3,7,Low Value
1501,30,8,138650.1,3,3,1,7,Low Value
1502,1,7,170717.97,5,2,2,9,Low Value
1503,8,14,322201.56,5,5,4,14,High Value
1504,53,6,203617.97,2,1,2,5,At Risk
1505,26,7,200745.52,3,2,2,7,Low Value
1506,15,12,230255.42,4,5,3,12,Medium Value
1507,93,9,324503.04,1,3,4,8,Low Value
1508,3,12,318271.23,5,5,4,14,High Value
1509,71,13,390314.02,2,5,5,12,Medium Value
1510,43,9,296744.91,2,3,4,9,Low Value
1511,35,8,213418.13,3,3,2,8,Low Value
1512,33,8,305572.76,3,3,4,10,Medium Value
1513,33,11,341337.1,3,4,4,11,Medium Value
1514,15,9,219156.21,4,3,2,9,Low Value
1515,3,6,196492.08,5,1,2,8,Low Value
1516,69,6,176381.08,2,1,2,5,At Risk
1517,25,7,183979.54,3,2,2,7,Low Value
1518,55,11,392992.01,2,4,5,11,Medium Value
1519,101,8,230414.23,1,3,3,7,Low Value
1520,39,12,505584.8,3,5,5,13,High Value
1521,3,11,408930.32,5,4,5,14,High Value
1522,35,5,154343.2,3,1,1,5,At Risk
1523,48,8,204919.25,2,3,2,7,Low Value
1524,33,7,180672.42,3,2,2,7,Low Value
1525,23,10,325033.76,3,4,4,11,Medium Value
1526,87,8,294633.44,1,3,4,8,Low Value
1527,62,10,262358.18,2,4,3,9,Low Value
1528,23,6,138918.77000000002,3,1,1,5,At Risk
1529,86,4,104449.73999999999,1,1,1,3,At Risk
1530,74,10,411867.82,1,4,5,10,Medium Value
1531,38,4,71183.35,3,1,1,5,At Risk
1532,35,14,399140.01,3,5,5,13,High Value
1533,40,7,252543.83000000002,3,2,3,8,Low Value
1534,124,4,106180.98000000001,1,1,1,3,At Risk
1535,10,12,324091.78,4,5,4,13,High Value
1536,6,5,125423.2,5,1,1,7,Low Value
1537,28,12,473930.94,3,5,5,13,High Value
1538,82,10,246788.84,1,4,3,8,Low Value
1539,80,4,78126.78,1,1,1,3,At Risk
1540,34,8,424026.37,3,3,5,11,Medium Value
1541,43,4,91078.11,2,1,1,4,At Risk
1542,23,8,159068.51,3,3,1,7,Low Value
1543,9,5,108430.67,5,1,1,7,Low Value
1544,10,5,98686.11,4,1,1,6,At Risk
1545,33,9,238393.81,3,3,3,9,Low Value
1546,98,9,226669.48,1,3,3,7,Low Value
1547,20,4,80523.58,4,1,1,6,At Risk
1548,13,7,154940.21,4,2,1,7,Low Value
1549,53,6,149485.34,2,1,1,4,At Risk
1550,37,5,302885.69,3,1,4,8,Low Value
1551,19,7,300673.48,4,2,4,10,Medium Value
1552,20,7,184589.8,4,2,2,8,Low Value
1553,36,4,204761.69,3,1,2,6,At Risk
1554,0,10,378659.46,5,4,5,14,High Value
1555,183,4,60010.369999999995,1,1,1,3,At Risk
1556,23,7,244549.59000000003,3,2,3,8,Low Value
1557,114,5,144129.27,1,1,1,3,At Risk
1558,7,5,223655.5,5,1,2,8,Low Value
1559,26,10,306595.62,3,4,4,11,Medium Value
1560,25,9,341753.58,3,3,4,10,Medium Value
1561,17,6,188804.57,4,1,2,7,Low Value
1562,21,13,350962.68,4,5,4,13,High Value
1563,72,6,128731.78,2,1,1,4,At Risk
1564,48,12,537286.52,2,5,5,12,Medium Value
1565,54,8,227326.79,2,3,3,8,Low Value
1566,38,5,307078.33,3,1,4,8,Low Value
1567,53,8,350366.84,2,3,4,9,Low Value
1568,47,7,300750.89,2,2,4,8,Low Value
1569,26,12,395369.11,3,5,5,13,High Value
1571,107,4,90921.64,1,1,1,3,At Risk
1572,114,6,183654.16999999998,1,1,2,4,At Risk
1573,141,3,118604.90000000001,1,1,1,3,At Risk
1574,109,6,200059.75999999998,1,1,2,4,At Risk
1575,23,11,375329.21,3,4,5,12,Medium Value
1576,2,15,593104.99,5,5,5,15,High Value
1577,31,7,169345.22,3,2,2,7,Low Value
1578,67,15,629768.87,2,5,5,12,Medium Value
1579,1,3,49426.72,5,1,1,7,Low Value
1580,111,8,314335.48,1,3,4,8,Low Value
1581,16,10,182912.22,4,4,2,10,Medium Value
1582,25,10,259641.8,3,4,3,10,Medium Value
1583,56,6,118566.72,2,1,1,4,At Risk
1584,65,7,229069.84,2,2,3,7,Low Value
1585,26,7,199956.74000000002,3,2,2,7,Low Value
1586,47,9,368020.76,2,3,4,9,Low Value
1587,83,6,88260.51999999999,1,1,1,3,At Risk
1588,164,3,123866.31,1,1,1,3,At Risk
1589,64,7,298650.92,2,2,4,8,Low Value
1590,79,9,407373.1,1,3,5,9,Low Value
1591,25,5,96400.44,3,1,1,5,At Risk
1592,60,8,329026.2,2,3,4,9,Low Value
1593,12,8,275825.33,4,3,3,10,Medium Value
1594,14,5,236440.21,4,1,3,8,Low Value
1595,27,4,135423.87000000002,3,1,1,5,At Risk
1596,13,10,204325.91,4,4,2,10,Medium Value
1597,76,11,462371.55000000005,1,4,5,10,Medium Value
1598,11,10,405559.24000000005,4,4,5,13,High Value
1599,73,12,451352.08,1,5,5,11,Medium Value
1600,93,5,99928.37,1,1,1,3,At Risk
1601,1,11,538305.8099999999,5,4,5,14,High Value
1602,31,8,462184.21,3,3,5,11,Medium Value
1603,25,8,220207.65,3,3,2,8,Low Value
1604,56,12,426682.2,2,5,5,12,Medium Value
1605,87,7,350174.74,1,2,4,7,Low Value
1606,93,10,412736.49,1,4,5,10,Medium Value
1607,52,10,315850.74,2,4,4,10,Medium Value
1608,72,10,261587.46,2,4,3,9,Low Value
1609,16,12,290321.46,4,5,4,13,High Value
1610,37,9,510891.17,3,3,5,11,Medium Value
1611,27,12,543381.84,3,5,5,13,High Value
1612,102,7,130797.84000000001,1,2,1,4,At Risk
1613,156,7,208308.02,1,2,2,5,At Risk
1614,2,9,322282.94,5,3,4,12,Medium Value
1615,55,11,363339.07,2,4,4,10,Medium Value
1616,58,11,246292.45,2,4,3,9,Low Value
1617,12,8,160101.63,4,3,1,8,Low Value
1618,38,9,228812.73,3,3,3,9,Low Value
1619,14,6,159553.0,4,1,1,6,At Risk
1620,47,6,122652.09,2,1,1,4,At Risk
1621,18,14,460659.31,4,5,5,14,High Value
1622,11,9,266652.16,4,3,3,10,Medium Value
1623,25,9,344835.04000000004,3,3,4,10,Medium Value
1624,54,8,315062.62,2,3,4,9,Low Value
1625,57,10,249679.68,2,4,3,9,Low Value
1626,17,10,284774.54,4,4,3,11,Medium Value
1627,0,9,314137.02999999997,5,3,4,12,Medium Value
1628,41,8,154285.42,2,3,1,6,At Risk
1629,2,2,162681.49,5,1,2,8,Low Value
1630,20,12,291047.44,4,5,4,13,High Value
1631,47,7,230879.29,2,2,3,7,Low Value
1632,23,4,53515.08,3,1,1,5,At Risk
1633,112,8,215943.82,1,3,2,6,At Risk
1634,14,15,467559.63,4,5,5,14,High Value
1635,134,5,153189.94999999998,1,1,1,3,At Risk
1636,143,5,118205.62,1,1,1,3,At Risk
1637,58,8,257537.97999999998,2,3,3,8,Low Value
1638,24,11,363816.21,3,4,4,11,Medium Value
1639,3,17,877344.52,5,5,5,15,High Value
1640,28,9,474639.71,3,3,5,11,Medium Value
1641,42,12,317053.46,2,5,4,11,Medium Value
1642,67,9,311380.41000000003,2,3,4,9,Low Value
1643,8,10,212512.25,5,4,2,11,Medium Value
1644,9,10,229608.25999999998,5,4,3,12,Medium Value
1645,0,4,275821.80000000005,5,1,3,9,Low Value
1646,9,12,506648.65,5,5,5,15,High Value
1647,71,5,87385.13,2,1,1,4,At Risk
1648,29,7,409640.11,3,2,5,10,Medium Value
1649,11,5,77361.11,4,1,1,6,At Risk
1650,30,9,384296.99,3,3,5,11,Medium Value
1651,7,10,444732.89,5,4,5,14,High Value
1652,0,8,176336.05,5,3,2,10,Medium Value
1653,14,9,349518.35,4,3,4,11,Medium Value
1654,73,9,181116.81,1,3,2,6,At Risk
1655,16,10,250541.48,4,4,3,11,Medium Value
1656,29,8,139266.05,3,3,1,7,Low Value
1657,34,8,338996.06,3,3,4,10,Medium Value
1658,9,12,430029.73,5,5,5,15,High Value
1659,21,9,237452.51,4,3,3,10,Medium Value
1660,22,8,207446.28,4,3,2,9,Low Value
1661,37,10,269086.82,3,4,3,10,Medium Value
1662,46,13,306821.09,2,5,4,11,Medium Value
1663,2,6,183131.77,5,1,2,8,Low Value
1664,134,8,217814.04,1,3,2,6,At Risk
1665,27,12,399196.4,3,5,5,13,High Value
1666,80,9,325196.7,1,3,4,8,Low Value
1667,116,7,395147.22,1,2,5,8,Low Value
1668,14,14,281024.70999999996,4,5,3,12,Medium Value
1669,11,10,436992.22,4,4,5,13,High Value
1670,0,7,199809.15,5,2,2,9,Low Value
1671,1,8,208877.49,5,3,2,10,Medium Value
1672,42,8,194091.06,2,3,2,7,Low Value
1673,24,8,198073.91,3,3,2,8,Low Value
1674,56,8,220796.22,2,3,2,7,Low Value
1675,37,10,194272.73,3,4,2,9,Low Value
1676,16,15,470095.24,4,5,5,14,High Value
1677,3,10,410121.19,5,4,5,14,High Value
1678,25,9,310402.99,3,3,4,10,Medium Value
1679,100,13,509039.38,1,5,5,11,Medium Value
1680,96,12,261214.64,1,5,3,9,Low Value
1681,95,6,208362.24000000002,1,1,2,4,At Risk
1682,48,6,186668.33,2,1,2,5,At Risk
1683,40,4,115921.06,3,1,1,5,At Risk
1684,10,9,518271.95,4,3,5,12,Medium Value
1685,28,7,131412.02,3,2,1,6,At Risk
1686,42,12,363656.68,2,5,4,11,Medium Value
1687,25,11,526380.15,3,4,5,12,Medium Value
1688,102,6,208262.67,1,1,2,4,At Risk
1689,101,9,271620.07999999996,1,3,3,7,Low Value
1690,43,4,120886.98,2,1,1,4,At Risk
1691,62,11,492814.01,2,4,5,11,Medium Value
1692,21,11,326371.8,4,4,4,12,Medium Value
1693,56,8,385786.53,2,3,5,10,Medium Value
1694,4,7,337079.38,5,2,4,11,Medium Value
1695,73,10,210184.98,1,4,2,7,Low Value
1696,27,6,309817.43,3,1,4,8,Low Value
1697,2,11,298975.0,5,4,4,13,High Value
1698,2,9,292521.73,5,3,4,12,Medium Value
1699,86,8,366883.95999999996,1,3,4,8,Low Value
1700,55,6,118312.44,2,1,1,4,At Risk
1701,27,6,139308.72,3,1,1,5,At Risk
1702,2,13,416134.58,5,5,5,15,High Value
1703,0,4,46281.72,5,1,1,7,Low Value
1704,2,9,194749.72,5,3,2,10,Medium Value
1705,142,10,192659.37,1,4,2,7,Low Value
1706,39,5,161978.75,3,1,2,6,At Risk
1707,73,6,162892.43,1,1,2,4,At Risk
1708,11,10,395373.70999999996,4,4,5,13,High Value
1709,20,5,153725.21,4,1,1,6,At Risk
1710,9,7,255540.19,5,2,3,10,Medium Value
1711,260,4,121834.54000000001,1,1,1,3,At Risk
1712,16,6,114812.01000000001,4,1,1,6,At Risk
1713,43,9,428777.13,2,3,5,10,Medium Value
1714,16,9,300071.92,4,3,4,11,Medium Value
1715,90,4,70212.47,1,1,1,3,At Risk
1716,3,10,459097.64,5,4,5,14,High Value
1717,62,10,238824.81,2,4,3,9,Low Value
1718,90,4,130014.07,1,1,1,3,At Risk
1719,9,14,388070.46,5,5,5,15,High Value
1720,20,8,290256.88,4,3,4,11,Medium Value
1721,105,4,228922.71,1,1,3,5,At Risk
1722,23,8,201261.17,3,3,2,8,Low Value
1723,5,7,131941.17,5,2,1,8,Low Value
1724,18,10,311077.18,4,4,4,12,Medium Value
1725,6,10,287588.11,5,4,3,12,Medium Value
1726,96,6,303566.56999999995,1,1,4,6,At Risk
1727,31,12,254518.7,3,5,3,11,Medium Value
1728,74,9,267303.61,1,3,3,7,Low Value
1729,16,6,366558.78,4,1,4,9,Low Value
1730,106,8,138429.45,1,3,1,5,At Risk
1731,7,4,99277.88,5,1,1,7,Low Value
1732,8,7,100706.95,5,2,1,8,Low Value
1733,3,10,210257.08000000002,5,4,2,11,Medium Value
1734,37,17,586486.72,3,5,5,13,High Value
1735,24,7,340688.35,3,2,4,9,Low Value
1736,18,9,385158.02,4,3,5,12,Medium Value
1737,1,8,267075.33,5,3,3,11,Medium Value
1738,36,7,147601.61,3,2,1,6,At Risk
1739,114,6,187145.8,1,1,2,4,At Risk
1740,2,9,238262.71,5,3,3,11,Medium Value
1741,55,9,225636.46,2,3,3,8,Low Value
1742,23,8,137082.7,3,3,1,7,Low Value
1743,56,8,235660.56,2,3,3,8,Low Value
1744,12,12,373780.85,4,5,5,14,High Value
1745,142,12,481662.74,1,5,5,11,Medium Value
1746,25,6,194307.97,3,1,2,6,At Risk
1747,10,8,425496.71,4,3,5,12,Medium Value
1748,39,12,399612.36,3,5,5,13,High Value
1749,102,4,70163.28,1,1,1,3,At Risk
1750,4,6,94303.59,5,1,1,7,Low Value
1751,55,5,90646.44,2,1,1,4,At Risk
1752,11,16,572819.05,4,5,5,14,High Value
1753,15,9,259620.28999999998,4,3,3,10,Medium Value
1754,14,10,281967.03,4,4,3,11,Medium Value
1755,14,10,559901.38,4,4,5,13,High Value
1756,126,8,179062.15,1,3,2,6,At Risk
1757,74,9,295536.98,1,3,4,8,Low Value
1758,23,11,529990.99,3,4,5,12,Medium Value
1759,31,12,411754.11,3,5,5,13,High Value
1760,2,8,164849.74,5,3,2,10,Medium Value
1761,75,9,256418.97999999998,1,3,3,7,Low Value
1762,43,8,231580.11,2,3,3,8,Low Value
1763,7,11,411137.87,5,4,5,14,High Value
1764,178,4,137550.78999999998,1,1,1,3,At Risk
1765,48,6,142021.32,2,1,1,4,At Risk
1766,11,10,223082.37,4,4,2,10,Medium Value
1767,17,5,215163.40000000002,4,1,2,7,Low Value
1768,29,12,362689.20999999996,3,5,4,12,Medium Value
1769,55,6,284878.4,2,1,3,6,At Risk
1770,112,9,193806.74,1,3,2,6,At Risk
1771,5,9,299092.35,5,3,4,12,Medium Value
1772,3,8,166096.88,5,3,2,10,Medium Value
1773,79,3,23018.39,1,1,1,3,At Risk
1774,94,4,83906.8,1,1,1,3,At Risk
1775,148,7,339899.97000000003,1,2,4,7,Low Value
1776,46,8,294165.45,2,3,4,9,Low Value
1777,101,5,302702.68,1,1,4,6,At Risk
1778,21,5,160450.06,4,1,1,6,At Risk
1779,59,5,175007.91999999998,2,1,2,5,At Risk
1780,76,7,356757.39,1,2,4,7,Low Value
1781,15,9,386971.87,4,3,5,12,Medium Value
1782,2,6,141847.0,5,1,1,7,Low Value
1783,3,6,221273.6,5,1,2,8,Low Value
1784,81,9,243045.48,1,3,3,7,Low Value
1785,84,7,207543.22,1,2,2,5,At Risk
1786,135,4,141597.0,1,1,1,3,At Risk
1787,75,10,286605.13,1,4,3,8,Low Value
1788,104,5,111366.34,1,1,1,3,At Risk
1789,87,9,292901.03,1,3,4,8,Low Value
1790,7,8,226257.23,5,3,3,11,Medium Value
1791,6,8,213350.19,5,3,2,10,Medium Value
1792,2,8,306860.22,5,3,4,12,Medium Value
1793,73,6,134222.1,1,1,1,3,At Risk
1794,64,7,139847.22,2,2,1,5,At Risk
1795,47,8,274930.46,2,3,3,8,Low Value
1796,51,10,289495.91000000003,2,4,4,10,Medium Value
1797,95,5,153384.59999999998,1,1,1,3,At Risk
1798,5,8,144076.19,5,3,1,9,Low Value
1799,20,8,163398.95,4,3,2,9,Low Value
1800,141,4,59970.03,1,1,1,3,At Risk
1801,3,17,567394.15,5,5,5,15,High Value
1802,13,8,176918.63,4,3,2,9,Low Value
1803,24,8,367576.14,3,3,4,10,Medium Value
1804,14,10,383161.72,4,4,5,13,High Value
1805,1,7,280797.6,5,2,3,10,Medium Value
1806,29,7,222635.52000000002,3,2,2,7,Low Value
1807,4,9,348215.3,5,3,4,12,Medium Value
1808,29,6,170259.04,3,1,2,6,At Risk
1809,58,11,449717.95,2,4,5,11,Medium Value
1810,2,8,305212.62,5,3,4,12,Medium Value
1811,4,8,314714.43,5,3,4,12,Medium Value
1812,14,8,321572.25,4,3,4,11,Medium Value
1813,107,6,266716.06999999995,1,1,3,5,At Risk
1814,11,8,137612.51,4,3,1,8,Low Value
1815,45,8,246166.34,2,3,3,8,Low Value
1816,42,7,324514.45,2,2,4,8,Low Value
1817,0,16,613598.96,5,5,5,15,High Value
1818,13,13,574442.3,4,5,5,14,High Value
1819,53,7,153630.66,2,2,1,5,At Risk
1820,25,11,478772.94,3,4,5,12,Medium Value
1821,98,6,162422.36,1,1,2,4,At Risk
1822,67,6,169997.31,2,1,2,5,At Risk
1823,125,9,324842.42,1,3,4,8,Low Value
1824,36,13,388481.25,3,5,5,13,High Value
1825,52,7,371526.07999999996,2,2,5,9,Low Value
1826,18,14,401026.4,4,5,5,14,High Value
1827,16,7,145694.0,4,2,1,7,Low Value
1828,166,3,46319.88,1,1,1,3,At Risk
1829,66,9,244658.68999999997,2,3,3,8,Low Value
1830,6,9,347266.29000000004,5,3,4,12,Medium Value
1831,13,17,307325.29,4,5,4,13,High Value
1832,48,13,572050.81,2,5,5,12,Medium Value
1833,56,7,206313.02000000002,2,2,2,6,At Risk
1834,29,7,218567.3,3,2,2,7,Low Value
1835,21,5,65643.87,4,1,1,6,At Risk
1836,13,9,359039.57,4,3,4,11,Medium Value
1837,9,7,224155.68,5,2,2,9,Low Value
1838,62,4,65279.49,2,1,1,4,At Risk
1839,1,10,293159.7,5,4,4,13,High Value
1840,102,5,109580.92,1,1,1,3,At Risk
1841,42,10,276419.14999999997,2,4,3,9,Low Value
1842,96,8,322414.2,1,3,4,8,Low Value
1843,28,15,493178.03,3,5,5,13,High Value
1844,1,7,180626.53,5,2,2,9,Low Value
1845,196,6,195704.66,1,1,2,4,At Risk
1846,115,8,249361.17,1,3,3,7,Low Value
1847,26,7,208018.40000000002,3,2,2,7,Low Value
1848,22,7,294552.74,4,2,4,10,Medium Value
1849,30,9,267976.3,3,3,3,9,Low Value
1850,31,5,83917.9,3,1,1,5,At Risk
1851,17,7,205424.32,4,2,2,8,Low Value
1852,18,8,221795.19,4,3,2,9,Low Value
1853,41,12,439502.25,2,5,5,12,Medium Value
1854,18,8,279085.29,4,3,3,10,Medium Value
1855,33,9,246569.88999999998,3,3,3,9,Low Value
1856,19,7,207022.03,4,2,2,8,Low Value
1857,13,5,56438.78,4,1,1,6,At Risk
1858,1,11,418841.83999999997,5,4,5,14,High Value
1859,3,6,306017.85000000003,5,1,4,10,Medium Value
1860,7,6,261971.44,5,1,3,9,Low Value
1861,117,3,51760.16,1,1,1,3,At Risk
1862,2,15,612679.37,5,5,5,15,High Value
1863,135,3,149006.31,1,1,1,3,At Risk
1864,28,6,142807.91,3,1,1,5,At Risk
1865,67,7,305392.39999999997,2,2,4,8,Low Value
1866,78,7,253206.89,1,2,3,6,At Risk
1867,0,10,305143.89,5,4,4,13,High Value
1868,52,7,210862.47,2,2,2,6,At Risk
1869,41,12,285691.38,2,5,3,10,Medium Value
1870,0,9,467880.59,5,3,5,13,High Value
1871,21,7,218130.71,4,2,2,8,Low Value
1872,4,10,439038.75,5,4,5,14,High Value
1873,36,10,348283.57,3,4,4,11,Medium Value
1874,50,11,309185.33,2,4,4,10,Medium Value
1875,24,10,332659.8,3,4,4,11,Medium Value
1876,39,14,362523.92,3,5,4,12,Medium Value
1877,71,3,90121.49,2,1,1,4,At Risk
1878,26,12,379370.45,3,5,5,13,High Value
1879,27,7,279034.4,3,2,3,8,Low Value
1880,136,6,151229.33000000002,1,1,1,3,At Risk
1881,75,8,328360.97,1,3,4,8,Low Value
1882,12,8,210654.97,4,3,2,9,Low Value
1883,17,5,175539.46,4,1,2,7,Low Value
1884,91,10,379761.17,1,4,5,10,Medium Value
1885,25,10,475214.99,3,4,5,12,Medium Value
1886,35,6,220977.03,3,1,2,6,At Risk
1887,18,10,423063.72000000003,4,4,5,13,High Value
1888,49,6,146537.46,2,1,1,4,At Risk
1889,24,10,394128.52,3,4,5,12,Medium Value
1890,43,5,291110.68,2,1,4,7,Low Value
1891,33,11,439376.44,3,4,5,12,Medium Value
1892,44,4,213302.65999999997,2,1,2,5,At Risk
1893,13,6,206424.46000000002,4,1,2,7,Low Value
1894,86,7,331328.25,1,2,4,7,Low Value
1895,61,6,270065.56,2,1,3,6,At Risk
1896,22,10,297757.54,4,4,4,12,Medium Value
1897,10,10,203729.30000000002,4,4,2,10,Medium Value
1898,16,7,238581.89,4,2,3,9,Low Value
1899,157,6,156322.11,1,1,1,3,At Risk
1900,118,7,181455.51,1,2,2,5,At Risk
1901,26,8,155019.49,3,3,1,7,Low Value
1902,0,7,224460.3,5,2,2,9,Low Value
1903,11,7,290852.88,4,2,4,10,Medium Value
1904,4,9,258684.01,5,3,3,11,Medium Value
1905,10,14,568816.05,4,5,5,14,High Value
1906,16,9,131241.74,4,3,1,8,Low Value
1907,125,10,278049.12,1,4,3,8,Low Value
1908,99,2,64221.91,1,1,1,3,At Risk
1909,10,11,325263.38,4,4,4,12,Medium Value
1910,40,10,193132.45,3,4,2,9,Low Value
1911,29,9,411123.85,3,3,5,11,Medium Value
1912,11,12,276953.16,4,5,3,12,Medium Value
1913,30,4,413145.82,3,1,5,9,Low Value
1914,15,8,373964.11,4,3,5,12,Medium Value
1915,35,11,360465.17,3,4,4,11,Medium Value
1916,44,16,610123.61,2,5,5,12,Medium Value
1917,112,8,291329.59,1,3,4,8,Low Value
1918,101,6,226461.32,1,1,3,5,At Risk
1919,7,8,154993.7,5,3,1,9,Low Value
1920,70,6,186090.6,2,1,2,5,At Risk
1921,59,10,332990.56,2,4,4,10,Medium Value
1922,68,9,353660.75,2,3,4,9,Low Value
1923,37,7,96149.42,3,2,1,6,At Risk
1924,3,6,91715.03,5,1,1,7,Low Value
1925,162,6,112622.82999999999,1,1,1,3,At Risk
1926,144,7,187403.72999999998,1,2,2,5,At Risk
1927,36,13,452966.04,3,5,5,13,High Value
1928,0,14,329646.32999999996,5,5,4,14,High Value
1929,11,9,319006.21,4,3,4,11,Medium Value
1930,21,6,130917.92,4,1,1,6,At Risk
1931,63,5,155973.32,2,1,1,4,At Risk
1932,4,11,311116.83999999997,5,4,4,13,High Value
1933,18,16,447498.77999999997,4,5,5,14,High Value
1934,26,6,176038.9,3,1,2,6,At Risk
1935,24,4,118633.5,3,1,1,5,At Risk
1936,45,13,340158.04,2,5,4,11,Medium Value
1937,48,5,74013.45999999999,2,1,1,4,At Risk
1938,13,8,162374.06,4,3,2,9,Low Value
1939,46,4,315201.12,2,1,4,7,Low Value
1940,98,9,270056.54000000004,1,3,3,7,Low Value
1941,2,11,376335.64999999997,5,4,5,14,High Value
1942,96,5,106423.52,1,1,1,3,At Risk
1943,3,7,120410.20999999999,5,2,1,8,Low Value
1944,27,7,356046.9,3,2,4,9,Low Value
1945,96,7,167440.95,1,2,2,5,At Risk
1946,237,5,221231.08,1,1,2,4,At Risk
1947,40,6,104063.17000000001,3,1,1,5,At Risk
1948,8,5,270716.57,5,1,3,9,Low Value
1949,31,9,490366.48,3,3,5,11,Medium Value
1950,66,5,272275.53,2,1,3,6,At Risk
1951,32,10,328972.45,3,4,4,11,Medium Value
1952,38,7,199825.96,3,2,2,7,Low Value
1953,17,9,384709.01,4,3,5,12,Medium Value
1954,32,9,403548.91,3,3,5,11,Medium Value
1955,80,12,209120.59,1,5,2,8,Low Value
1956,134,5,342342.99,1,1,4,6,At Risk
1957,36,7,175029.94,3,2,2,7,Low Value
1958,85,5,95964.73,1,1,1,3,At Risk
1959,8,6,89668.68,5,1,1,7,Low Value
1960,11,13,392087.32,4,5,5,14,High Value
1961,37,7,258760.32,3,2,3,8,Low Value
1962,34,9,231557.97,3,3,3,9,Low Value
1963,9,3,75730.63,5,1,1,7,Low Value
1964,122,6,144008.19,1,1,1,3,At Risk
1965,11,9,442599.4,4,3,5,12,Medium Value
1966,44,7,184203.89,2,2,2,6,At Risk
1967,2,5,136919.97,5,1,1,7,Low Value
1968,2,6,120607.46,5,1,1,7,Low Value
1969,72,6,237965.62,1,1,3,5,At Risk
1970,1,6,144823.97,5,1,1,7,Low Value
1971,17,4,122372.0,4,1,1,6,At Risk
1972,10,7,241790.18,4,2,3,9,Low Value
1973,51,9,160375.38999999998,2,3,1,6,At Risk
1974,176,6,159732.01,1,1,1,3,At Risk
1975,45,14,248373.04,2,5,3,10,Medium Value
1976,9,9,178142.38,5,3,2,10,Medium Value
1977,36,11,300225.88,3,4,4,11,Medium Value
1978,49,7,229376.02000000002,2,2,3,7,Low Value
1979,42,8,245715.03,2,3,3,8,Low Value
1980,16,5,307408.73,4,1,4,9,Low Value
1981,34,9,383084.67,3,3,5,11,Medium Value
1982,76,7,291787.29,1,2,4,7,Low Value
1983,148,5,59027.68,1,1,1,3,At Risk
1984,13,12,496031.97000000003,4,5,5,14,High Value
1985,121,5,322381.07999999996,1,1,4,6,At Risk
1986,47,10,466303.16,2,4,5,11,Medium Value
1987,3,9,204605.51,5,3,2,10,Medium Value
1988,19,8,262021.35,4,3,3,10,Medium Value
1989,18,7,364504.6,4,2,4,10,Medium Value
1990,10,9,406566.26,4,3,5,12,Medium Value
1991,77,6,101531.51,1,1,1,3,At Risk
1992,2,9,246810.95,5,3,3,11,Medium Value
1993,0,7,319687.78,5,2,4,11,Medium Value
1994,54,11,368977.7,2,4,4,10,Medium Value
1995,66,9,285589.05,2,3,3,8,Low Value
1996,68,5,128593.41,2,1,1,4,At Risk
1997,59,12,452753.94,2,5,5,12,Medium Value
1998,48,9,349002.2,2,3,4,9,Low Value
1999,16,8,438143.0,4,3,5,12,Medium Value
2000,38,8,186488.79,3,3,2,8,Low Value
2001,32,5,184592.87,3,1,2,6,At Risk
2002,36,8,232323.09999999998,3,3,3,9,Low Value
2003,12,10,297262.22000000003,4,4,4,12,Medium Value
2004,88,6,164726.94,1,1,2,4,At Risk
2005,35,10,645266.16,3,4,5,12,Medium Value
2006,45,6,191931.97,2,1,2,5,At Risk
2007,109,7,185191.38,1,2,2,5,At Risk
2008,11,9,287985.44,4,3,3,10,Medium Value
2009,77,4,113162.66,1,1,1,3,At Risk
2010,22,7,148902.13,4,2,1,7,Low Value
2011,7,10,362716.57,5,4,4,13,High Value
2012,10,5,100719.72,4,1,1,6,At Risk
2013,130,6,116124.57,1,1,1,3,At Risk
2014,28,12,325790.0,3,5,4,12,Medium Value
2015,37,11,386143.06,3,4,5,12,Medium Value
2016,8,13,544080.83,5,5,5,15,High Value
2017,36,7,291470.67000000004,3,2,4,9,Low Value
2018,1,9,439455.08,5,3,5,13,High Value
2019,22,6,279442.1,4,1,3,8,Low Value
2020,3,11,248315.27,5,4,3,12,Medium Value
2021,11,11,313466.66000000003,4,4,4,12,Medium Value
2022,2,12,594997.6,5,5,5,15,High Value
2023,78,4,105707.73999999999,1,1,1,3,At Risk
2024,77,8,224395.71,1,3,2,6,At Risk
2025,88,10,217278.58,1,4,2,7,Low Value
2026,7,6,381469.24,5,1,5,11,Medium Value
2027,40,8,320531.92000000004,3,3,4,10,Medium Value
2028,15,9,311451.49,4,3,4,11,Medium Value
2029,26,6,187895.16,3,1,2,6,At Risk
2030,2,6,101065.62,5,1,1,7,Low Value
2031,25,10,459408.21,3,4,5,12,Medium Value
2032,81,5,70444.81,1,1,1,3,At Risk
2033,96,11,218882.77,1,4,2,7,Low Value
2034,13,12,338500.04,4,5,4,13,High Value
2035,34,3,115747.29,3,1,1,5,At Risk
2036,23,12,368113.86,3,5,4,12,Medium Value
2037,35,8,359695.75,3,3,4,10,Medium Value
2038,46,7,131943.04,2,2,1,5,At Risk
2039,94,6,149004.43,1,1,1,3,At Risk
2040,106,10,247076.13,1,4,3,8,Low Value
2041,88,5,130417.18,1,1,1,3,At Risk
2042,5,14,554838.55,5,5,5,15,High Value
2043,24,9,329491.17000000004,3,3,4,10,Medium Value
2044,43,9,463798.93000000005,2,3,5,10,Medium Value
2045,41,7,97127.53,2,2,1,5,At Risk
2046,1,6,198394.85,5,1,2,8,Low Value
2047,66,5,319877.24,2,1,4,7,Low Value
2048,69,7,244143.01,2,2,3,7,Low Value
2049,48,6,360433.04000000004,2,1,4,7,Low Value
2050,43,5,113145.12,2,1,1,4,At Risk
2051,88,12,348739.97,1,5,4,10,Medium Value
2052,12,13,388707.71,4,5,5,14,High Value
2053,157,7,295228.20999999996,1,2,4,7,Low Value
2054,28,4,105698.51,3,1,1,5,At Risk
2055,5,8,280150.53,5,3,3,11,Medium Value
2056,45,13,701780.63,2,5,5,12,Medium Value
2057,99,14,429792.89999999997,1,5,5,11,Medium Value
2058,118,6,197627.57,1,1,2,4,At Risk
2059,43,4,143798.95,2,1,1,4,At Risk
2060,77,7,307619.41,1,2,4,7,Low Value
2061,114,5,105401.47,1,1,1,3,At Risk
2062,13,16,415017.77999999997,4,5,5,14,High Value
2063,74,8,317586.78,1,3,4,8,Low Value
2064,2,12,512756.39,5,5,5,15,High Value
2065,10,4,109877.04,4,1,1,6,At Risk
2066,18,12,312913.11,4,5,4,13,High Value
2067,6,9,202910.24000000002,5,3,2,10,Medium Value
2068,75,8,213749.3,1,3,2,6,At Risk
2069,24,11,283916.71,3,4,3,10,Medium Value
2070,3,15,281970.97,5,5,3,13,High Value
2071,30,12,636097.11,3,5,5,13,High Value
2072,12,5,90588.73999999999,4,1,1,6,At Risk
2073,24,9,186093.95,3,3,2,8,Low Value
2074,64,9,222417.34,2,3,2,7,Low Value
2075,18,7,150554.66,4,2,1,7,Low Value
2076,8,12,407240.20999999996,5,5,5,15,High Value
2077,16,8,237044.02999999997,4,3,3,10,Medium Value
2078,6,14,473412.03,5,5,5,15,High Value
2079,30,7,120047.92,3,2,1,6,At Risk
2080,5,12,317384.77,5,5,4,14,High Value
2081,49,10,409367.24,2,4,5,11,Medium Value
2082,98,10,212352.62,1,4,2,7,Low Value
2083,29,10,290975.32999999996,3,4,4,11,Medium Value
2084,5,15,575552.74,5,5,5,15,High Value
2085,8,9,235914.25999999998,5,3,3,11,Medium Value
2086,19,6,185383.38,4,1,2,7,Low Value
2087,19,4,226923.61,4,1,3,8,Low Value
2088,33,9,354419.39,3,3,4,10,Medium Value
2089,34,12,381690.92,3,5,5,13,High Value
2090,0,11,253564.72999999998,5,4,3,12,Medium Value
2091,7,6,303466.42,5,1,4,10,Medium Value
2092,30,7,288193.26,3,2,3,8,Low Value
2093,17,14,562653.2,4,5,5,14,High Value
2094,70,10,275273.14999999997,2,4,3,9,Low Value
2095,16,9,252238.04,4,3,3,10,Medium Value
2096,148,4,40768.86,1,1,1,3,At Risk
2097,22,9,244126.43,4,3,3,10,Medium Value
2098,74,6,151535.08,1,1,1,3,At Risk
2099,12,10,457312.97,4,4,5,13,High Value
2100,6,7,331439.18,5,2,4,11,Medium Value
2101,58,7,253061.63,2,2,3,7,Low Value
2102,26,9,325339.41000000003,3,3,4,10,Medium Value
2103,7,8,311681.03,5,3,4,12,Medium Value
2104,33,11,351826.56,3,4,4,11,Medium Value
2105,12,4,158637.51,4,1,1,6,At Risk
2106,95,9,324125.29,1,3,4,8,Low Value
2107,11,7,212032.94,4,2,2,8,Low Value
2108,20,11,236184.9,4,4,3,11,Medium Value
2109,16,6,220356.84,4,1,2,7,Low Value
2110,31,10,324653.41,3,4,4,11,Medium Value
2111,41,6,187536.32,2,1,2,5,At Risk
2112,73,9,321598.87,1,3,4,8,Low Value
2113,7,12,576294.41,5,5,5,15,High Value
2114,53,10,299333.07,2,4,4,10,Medium Value
2115,14,7,189510.83000000002,4,2,2,8,Low Value
2116,17,9,298747.8,4,3,4,11,Medium Value
2117,0,11,508153.87,5,4,5,14,High Value
2118,52,7,166125.86,2,2,2,6,At Risk
2119,21,8,364157.84,4,3,4,11,Medium Value
2120,5,4,85532.34,5,1,1,7,Low Value
2121,2,9,222362.56,5,3,2,10,Medium Value
2122,22,16,568734.5800000001,4,5,5,14,High Value
2123,36,9,272436.72000000003,3,3,3,9,Low Value
2124,121,7,238668.56,1,2,3,6,At Risk
2125,32,8,118432.09,3,3,1,7,Low Value
2126,13,8,221994.93,4,3,2,9,Low Value
2127,2,9,189720.53,5,3,2,10,Medium Value
2128,66,7,225080.78,2,2,3,7,Low Value
2129,3,6,282942.26,5,1,3,9,Low Value
2130,17,6,290714.33,4,1,4,9,Low Value
2131,149,8,319637.14,1,3,4,8,Low Value
2132,33,12,412628.53,3,5,5,13,High Value
2133,47,8,300058.32,2,3,4,9,Low Value
2134,10,8,269553.54,4,3,3,10,Medium Value
2135,6,10,292091.17,5,4,4,13,High Value
2136,50,9,310526.49,2,3,4,9,Low Value
2137,23,8,248712.75,3,3,3,9,Low Value
2138,7,10,331270.92,5,4,4,13,High Value
2139,24,5,139278.65,3,1,1,5,At Risk
2140,27,4,27202.64,3,1,1,5,At Risk
2141,32,8,411370.34,3,3,5,11,Medium Value
2142,15,8,346036.39,4,3,4,11,Medium Value
2143,16,7,220887.23,4,2,2,8,Low Value
2144,196,6,192126.38999999998,1,1,2,4,At Risk
2145,58,7,352897.89,2,2,4,8,Low Value
2146,41,12,428210.08,2,5,5,12,Medium Value
2147,27,10,389972.8,3,4,5,12,Medium Value
2148,4,11,440557.08999999997,5,4,5,14,High Value
2149,61,4,70489.87,2,1,1,4,At Risk
2150,4,10,273376.28,5,4,3,12,Medium Value
2151,30,4,60960.29,3,1,1,5,At Risk
2152,112,6,380626.37,1,1,5,7,Low Value
2153,52,5,225542.88,2,1,3,6,At Risk
2154,55,4,159982.15,2,1,1,4,At Risk
2155,1,11,338597.72,5,4,4,13,High Value
2156,38,10,323376.7,3,4,4,11,Medium Value
2157,6,12,506965.1,5,5,5,15,High Value
2158,17,9,248272.41,4,3,3,10,Medium Value
2159,26,6,149717.95,3,1,1,5,At Risk
2160,35,3,146376.72,3,1,1,5,At Risk
2161,40,11,253914.19,3,4,3,10,Medium Value
2162,78,11,501963.08,1,4,5,10,Medium Value
2163,4,12,307607.85,5,5,4,14,High Value
2164,25,8,224812.22999999998,3,3,3,9,Low Value
2165,48,12,404225.28,2,5,5,12,Medium Value
2166,60,4,94131.66,2,1,1,4,At Risk
2167,55,9,204312.69,2,3,2,7,Low Value
2168,11,9,238616.0,4,3,3,10,Medium Value
2169,24,10,199261.55,3,4,2,9,Low Value
2170,39,8,250558.97999999998,3,3,3,9,Low Value
2171,8,16,419287.49,5,5,5,15,High Value
2172,103,10,449771.91000000003,1,4,5,10,Medium Value
2173,3,9,298631.08,5,3,4,12,Medium Value
2174,20,9,362303.38,4,3,4,11,Medium Value
2175,87,5,229601.76,1,1,3,5,At Risk
2176,2,14,673800.4,5,5,5,15,High Value
2177,14,11,265102.02,4,4,3,11,Medium Value
2178,8,10,290764.08,5,4,4,13,High Value
2179,36,6,137863.01,3,1,1,5,At Risk
2180,22,6,246487.56,4,1,3,8,Low Value
2181,62,8,389797.69999999995,2,3,5,10,Medium Value
2182,52,7,166419.59,2,2,2,6,At Risk
2183,103,7,242007.43,1,2,3,6,At Risk
2184,4,6,243790.32,5,1,3,9,Low Value
2185,68,7,252888.83,2,2,3,7,Low Value
2186,34,7,286641.55,3,2,3,8,Low Value
2187,9,10,432200.6,5,4,5,14,High Value
2188,43,10,395268.12,2,4,5,11,Medium Value
2189,52,9,299451.47,2,3,4,9,Low Value
2190,46,6,188744.19,2,1,2,5,At Risk
2191,30,9,396636.27,3,3,5,11,Medium Value
2192,33,9,264463.43,3,3,3,9,Low Value
2193,155,3,48382.44,1,1,1,3,At Risk
2194,118,8,213006.03000000003,1,3,2,6,At Risk
2195,23,9,275950.37,3,3,3,9,Low Value
2196,17,8,229292.0,4,3,3,10,Medium Value
2197,19,6,198350.36000000002,4,1,2,7,Low Value
2198,145,5,219670.66,1,1,2,4,At Risk
2199,42,14,307485.15,2,5,4,11,Medium Value
2200,12,11,344822.58999999997,4,4,4,12,Medium Value
2201,1,5,205189.39,5,1,2,8,Low Value
2202,53,8,252507.35,2,3,3,8,Low Value
2203,29,14,465070.24,3,5,5,13,High Value
2204,19,10,187843.25,4,4,2,10,Medium Value
2205,67,7,390442.97,2,2,5,9,Low Value
2206,16,12,383396.33,4,5,5,14,High Value
2207,29,8,413578.48,3,3,5,11,Medium Value
2208,48,8,219094.89,2,3,2,7,Low Value
2209,61,8,282561.16,2,3,3,8,Low Value
2210,0,11,284476.79,5,4,3,12,Medium Value
2211,31,12,482494.55,3,5,5,13,High Value
2212,67,8,229967.22,2,3,3,8,Low Value
2213,42,7,194208.23,2,2,2,6,At Risk
2214,34,9,202544.0,3,3,2,8,Low Value
2215,66,8,291861.51,2,3,4,9,Low Value
2216,3,7,319606.37,5,2,4,11,Medium Value
2217,10,13,449958.38999999996,4,5,5,14,High Value
2218,16,10,565349.89,4,4,5,13,High Value
2219,4,8,186376.47,5,3,2,10,Medium Value
2220,33,7,183565.72,3,2,2,7,Low Value
2221,10,5,128970.03,4,1,1,6,At Risk
2222,17,8,416299.98,4,3,5,12,Medium Value
2223,0,10,393802.88,5,4,5,14,High Value
2224,7,2,85930.25,5,1,1,7,Low Value
2225,5,11,218307.01,5,4,2,11,Medium Value
2226,122,5,190227.45,1,1,2,4,At Risk
2227,2,9,255176.71000000002,5,3,3,11,Medium Value
2228,7,12,453582.81,5,5,5,15,High Value
2229,2,13,311576.77,5,5,4,14,High Value
2230,41,6,301920.49,2,1,4,7,Low Value
2231,115,10,400544.08,1,4,5,10,Medium Value
2232,84,7,178853.25,1,2,2,5,At Risk
2233,52,9,239909.79,2,3,3,8,Low Value
2234,44,9,359438.36,2,3,4,9,Low Value
2235,2,4,152293.6,5,1,1,7,Low Value
2236,46,7,123097.93,2,2,1,5,At Risk
2237,1,9,538670.98,5,3,5,13,High Value
2238,1,10,178663.63,5,4,2,11,Medium Value
2239,175,4,114252.48999999999,1,1,1,3,At Risk
2240,15,16,564521.41,4,5,5,14,High Value
2241,68,9,405479.25,2,3,5,10,Medium Value
2242,27,12,383877.45,3,5,5,13,High Value
2243,126,5,235231.23,1,1,3,5,At Risk
2244,178,5,217724.55,1,1,2,4,At Risk
2245,11,8,280395.13,4,3,3,10,Medium Value
2246,2,6,146826.86,5,1,1,7,Low Value
2247,10,6,115454.29000000001,4,1,1,6,At Risk
2248,10,8,217606.52,4,3,2,9,Low Value
2249,39,7,299378.0,3,2,4,9,Low Value
2250,121,7,183157.43,1,2,2,5,At Risk
2251,55,8,231635.61000000002,2,3,3,8,Low Value
2252,111,8,230483.06,1,3,3,7,Low Value
2253,43,6,149375.26,2,1,1,4,At Risk
2254,2,7,171864.87,5,2,2,9,Low Value
2255,16,7,151010.64,4,2,1,7,Low Value
2256,22,6,168070.68,4,1,2,7,Low Value
2257,51,4,119102.41,2,1,1,4,At Risk
2258,96,10,410806.07,1,4,5,10,Medium Value
2259,14,5,150623.84000000003,4,1,1,6,At Risk
2260,115,3,99918.20000000001,1,1,1,3,At Risk
2261,18,7,197169.86000000002,4,2,2,8,Low Value
2262,100,8,252974.42,1,3,3,7,Low Value
2263,80,5,123187.55,1,1,1,3,At Risk
2264,25,7,210644.13,3,2,2,7,Low Value
2265,32,8,262417.87,3,3,3,9,Low Value
2266,18,8,130461.61,4,3,1,8,Low Value
2267,40,4,82010.41,3,1,1,5,At Risk
2268,18,8,151530.36000000002,4,3,1,8,Low Value
2269,49,7,143326.23,2,2,1,5,At Risk
2270,6,11,376350.56,5,4,5,14,High Value
2271,11,11,229844.63,4,4,3,11,Medium Value
2272,36,7,173630.63999999998,3,2,2,7,Low Value
2273,16,6,138971.15,4,1,1,6,At Risk
2274,20,11,445278.31,4,4,5,13,High Value
2275,5,9,249381.05,5,3,3,11,Medium Value
2276,5,17,603588.75,5,5,5,15,High Value
2277,10,10,267386.97000000003,4,4,3,11,Medium Value
2278,14,7,164892.47,4,2,2,8,Low Value
2279,135,6,151754.57,1,1,1,3,At Risk
2280,26,7,335846.63,3,2,4,9,Low Value
2281,36,5,134642.05,3,1,1,5,At Risk
2282,21,14,429294.5,4,5,5,14,High Value
2283,2,10,188118.27,5,4,2,11,Medium Value
2284,60,8,220366.84,2,3,2,7,Low Value
2285,32,13,416123.4,3,5,5,13,High Value
2286,30,6,301074.53,3,1,4,8,Low Value
2287,7,9,186817.66999999998,5,3,2,10,Medium Value
2288,15,11,318582.89,4,4,4,12,Medium Value
2289,46,6,208750.01,2,1,2,5,At Risk
2290,23,9,370965.47000000003,3,3,5,11,Medium Value
2291,7,8,407341.14,5,3,5,13,High Value
2292,107,7,211278.36,1,2,2,5,At Risk
2293,5,13,403369.93,5,5,5,15,High Value
2294,9,9,392625.89,5,3,5,13,High Value
2295,64,7,255461.95,2,2,3,7,Low Value
2296,56,10,331920.06,2,4,4,10,Medium Value
2297,47,7,166175.25,2,2,2,6,At Risk
2298,52,13,457713.81,2,5,5,12,Medium Value
2299,49,7,312075.61,2,2,4,8,Low Value
2300,86,8,295684.24,1,3,4,8,Low Value
2301,4,11,384645.04000000004,5,4,5,14,High Value
2302,7,9,238882.29,5,3,3,11,Medium Value
2303,13,9,231089.38,4,3,3,10,Medium Value
2304,4,3,106659.45,5,1,1,7,Low Value
2305,139,3,86489.23000000001,1,1,1,3,At Risk
2306,69,5,131714.23,2,1,1,4,At Risk
2307,81,6,110624.98,1,1,1,3,At Risk
2308,29,11,391330.42,3,4,5,12,Medium Value
2309,18,9,240832.75,4,3,3,10,Medium Value
2310,74,6,256079.66,1,1,3,5,At Risk
2311,9,6,267568.86,5,1,3,9,Low Value
2312,14,7,125499.1,4,2,1,7,Low Value
2313,26,6,166511.7,3,1,2,6,At Risk
2314,68,10,209274.06,2,4,2,8,Low Value
2315,24,15,498865.49,3,5,5,13,High Value
2316,8,8,268489.25,5,3,3,11,Medium Value
2317,40,8,224347.8,3,3,2,8,Low Value
2318,40,8,417190.72,3,3,5,11,Medium Value
2319,35,17,521299.70999999996,3,5,5,13,High Value
2320,54,6,267892.85000000003,2,1,3,6,At Risk
2321,79,6,175245.99,1,1,2,4,At Risk
2322,4,8,379139.96,5,3,5,13,High Value
2323,21,10,299891.78,4,4,4,12,Medium Value
2324,18,8,163466.07,4,3,2,9,Low Value
2325,34,7,177793.45,3,2,2,7,Low Value
2326,84,6,160876.21,1,1,1,3,At Risk
2327,16,12,468997.39,4,5,5,14,High Value
2328,16,5,145520.58000000002,4,1,1,6,At Risk
2329,4,8,305006.57,5,3,4,12,Medium Value
2330,1,11,307421.73,5,4,4,13,High Value
2331,57,10,284311.96,2,4,3,9,Low Value
2332,1,12,394204.17,5,5,5,15,High Value
2333,50,1,112551.93,2,1,1,4,At Risk
2334,26,12,484926.33999999997,3,5,5,13,High Value
2335,99,6,236589.25,1,1,3,5,At Risk
2336,1,6,176114.91,5,1,2,8,Low Value
2337,25,10,291241.99,3,4,4,11,Medium Value
2338,32,7,208235.29,3,2,2,7,Low Value
2339,55,7,215252.94999999998,2,2,2,6,At Risk
2340,133,6,210689.63999999998,1,1,2,4,At Risk
2341,10,9,209601.03,4,3,2,9,Low Value
2342,2,11,434700.61,5,4,5,14,High Value
2343,38,10,410388.91000000003,3,4,5,12,Medium Value
2344,51,9,193683.32,2,3,2,7,Low Value
2345,8,7,212830.71000000002,5,2,2,9,Low Value
2346,23,14,552991.6,3,5,5,13,High Value
2347,73,6,221028.15,1,1,2,4,At Risk
2348,183,4,160089.0,1,1,1,3,At Risk
2349,38,9,348093.03,3,3,4,10,Medium Value
2350,0,11,351614.01,5,4,4,13,High Value
2351,3,12,352914.53,5,5,4,14,High Value
2352,16,10,310866.32,4,4,4,12,Medium Value
2353,79,7,238643.76,1,2,3,6,At Risk
2354,20,11,467382.46,4,4,5,13,High Value
2355,7,12,284930.92,5,5,3,13,High Value
2356,65,6,245612.99,2,1,3,6,At Risk
2357,75,5,100667.19,1,1,1,3,At Risk
2358,1,8,324830.37,5,3,4,12,Medium Value
2359,42,4,187934.74,2,1,2,5,At Risk
2360,22,11,544082.87,4,4,5,13,High Value
2361,46,13,548438.46,2,5,5,12,Medium Value
2362,26,11,377958.96,3,4,5,12,Medium Value
2363,21,8,360761.24,4,3,4,11,Medium Value
2364,62,6,183759.16999999998,2,1,2,5,At Risk
2365,45,12,266591.33999999997,2,5,3,10,Medium Value
2366,20,7,129093.98999999999,4,2,1,7,Low Value
2367,133,5,73087.72,1,1,1,3,At Risk
2368,147,7,127272.6,1,2,1,4,At Risk
2369,58,12,507531.77,2,5,5,12,Medium Value
2370,42,8,224133.32,2,3,2,7,Low Value
2371,51,7,378840.18,2,2,5,9,Low Value
2372,54,9,339837.41000000003,2,3,4,9,Low Value
2373,3,6,158436.56,5,1,1,7,Low Value
2374,48,12,515209.86,2,5,5,12,Medium Value
2375,64,7,228053.5,2,2,3,7,Low Value
2376,22,8,401377.72000000003,4,3,5,12,Medium Value
2377,37,10,410325.38,3,4,5,12,Medium Value
2378,34,7,228176.84,3,2,3,8,Low Value
2379,53,10,342227.04,2,4,4,10,Medium Value
2380,55,8,153941.7,2,3,1,6,At Risk
2381,15,12,315517.27999999997,4,5,4,13,High Value
2382,23,5,144738.18,3,1,1,5,At Risk
2383,15,10,290899.52999999997,4,4,4,12,Medium Value
2384,2,7,162473.09999999998,5,2,2,9,Low Value
2385,3,9,298269.25,5,3,4,12,Medium Value
2386,65,4,186310.33,2,1,2,5,At Risk
2387,1,11,221671.1,5,4,2,11,Medium Value
2388,58,7,339902.97,2,2,4,8,Low Value
2389,7,5,325400.35,5,1,4,10,Medium Value
2390,28,7,212529.52,3,2,2,7,Low Value
2391,37,13,570048.12,3,5,5,13,High Value
2392,118,8,378092.74,1,3,5,9,Low Value
2393,35,6,97372.51000000001,3,1,1,5,At Risk
2394,42,7,385497.36,2,2,5,9,Low Value
2395,65,7,219485.61000000002,2,2,2,6,At Risk
2396,39,9,119755.12,3,3,1,7,Low Value
2397,133,2,39906.75,1,1,1,3,At Risk
2398,38,7,264893.18,3,2,3,8,Low Value
2399,103,5,140322.66,1,1,1,3,At Risk
2400,4,7,296179.12,5,2,4,11,Medium Value
2401,12,6,194724.47,4,1,2,7,Low Value
2402,6,3,99053.93,5,1,1,7,Low Value
2403,128,4,99810.8,1,1,1,3,At Risk
2404,76,7,238098.84,1,2,3,6,At Risk
2405,28,14,302466.54,3,5,4,12,Medium Value
2406,19,9,180805.85,4,3,2,9,Low Value
2407,24,7,252065.19,3,2,3,8,Low Value
2408,44,9,215163.96000000002,2,3,2,7,Low Value
2409,42,8,182154.81,2,3,2,7,Low Value
2410,108,6,114677.01,1,1,1,3,At Risk
2411,37,7,203093.73,3,2,2,7,Low Value
2412,28,5,129155.58,3,1,1,5,At Risk
2413,32,9,324326.08,3,3,4,10,Medium Value
2414,22,16,422766.28,4,5,5,14,High Value
2415,51,6,217995.51,2,1,2,5,At Risk
2416,25,11,624116.01,3,4,5,12,Medium Value
2417,0,12,355011.02,5,5,4,14,High Value
2418,86,7,188892.59,1,2,2,5,At Risk
2419,15,15,416597.08,4,5,5,14,High Value
2420,9,10,391020.01,5,4,5,14,High Value
2421,4,9,419891.31,5,3,5,13,High Value
2422,21,10,217352.06,4,4,2,10,Medium Value
2423,209,4,185283.94,1,1,2,4,At Risk
2424,6,11,296110.45,5,4,4,13,High Value
2425,1,7,212909.19999999998,5,2,2,9,Low Value
2426,42,7,192049.61,2,2,2,6,At Risk
2427,270,4,211171.14,1,1,2,4,At Risk
2428,46,10,248076.71000000002,2,4,3,9,Low Value
2429,8,14,313482.92,5,5,4,14,High Value
2430,28,7,194645.9,3,2,2,7,Low Value
2431,12,8,262964.45,4,3,3,10,Medium Value
2432,13,10,278700.02999999997,4,4,3,11,Medium Value
2433,24,7,276435.58,3,2,3,8,Low Value
2434,18,13,468510.05,4,5,5,14,High Value
2435,26,8,258056.74,3,3,3,9,Low Value
2436,9,8,218260.36,5,3,2,10,Medium Value
2437,90,3,37780.619999999995,1,1,1,3,At Risk
2438,37,10,475826.39,3,4,5,12,Medium Value
2439,21,6,69876.48,4,1,1,6,At Risk
2440,41,4,183066.5,2,1,2,5,At Risk
2441,24,13,351485.14,3,5,4,12,Medium Value
2442,40,7,175436.31,3,2,2,7,Low Value
2443,113,5,190918.01,1,1,2,4,At Risk
2444,108,12,323420.74,1,5,4,10,Medium Value
2445,12,8,248776.41999999998,4,3,3,10,Medium Value
2446,127,9,267332.34,1,3,3,7,Low Value
2447,25,11,272845.57,3,4,3,10,Medium Value
2448,89,8,178901.34,1,3,2,6,At Risk
2449,3,4,131933.27000000002,5,1,1,7,Low Value
2450,72,8,177998.55,1,3,2,6,At Risk
2451,131,11,226218.08,1,4,3,8,Low Value
2452,12,12,269380.8,4,5,3,12,Medium Value
2453,11,8,199998.68,4,3,2,9,Low Value
2454,32,9,320362.33,3,3,4,10,Medium Value
2455,19,7,175867.97,4,2,2,8,Low Value
2456,35,3,108307.95999999999,3,1,1,5,At Risk
2457,25,6,230181.76,3,1,3,7,Low Value
2458,3,3,85123.64,5,1,1,7,Low Value
2459,83,3,38919.01,1,1,1,3,At Risk
2460,10,6,157704.79,4,1,1,6,At Risk
2461,2,10,421856.63,5,4,5,14,High Value
2462,50,6,191152.71000000002,2,1,2,5,At Risk
2463,36,9,312937.01,3,3,4,10,Medium Value
2464,2,7,199573.47999999998,5,2,2,9,Low Value
2465,29,14,501501.05,3,5,5,13,High Value
2466,33,7,237213.68,3,2,3,8,Low Value
2467,28,9,359250.41,3,3,4,10,Medium Value
2468,48,7,251406.06999999998,2,2,3,7,Low Value
2469,171,7,190426.96,1,2,2,5,At Risk
2470,7,7,175868.93,5,2,2,9,Low Value
2471,22,10,535614.52,4,4,5,13,High Value
2472,4,8,272372.79,5,3,3,11,Medium Value
2473,12,10,398857.78,4,4,5,13,High Value
2474,106,7,243936.91,1,2,3,6,At Risk
2475,3,8,249402.0,5,3,3,11,Medium Value
2476,6,7,230166.79,5,2,3,10,Medium Value
2477,25,10,292120.74,3,4,4,11,Medium Value
2478,46,7,222927.69,2,2,2,6,At Risk
2479,28,15,388113.57,3,5,5,13,High Value
2480,42,13,346080.48,2,5,4,11,Medium Value
2481,18,6,173680.51,4,1,2,7,Low Value
2482,12,7,140420.75,4,2,1,7,Low Value
2483,92,5,156228.19,1,1,1,3,At Risk
2484,126,7,157203.88,1,2,1,4,At Risk
2485,58,7,146633.08000000002,2,2,1,5,At Risk
2486,38,7,146481.68,3,2,1,6,At Risk
2487,22,13,439512.32,4,5,5,14,High Value
2488,12,6,139514.9,4,1,1,6,At Risk
2489,59,8,181273.9,2,3,2,7,Low Value
2490,128,8,215689.37,1,3,2,6,At Risk
2491,27,12,537116.44,3,5,5,13,High Value
2492,56,9,250862.75,2,3,3,8,Low Value
2493,13,10,275065.85,4,4,3,11,Medium Value
2494,27,7,161283.02,3,2,1,6,At Risk
2495,91,6,235784.61,1,1,3,5,At Risk
2496,15,4,132181.32,4,1,1,6,At Risk
2497,132,6,191512.22,1,1,2,4,At Risk
2498,6,4,68914.84,5,1,1,7,Low Value
2499,8,12,327784.47,5,5,4,14,High Value
2500,104,5,126831.95,1,1,1,3,At Risk
2501,20,18,757034.02,4,5,5,14,High Value
2502,59,6,224422.40000000002,2,1,2,5,At Risk
2503,91,7,128440.92,1,2,1,4,At Risk
2504,14,19,740517.06,4,5,5,14,High Value
2505,0,4,64141.22,5,1,1,7,Low Value
2506,47,9,296315.18,2,3,4,9,Low Value
2507,5,13,291304.15,5,5,4,14,High Value
2508,71,6,155120.09,2,1,1,4,At Risk
2509,31,8,246654.0,3,3,3,9,Low Value
2510,9,8,153218.09,5,3,1,9,Low Value
2511,20,8,258314.51,4,3,3,10,Medium Value
2512,20,13,346309.4,4,5,4,13,High Value
2513,20,8,229425.46,4,3,3,10,Medium Value
2514,57,4,130720.81999999999,2,1,1,4,At Risk
2515,5,7,319317.71,5,2,4,11,Medium Value
2516,28,12,410103.69,3,5,5,13,High Value
2517,60,7,131042.1,2,2,1,5,At Risk
2518,2,12,282774.14,5,5,3,13,High Value
2519,75,5,98354.16,1,1,1,3,At Risk
2520,114,6,180355.24,1,1,2,4,At Risk
2521,13,12,263307.17,4,5,3,12,Medium Value
2522,35,9,245329.84,3,3,3,9,Low Value
2523,18,8,113550.04999999999,4,3,1,8,Low Value
2524,60,7,139127.34,2,2,1,5,At Risk
2525,49,8,272016.33,2,3,3,8,Low Value
2526,100,8,193716.71,1,3,2,6,At Risk
2527,31,9,301607.4,3,3,4,10,Medium Value
2528,2,9,269069.44,5,3,3,11,Medium Value
2529,47,4,48992.020000000004,2,1,1,4,At Risk
2530,22,10,372104.15,4,4,5,13,High Value
2531,30,9,365565.79000000004,3,3,4,10,Medium Value
2532,0,11,230935.56,5,4,3,12,Medium Value
2533,68,2,67691.76,2,1,1,4,At Risk
2534,53,8,139007.26,2,3,1,6,At Risk
2535,76,4,121281.01000000001,1,1,1,3,At Risk
2536,26,10,414250.3,3,4,5,12,Medium Value
2537,124,7,284053.26,1,2,3,6,At Risk
2538,136,8,165628.1,1,3,2,6,At Risk
2539,52,5,139455.82,2,1,1,4,At Risk
2540,75,11,417298.06,1,4,5,10,Medium Value
2541,122,5,202509.09,1,1,2,4,At Risk
2542,27,9,419367.1,3,3,5,11,Medium Value
2543,8,8,194664.62,5,3,2,10,Medium Value
2544,35,7,144412.98,3,2,1,6,At Risk
2545,23,7,317379.24,3,2,4,9,Low Value
2546,5,12,428725.05000000005,5,5,5,15,High Value
2547,31,11,287734.97000000003,3,4,3,10,Medium Value
2548,14,8,357038.75,4,3,4,11,Medium Value
2549,36,6,134647.91,3,1,1,5,At Risk
2550,27,8,356781.19,3,3,4,10,Medium Value
2551,22,7,132147.8,4,2,1,7,Low Value
2552,68,8,218200.7,2,3,2,7,Low Value
2553,43,11,247105.13,2,4,3,9,Low Value
2554,75,9,280632.77,1,3,3,7,Low Value
2555,123,9,215986.98,1,3,2,6,At Risk
2556,32,11,224677.27,3,4,2,9,Low Value
2557,24,13,508935.98,3,5,5,13,High Value
2558,33,5,37414.12,3,1,1,5,At Risk
2559,17,7,131006.19,4,2,1,7,Low Value
2560,26,10,419053.83999999997,3,4,5,12,Medium Value
2561,33,10,471675.01,3,4,5,12,Medium Value
2562,43,8,221680.5,2,3,2,7,Low Value
2563,1,11,440699.24,5,4,5,14,High Value
2564,60,4,215671.81,2,1,2,5,At Risk
2565,8,12,352203.94,5,5,4,14,High Value
2566,0,15,458473.79000000004,5,5,5,15,High Value
2567,6,8,283765.67000000004,5,3,3,11,Medium Value
2568,6,12,313732.63,5,5,4,14,High Value
2569,149,9,381365.61,1,3,5,9,Low Value
2570,13,12,621705.81,4,5,5,14,High Value
2571,92,8,131689.56,1,3,1,5,At Risk
2572,45,7,115288.17000000001,2,2,1,5,At Risk
2573,3,6,330908.54000000004,5,1,4,10,Medium Value
2574,41,9,519545.83,2,3,5,10,Medium Value
2575,70,4,62712.119999999995,2,1,1,4,At Risk
2576,32,8,447318.32,3,3,5,11,Medium Value
2577,81,7,157999.05,1,2,1,4,At Risk
2578,52,5,197125.14,2,1,2,5,At Risk
2579,43,12,354666.22000000003,2,5,4,11,Medium Value
2580,72,10,200335.73,1,4,2,7,Low Value
2581,15,9,281662.72,4,3,3,10,Medium Value
2582,144,7,163337.06,1,2,2,5,At Risk
2583,14,9,226701.07,4,3,3,10,Medium Value
2584,1,7,310929.21,5,2,4,11,Medium Value
2585,22,4,71192.31999999999,4,1,1,6,At Risk
2586,29,15,457723.24,3,5,5,13,High Value
2587,35,12,474714.67,3,5,5,13,High Value
2588,8,11,534675.21,5,4,5,14,High Value
2589,28,9,281514.58,3,3,3,9,Low Value
2590,25,7,280446.23,3,2,3,8,Low Value
2591,37,9,512294.65,3,3,5,11,Medium Value
2592,103,4,180528.08,1,1,2,4,At Risk
2593,148,10,458525.64999999997,1,4,5,10,Medium Value
2594,48,9,236988.31,2,3,3,8,Low Value
2595,89,9,342494.28,1,3,4,8,Low Value
2596,8,11,385154.21,5,4,5,14,High Value
2597,27,8,200677.26,3,3,2,8,Low Value
2598,10,5,90954.57,4,1,1,6,At Risk
2599,85,6,224769.13,1,1,2,4,At Risk
2600,10,13,383517.64,4,5,5,14,High Value
2601,0,8,204660.77000000002,5,3,2,10,Medium Value
2602,17,11,453277.87,4,4,5,13,High Value
2603,44,8,198792.43,2,3,2,7,Low Value
2604,62,9,271467.59,2,3,3,8,Low Value
2605,87,8,258629.88,1,3,3,7,Low Value
2606,21,9,456460.66,4,3,5,12,Medium Value
2607,11,9,348355.47,4,3,4,11,Medium Value
2608,67,7,402340.32,2,2,5,9,Low Value
2609,179,5,93450.8,1,1,1,3,At Risk
2610,10,3,26264.43,4,1,1,6,At Risk
2611,70,11,258738.74000000002,2,4,3,9,Low Value
2612,7,10,223474.66,5,4,2,11,Medium Value
2613,1,11,354083.43,5,4,4,13,High Value
2614,41,8,293987.33,2,3,4,9,Low Value
2615,60,8,211114.68,2,3,2,7,Low Value
2616,26,7,126298.13,3,2,1,6,At Risk
2617,34,12,675526.1799999999,3,5,5,13,High Value
2618,24,11,313839.16,3,4,4,11,Medium Value
2619,1,8,210731.83,5,3,2,10,Medium Value
2620,100,9,365230.3,1,3,4,8,Low Value
2621,147,4,58266.630000000005,1,1,1,3,At Risk
2622,9,9,389119.01999999996,5,3,5,13,High Value
2623,137,2,36352.4,1,1,1,3,At Risk
2624,78,7,211504.25,1,2,2,5,At Risk
2625,14,9,344025.54,4,3,4,11,Medium Value
2626,4,14,304188.18,5,5,4,14,High Value
2627,30,12,195264.63,3,5,2,10,Medium Value
2628,17,11,228269.22999999998,4,4,3,11,Medium Value
2629,130,3,73183.2,1,1,1,3,At Risk
2630,30,10,304895.05,3,4,4,11,Medium Value
2631,16,10,273059.45,4,4,3,11,Medium Value
2632,53,14,386682.0,2,5,5,12,Medium Value
2633,34,14,396240.13,3,5,5,13,High Value
2634,18,10,310042.43,4,4,4,12,Medium Value
2635,49,7,95739.26,2,2,1,5,At Risk
2636,23,8,338535.48,3,3,4,10,Medium Value
2637,115,10,338931.78,1,4,4,9,Low Value
2638,30,8,292932.13,3,3,4,10,Medium Value
2639,28,12,495322.12,3,5,5,13,High Value
2640,27,6,329881.8,3,1,4,8,Low Value
2641,37,11,346864.61,3,4,4,11,Medium Value
2642,48,7,191004.05,2,2,2,6,At Risk
2643,17,9,264276.69,4,3,3,10,Medium Value
2644,81,5,226573.51,1,1,3,5,At Risk
2645,8,7,290996.29000000004,5,2,4,11,Medium Value
2646,22,11,450747.32999999996,4,4,5,13,High Value
2647,9,8,135966.43,5,3,1,9,Low Value
2648,66,11,453724.42,2,4,5,11,Medium Value
2649,10,13,403651.01,4,5,5,14,High Value
2650,5,12,364708.6,5,5,4,14,High Value
2651,25,7,216142.76,3,2,2,7,Low Value
2652,38,12,354115.84,3,5,4,12,Medium Value
2653,44,10,303106.23,2,4,4,10,Medium Value
2654,1,10,431390.74,5,4,5,14,High Value
2655,13,4,108961.81999999999,4,1,1,6,At Risk
2656,85,7,113109.09999999999,1,2,1,4,At Risk
2657,2,7,242265.55,5,2,3,10,Medium Value
2658,29,8,256187.81,3,3,3,9,Low Value
2659,91,9,270017.72,1,3,3,7,Low Value
2660,46,7,287784.08,2,2,3,7,Low Value
2661,97,5,138544.72,1,1,1,3,At Risk
2662,78,8,242714.33,1,3,3,7,Low Value
2663,51,8,282196.17,2,3,3,8,Low Value
2664,27,5,140604.61000000002,3,1,1,5,At Risk
2665,89,7,305878.52,1,2,4,7,Low Value
2666,51,12,716068.43,2,5,5,12,Medium Value
2667,2,12,296741.24,5,5,4,14,High Value
2668,101,7,195397.59999999998,1,2,2,5,At Risk
2669,4,9,214080.22,5,3,2,10,Medium Value
2670,31,8,270061.18,3,3,3,9,Low Value
2671,57,6,251513.72,2,1,3,6,At Risk
2672,19,15,443410.8,4,5,5,14,High Value
2673,1,7,185832.82,5,2,2,9,Low Value
2674,27,6,258555.47,3,1,3,7,Low Value
2675,122,6,281214.05,1,1,3,5,At Risk
2676,105,4,138870.25,1,1,1,3,At Risk
2677,30,13,451115.74,3,5,5,13,High Value
2678,24,10,405746.6,3,4,5,12,Medium Value
2679,17,7,255784.16999999998,4,2,3,9,Low Value
2680,14,6,177615.33,4,1,2,7,Low Value
2681,17,11,479101.97,4,4,5,13,High Value
2682,39,8,150101.01,3,3,1,7,Low Value
2683,201,3,89454.37,1,1,1,3,At Risk
2684,152,5,182466.76,1,1,2,4,At Risk
2685,10,11,459283.27,4,4,5,13,High Value
2686,30,6,356026.64,3,1,4,8,Low Value
2687,29,8,322070.53,3,3,4,10,Medium Value
2688,7,8,209667.14,5,3,2,10,Medium Value
2689,16,10,222469.74,4,4,2,10,Medium Value
2690,11,10,442015.74,4,4,5,13,High Value
2691,169,7,103556.89,1,2,1,4,At Risk
2692,5,12,384817.36,5,5,5,15,High Value
2693,6,11,627253.04,5,4,5,14,High Value
2694,68,10,233894.95,2,4,3,9,Low Value
2695,31,4,67111.09,3,1,1,5,At Risk
2696,50,11,372365.76,2,4,5,11,Medium Value
2697,45,11,285089.07,2,4,3,9,Low Value
2698,44,6,146324.02000000002,2,1,1,4,At Risk
2699,21,8,320786.56,4,3,4,11,Medium Value
2700,0,13,378558.99,5,5,5,15,High Value
2701,4,12,279780.41000000003,5,5,3,13,High Value
2702,8,17,452332.12,5,5,5,15,High Value
2703,17,12,360896.41000000003,4,5,4,13,High Value
2704,34,11,568008.06,3,4,5,12,Medium Value
2705,38,8,206928.86,3,3,2,8,Low Value
2706,82,9,272799.61,1,3,3,7,Low Value
2707,25,7,299196.47,3,2,4,9,Low Value
2708,10,5,108269.1,4,1,1,6,At Risk
2709,87,11,304702.7,1,4,4,9,Low Value
2710,3,10,282298.31,5,4,3,12,Medium Value
2711,76,10,219449.18,1,4,2,7,Low Value
2712,1,9,358333.04,5,3,4,12,Medium Value
2713,62,3,121351.44,2,1,1,4,At Risk
2714,92,6,126842.9,1,1,1,3,At Risk
2715,33,9,325192.44,3,3,4,10,Medium Value
2716,30,5,192500.36000000002,3,1,2,6,At Risk
2717,54,5,147316.9,2,1,1,4,At Risk
2718,90,6,202092.58000000002,1,1,2,4,At Risk
2719,59,5,161563.21,2,1,1,4,At Risk
2720,75,15,374904.59,1,5,5,11,Medium Value
2721,3,10,294636.58,5,4,4,13,High Value
2722,59,9,243280.98,2,3,3,8,Low Value
2723,12,8,196139.7,4,3,2,9,Low Value
2724,33,14,298796.02,3,5,4,12,Medium Value
2725,167,5,148328.97,1,1,1,3,At Risk
2726,55,11,430917.76,2,4,5,11,Medium Value
2727,69,7,204517.38,2,2,2,6,At Risk
2728,0,6,80672.43,5,1,1,7,Low Value
2729,8,11,201566.53,5,4,2,11,Medium Value
2730,38,8,305642.83999999997,3,3,4,10,Medium Value
2731,2,12,486922.59,5,5,5,15,High Value
2732,6,9,310595.35,5,3,4,12,Medium Value
2733,16,9,210126.93,4,3,2,9,Low Value
2734,34,6,280981.64,3,1,3,7,Low Value
2735,7,6,132702.21,5,1,1,7,Low Value
2736,10,7,159643.92,4,2,1,7,Low Value
2737,32,9,303396.13,3,3,4,10,Medium Value
2738,118,5,155114.95,1,1,1,3,At Risk
2739,94,10,289966.89,1,4,4,9,Low Value
2740,37,11,341905.9,3,4,4,11,Medium Value
2741,17,10,263301.71,4,4,3,11,Medium Value
2742,44,7,129604.84999999999,2,2,1,5,At Risk
2743,32,9,363543.46,3,3,4,10,Medium Value
2744,31,7,147964.25999999998,3,2,1,6,At Risk
2745,21,11,319609.34,4,5,4,13,High Value
2746,3,8,255573.84,5,3,3,11,Medium Value
2747,29,9,299637.94,3,3,4,10,Medium Value
2748,1,15,375710.45,5,5,5,15,High Value
2749,4,11,259457.71000000002,5,5,3,13,High Value
2750,1,15,583220.79,5,5,5,15,High Value
2751,14,7,240886.58000000002,4,2,3,9,Low Value
2752,1,9,321656.72000000003,5,3,4,12,Medium Value
2753,21,13,261241.82,4,5,3,12,Medium Value
2754,52,6,231050.76,2,1,3,6,At Risk
2755,35,7,102422.20999999999,3,2,1,6,At Risk
2756,7,7,207144.3,5,2,2,9,Low Value
2757,36,11,399587.07,3,5,5,13,High Value
2758,27,8,290157.86,3,3,4,10,Medium Value
2759,22,6,309399.94,4,1,4,9,Low Value
2760,14,9,239629.02,4,3,3,10,Medium Value
2761,183,4,96687.59,1,1,1,3,At Risk
2762,22,6,134852.12,4,1,1,6,At Risk
2763,12,13,594292.8,4,5,5,14,High Value
2764,35,10,369345.06,3,4,5,12,Medium Value
2765,14,8,228662.64,4,3,3,10,Medium Value
2766,9,4,180808.94,5,1,2,8,Low Value
2767,8,4,167916.29,5,1,2,8,Low Value
2768,47,16,496241.64999999997,2,5,5,12,Medium Value
2769,39,8,206949.24,3,3,2,8,Low Value
2770,22,12,463849.74,4,5,5,14,High Value
2771,1,8,187811.41999999998,5,3,2,10,Medium Value
2772,26,8,246173.73,3,3,3,9,Low Value
2773,4,6,204157.2,5,1,2,8,Low Value
2774,7,11,601008.74,5,5,5,15,High Value
2775,71,8,170919.77,2,3,2,7,Low Value
2776,31,12,248772.3,3,5,3,11,Medium Value
2777,16,11,263762.86,4,5,3,12,Medium Value
2778,14,8,246764.15000000002,4,3,3,10,Medium Value
2779,31,7,162279.51,3,2,2,7,Low Value
2780,53,5,191814.09,2,1,2,5,At Risk
2781,4,12,345343.52999999997,5,5,4,14,High Value
2782,3,12,392580.71,5,5,5,15,High Value
2783,33,9,335354.87,3,3,4,10,Medium Value
2784,20,5,78294.23,4,1,1,6,At Risk
2785,8,7,182073.65,5,2,2,9,Low Value
2786,160,4,45820.49,1,1,1,3,At Risk
2787,65,7,296300.02,2,2,4,8,Low Value
2788,59,9,231394.22,2,3,3,8,Low Value
2789,34,9,277680.76,3,3,3,9,Low Value
2790,14,13,363308.45,4,5,4,13,High Value
2791,129,11,314223.12,1,5,4,10,Medium Value
2792,13,11,256336.91,4,5,3,12,Medium Value
2793,2,5,306799.45,5,1,4,10,Medium Value
2794,17,10,420731.67,4,4,5,13,High Value
2795,59,7,267091.73,2,2,3,7,Low Value
2796,27,9,251870.72,3,3,3,9,Low Value
2797,26,7,328077.18,3,2,4,9,Low Value
2798,4,6,271023.66,5,1,3,9,Low Value
2799,42,10,365654.54000000004,2,4,4,10,Medium Value
2800,81,7,142146.12,1,2,1,4,At Risk
2801,17,5,220050.24,4,1,2,7,Low Value
2802,19,12,273081.75,4,5,3,12,Medium Value
2803,69,9,266662.3,2,3,3,8,Low Value
2804,14,10,249166.25,4,4,3,11,Medium Value
2805,14,12,526678.55,4,5,5,14,High Value
2806,44,4,156790.59,2,1,1,4,At Risk
2807,11,12,412613.55,4,5,5,14,High Value
2808,139,5,74970.86,1,1,1,3,At Risk
2809,66,13,405024.37,2,5,5,12,Medium Value
2810,8,13,418798.05,5,5,5,15,High Value
2811,19,7,237144.85,4,2,3,9,Low Value
2812,33,15,347263.93,3,5,4,12,Medium Value
2813,81,10,519774.37,1,4,5,10,Medium Value
2814,20,10,370116.79000000004,4,4,5,13,High Value
2815,17,4,163283.94,4,1,2,7,Low Value
2816,8,9,294219.88,5,3,4,12,Medium Value
2817,10,10,334962.37,4,4,4,12,Medium Value
2818,95,5,237542.75,1,1,3,5,At Risk
2819,58,7,238826.12,2,2,3,7,Low Value
2820,10,10,366763.79,4,4,4,12,Medium Value
2821,52,9,287160.32999999996,2,3,3,8,Low Value
2822,50,7,225919.76,2,2,3,7,Low Value
2823,1,11,310153.08,5,5,4,14,High Value
2824,36,14,753827.48,3,5,5,13,High Value
2825,68,6,223266.09999999998,2,1,2,5,At Risk
2826,4,12,295581.23000000004,5,5,4,14,High Value
2827,23,10,324411.07,3,4,4,11,Medium Value
2828,14,10,397841.09,4,4,5,13,High Value
2829,32,11,321272.58999999997,3,5,4,12,Medium Value
2830,69,8,196115.52,2,3,2,7,Low Value
2831,18,8,332638.58,4,3,4,11,Medium Value
2832,51,6,140325.9,2,1,1,4,At Risk
2833,12,13,435515.87,4,5,5,14,High Value
2834,45,9,183739.9,2,3,2,7,Low Value
2835,6,8,306229.87,5,3,4,12,Medium Value
2836,14,12,291220.96,4,5,4,13,High Value
2837,143,5,153726.5,1,1,1,3,At Risk
2838,10,6,275578.1,4,1,3,8,Low Value
2839,48,7,311991.83999999997,2,2,4,8,Low Value
2840,25,14,608435.9,3,5,5,13,High Value
2841,7,13,310755.9,5,5,4,14,High Value
2842,229,3,146314.84,1,1,1,3,At Risk
2843,40,9,544024.67,3,3,5,11,Medium Value
2844,3,10,225272.75,5,4,3,12,Medium Value
2845,30,9,281847.66,3,3,3,9,Low Value
2846,91,11,339798.01,1,5,4,10,Medium Value
2847,223,7,212626.75,1,2,2,5,At Risk
2848,46,11,435264.62,2,5,5,12,Medium Value
2849,18,9,192906.56,4,3,2,9,Low Value
2850,10,10,228958.49,4,4,3,11,Medium Value
2851,27,15,358456.32,3,5,4,12,Medium Value
2852,10,13,298921.17000000004,4,5,4,13,High Value
2853,9,7,141608.22,5,2,1,8,Low Value
2854,56,8,222471.25,2,3,2,7,Low Value
2855,97,9,287306.87,1,3,3,7,Low Value
2856,16,8,269005.17,4,3,3,10,Medium Value
2857,18,8,287448.28,4,3,3,10,Medium Value
2858,61,6,101901.68,2,1,1,4,At Risk
2859,18,7,224693.21,4,2,2,8,Low Value
2860,23,9,180116.41999999998,3,3,2,8,Low Value
2861,48,10,242760.9,2,4,3,9,Low Value
2862,25,4,71739.34999999999,3,1,1,5,At Risk
2863,91,4,119402.95,1,1,1,3,At Risk
2864,11,10,215267.31,4,4,2,10,Medium Value
2865,59,6,184600.14,2,1,2,5,At Risk
2866,30,9,384924.2,3,3,5,11,Medium Value
2867,44,8,368247.2,2,3,4,9,Low Value
2868,8,11,254352.47,5,5,3,13,High Value
2869,18,8,183745.13,4,3,2,9,Low Value
2870,11,9,432701.71,4,3,5,12,Medium Value
2871,73,11,314414.93,1,5,4,10,Medium Value
2872,8,12,364288.96,5,5,4,14,High Value
2873,35,11,350080.06,3,5,4,12,Medium Value
2874,29,9,455224.67000000004,3,3,5,11,Medium Value
2875,10,6,183343.72,4,1,2,7,Low Value
2876,72,8,124754.95999999999,1,3,1,5,At Risk
2877,139,5,109773.91,1,1,1,3,At Risk
2878,29,15,537503.83,3,5,5,13,High Value
2879,35,2,37957.869999999995,3,1,1,5,At Risk
2880,10,11,305973.52,4,5,4,13,High Value
2881,22,11,348756.4,4,5,4,13,High Value
2882,21,8,307360.89999999997,4,3,4,11,Medium Value
2883,4,9,300832.61,5,3,4,12,Medium Value
2884,4,12,355320.82999999996,5,5,4,14,High Value
2885,1,11,308975.97,5,5,4,14,High Value
2886,49,8,285050.98,2,3,3,8,Low Value
2887,24,10,286778.5,3,4,3,10,Medium Value
2888,56,7,219697.03,2,2,2,6,At Risk
2889,58,2,135097.84,2,1,1,4,At Risk
2890,13,8,280220.77,4,3,3,10,Medium Value
2891,0,9,238967.13,5,3,3,11,Medium Value
2892,55,4,98571.74,2,1,1,4,At Risk
2893,13,5,133164.73,4,1,1,6,At Risk
2894,26,4,272543.19999999995,3,1,3,7,Low Value
2895,65,8,276704.57,2,3,3,8,Low Value
2896,54,5,168211.78,2,1,2,5,At Risk
2897,51,6,159444.39,2,1,1,4,At Risk
2898,8,14,504055.75,5,5,5,15,High Value
2899,55,5,107865.94,2,1,1,4,At Risk
2900,10,12,413415.87,4,5,5,14,High Value
2901,9,6,94695.88,5,1,1,7,Low Value
2902,1,15,610288.47,5,5,5,15,High Value
2903,43,6,138501.51,2,1,1,4,At Risk
2904,18,5,138456.02000000002,4,1,1,6,At Risk
2905,18,11,465786.7,4,5,5,14,High Value
2906,75,5,203586.2,1,1,2,4,At Risk
2907,36,5,151642.77,3,1,1,5,At Risk
2908,27,10,288521.42,3,4,3,10,Medium Value
2909,4,9,217713.57,5,3,2,10,Medium Value
2910,43,5,132149.52000000002,2,1,1,4,At Risk
2911,20,7,255990.27,4,2,3,9,Low Value
2912,14,14,376855.03,4,5,5,14,High Value
2913,4,13,386274.51,5,5,5,15,High Value
2914,76,4,73770.64,1,1,1,3,At Risk
2915,72,7,335173.04,1,2,4,7,Low Value
2916,41,11,449445.62,2,5,5,12,Medium Value
2917,60,5,153265.71,2,1,1,4,At Risk
2918,171,7,144509.66,1,2,1,4,At Risk
2919,44,5,152270.76,2,1,1,4,At Risk
2920,4,7,304195.57,5,2,4,11,Medium Value
2921,23,12,290837.22000000003,3,5,4,12,Medium Value
2922,71,5,107885.52,2,1,1,4,At Risk
2923,2,8,300803.01,5,3,4,12,Medium Value
2924,1,8,266687.21,5,3,3,11,Medium Value
2925,7,5,175090.35,5,1,2,8,Low Value
2926,8,11,255003.96,5,5,3,13,High Value
2927,58,7,201436.68,2,2,2,6,At Risk
2928,35,11,341871.98,3,5,4,12,Medium Value
2929,10,7,206526.65,4,2,2,8,Low Value
2930,17,8,326640.67000000004,4,3,4,11,Medium Value
2931,20,10,274405.33,4,4,3,11,Medium Value
2932,12,8,243139.53,4,3,3,10,Medium Value
2933,59,7,235889.03,2,2,3,7,Low Value
2934,11,12,363383.77999999997,4,5,4,13,High Value
2935,37,10,317140.55,3,4,4,11,Medium Value
2936,63,7,323495.15,2,2,4,8,Low Value
2937,138,7,202481.55,1,2,2,5,At Risk
2938,13,10,314215.49,4,4,4,12,Medium Value
2939,9,8,196541.7,5,3,2,10,Medium Value
2940,23,9,327871.35,3,3,4,10,Medium Value
2941,6,11,266916.56,5,5,3,13,High Value
2942,19,8,320282.01,4,3,4,11,Medium Value
2943,134,9,334145.61,1,3,4,8,Low Value
2944,8,4,243639.5,5,1,3,9,Low Value
2945,28,7,249475.21000000002,3,2,3,8,Low Value
2946,53,11,334145.08,2,5,4,11,Medium Value
2947,27,7,245796.64,3,2,3,8,Low Value
2948,124,2,71459.05,1,1,1,3,At Risk
2949,34,13,541901.8,3,5,5,13,High Value
2950,11,14,568927.56,4,5,5,14,High Value
2951,50,8,252160.07,2,3,3,8,Low Value
2952,10,7,249062.86,4,2,3,9,Low Value
2953,120,7,331432.52,1,2,4,7,Low Value
2954,8,14,325611.05,5,5,4,14,High Value
2955,223,4,158019.92,1,1,1,3,At Risk
2956,74,10,322151.72,1,4,4,9,Low Value
2957,5,7,192309.36000000002,5,2,2,9,Low Value
2958,46,5,278994.95,2,1,3,6,At Risk
2959,12,5,155801.49,4,1,1,6,At Risk
2960,8,12,437656.89,5,5,5,15,High Value
2961,119,6,225834.9,1,1,3,5,At Risk
2962,14,11,435646.89,4,5,5,14,High Value
2963,89,6,126656.13,1,1,1,3,At Risk
2964,34,11,361885.32,3,5,4,12,Medium Value
2965,20,6,113182.87,4,1,1,6,At Risk
2966,27,12,351603.23,3,5,4,12,Medium Value
2967,53,7,200996.26,2,2,2,6,At Risk
2968,0,3,114238.03,5,1,1,7,Low Value
2969,38,9,278546.02,3,3,3,9,Low Value
2970,0,11,398813.74,5,5,5,15,High Value
2971,56,8,166855.63,2,3,2,7,Low Value
2972,52,12,321099.87,2,5,4,11,Medium Value
2973,136,4,72739.37,1,1,1,3,At Risk
2974,44,5,100647.53,2,1,1,4,At Risk
2975,24,10,389122.8,3,4,5,12,Medium Value
2976,156,5,142980.46,1,1,1,3,At Risk
2977,25,6,243321.82,3,1,3,7,Low Value
2978,19,3,26782.510000000002,4,1,1,6,At Risk
2979,8,6,117326.3,5,1,1,7,Low Value
2980,13,12,527615.66,4,5,5,14,High Value
2981,11,10,254196.97,4,4,3,11,Medium Value
2982,9,6,256702.96,5,1,3,9,Low Value
2983,77,6,199348.39,1,1,2,4,At Risk
2984,2,7,176882.97,5,2,2,9,Low Value
2985,15,11,262169.13,4,5,3,12,Medium Value
2986,44,9,278697.09,2,3,3,8,Low Value
2987,3,11,309916.43,5,5,4,14,High Value
2988,22,6,186145.59,4,1,2,7,Low Value
2989,15,8,277957.41,4,3,3,10,Medium Value
2990,59,3,81584.8,2,1,1,4,At Risk
2991,8,13,367817.55,5,5,4,14,High Value
2992,15,5,148603.85,4,1,1,6,At Risk
2993,41,5,144299.16,2,1,1,4,At Risk
2994,34,10,414305.51,3,4,5,12,Medium Value
2995,12,17,436252.77999999997,4,5,5,14,High Value
2996,131,6,312497.51,1,1,4,6,At Risk
2997,182,3,33915.31,1,1,1,3,At Risk
2998,56,5,51855.53,2,1,1,4,At Risk
2999,69,4,293202.7,2,1,4,7,Low Value
3000,53,12,335183.02,2,5,4,11,Medium Value
3001,49,9,391743.83,2,3,5,10,Medium Value
3002,108,8,280578.34,1,3,3,7,Low Value
3003,69,10,259496.27,2,4,3,9,Low Value
3004,18,8,187783.16999999998,4,3,2,9,Low Value
3005,97,7,278071.72000000003,1,2,3,6,At Risk
3006,28,9,299873.73,3,3,4,10,Medium Value
3007,187,5,171764.2,1,1,2,4,At Risk
3008,11,13,437113.89,4,5,5,14,High Value
3009,25,8,215350.68,3,3,2,8,Low Value
3010,1,7,357804.53,5,2,4,11,Medium Value
3011,14,5,95566.31,4,1,1,6,At Risk
3012,0,13,331277.85,5,5,4,14,High Value
3013,7,10,220475.49,5,4,2,11,Medium Value
3014,13,2,42718.91,4,1,1,6,At Risk
3015,8,8,325095.11,5,3,4,12,Medium Value
3016,86,10,416254.04,1,4,5,10,Medium Value
3017,37,5,154785.21,3,1,1,5,At Risk
3018,8,13,300743.65,5,5,4,14,High Value
3019,24,5,109487.09,3,1,1,5,At Risk
3020,31,8,180239.93,3,3,2,8,Low Value
3021,2,10,298618.12,5,4,4,13,High Value
3022,35,9,306685.08999999997,3,3,4,10,Medium Value
3023,39,7,125207.48999999999,3,2,1,6,At Risk
3024,59,7,205069.65999999997,2,2,2,6,At Risk
3025,97,2,61558.67,1,1,1,3,At Risk
3026,57,8,363385.69,2,3,4,9,Low Value
3027,57,12,318840.35,2,5,4,11,Medium Value
3028,47,5,146164.84,2,1,1,4,At Risk
3029,30,11,298879.62,3,5,4,12,Medium Value
3030,1,7,142494.77,5,2,1,8,Low Value
3031,57,8,129507.92,2,3,1,6,At Risk
3032,25,9,321599.88,3,3,4,10,Medium Value
3033,36,13,420181.66,3,5,5,13,High Value
3034,21,8,359196.2,4,3,4,11,Medium Value
3035,71,10,336601.37,2,4,4,10,Medium Value
3036,39,6,161538.92,3,1,1,5,At Risk
3037,21,8,289861.67000000004,4,3,4,11,Medium Value
3038,33,12,422847.72,3,5,5,13,High Value
3039,36,9,181342.83000000002,3,3,2,8,Low Value
3040,5,12,356981.51,5,5,4,14,High Value
3041,34,5,99793.73,3,1,1,5,At Risk
3042,3,11,203157.08000000002,5,5,2,12,Medium Value
3043,18,11,232640.72999999998,4,5,3,12,Medium Value
3044,200,4,157968.88999999998,1,1,1,3,At Risk
3045,54,8,244556.09,2,3,3,8,Low Value
3046,11,14,531701.3,4,5,5,14,High Value
3047,28,10,392151.72,3,4,5,12,Medium Value
3048,55,9,201221.27,2,3,2,7,Low Value
3049,34,5,153803.03999999998,3,1,1,5,At Risk
3050,16,9,239328.01,4,3,3,10,Medium Value
3051,91,8,320003.18,1,3,4,8,Low Value
3052,29,6,196366.51,3,1,2,6,At Risk
3053,99,8,204910.16999999998,1,3,2,6,At Risk
3054,3,7,169922.59,5,2,2,9,Low Value
3055,55,6,194947.85,2,1,2,5,At Risk
3056,58,15,413112.22000000003,2,5,5,12,Medium Value
3057,7,11,364750.78,5,5,4,14,High Value
3058,50,6,227097.16,2,1,3,6,At Risk
3059,43,8,343939.08999999997,2,3,4,9,Low Value
3060,18,5,107083.30999999998,4,1,1,6,At Risk
3061,64,7,285254.24,2,2,3,7,Low Value
3062,9,12,409235.74,5,5,5,15,High Value
3063,82,8,232145.11,1,3,3,7,Low Value
3064,35,5,291009.88,3,1,4,8,Low Value
3065,51,7,286098.5,2,2,3,7,Low Value
3066,185,3,96560.94,1,1,1,3,At Risk
3067,73,6,171556.47999999998,1,1,2,4,At Risk
3068,35,9,162033.54,3,3,2,8,Low Value
3069,2,9,402700.2,5,3,5,13,High Value
3070,11,11,267059.92,4,5,3,12,Medium Value
3071,4,10,372885.33,5,4,5,14,High Value
3072,28,7,235901.31,3,2,3,8,Low Value
3073,78,9,290205.02,1,3,4,8,Low Value
3074,20,9,245215.88999999998,4,3,3,10,Medium Value
3075,30,8,205401.89,3,3,2,8,Low Value
3076,33,12,438330.43,3,5,5,13,High Value
3077,164,4,91978.69,1,1,1,3,At Risk
3078,28,14,468369.94,3,5,5,13,High Value
3079,164,4,97951.75,1,1,1,3,At Risk
3080,19,14,516873.6,4,5,5,14,High Value
3081,15,6,154512.43,4,1,1,6,At Risk
3082,47,10,470276.01,2,4,5,11,Medium Value
3083,52,12,312552.43,2,5,4,11,Medium Value
3084,41,5,198873.88,2,1,2,5,At Risk
3085,188,5,123379.73,1,1,1,3,At Risk
3086,15,12,459831.11,4,5,5,14,High Value
3087,103,7,317517.64,1,2,4,7,Low Value
3088,1,11,218117.32,5,5,2,12,Medium Value
3089,2,7,266279.01,5,2,3,10,Medium Value
3090,33,8,280629.33,3,3,3,9,Low Value
3091,17,9,338060.1,4,3,4,11,Medium Value
3092,135,8,222749.91,1,3,2,6,At Risk
3093,28,6,203923.36,3,1,2,6,At Risk
3094,22,8,290107.79000000004,4,3,4,11,Medium Value
3095,15,10,367609.87,4,4,4,12,Medium Value
3096,0,6,185680.71,5,1,2,8,Low Value
3097,8,10,390480.19,5,4,5,14,High Value
3098,9,6,132263.62,5,1,1,7,Low Value
3099,50,6,268394.77,2,1,3,6,At Risk
3100,129,5,193799.31,1,1,2,4,At Risk
3101,102,7,355071.97000000003,1,2,4,7,Low Value
3102,45,8,283040.81,2,3,3,8,Low Value
3103,37,6,158221.21,3,1,1,5,At Risk
3104,115,3,110151.7,1,1,1,3,At Risk
3105,25,7,164392.38,3,2,2,7,Low Value
3106,105,13,347606.44,1,5,4,10,Medium Value
3107,60,10,433232.05,2,4,5,11,Medium Value
3108,4,15,452065.77,5,5,5,15,High Value
3109,28,8,346170.26,3,3,4,10,Medium Value
3110,65,6,190994.27000000002,2,1,2,5,At Risk
3111,76,6,217953.29,1,1,2,4,At Risk
3112,1,10,382742.94999999995,5,4,5,14,High Value
3113,40,6,171672.57,3,1,2,6,At Risk
3114,125,4,49709.61,1,1,1,3,At Risk
3115,63,12,326272.94,2,5,4,11,Medium Value
3116,34,3,59992.7,3,1,1,5,At Risk
3117,84,7,285395.44,1,2,3,6,At Risk
3118,11,13,570955.59,4,5,5,14,High Value
3119,42,9,316467.47,2,3,4,9,Low Value
3120,4,12,488381.92,5,5,5,15,High Value
3121,8,9,288737.73,5,3,3,11,Medium Value
3122,64,9,232211.61000000002,2,3,3,8,Low Value
3123,19,11,292644.47,4,5,4,13,High Value
3124,38,8,228573.11000000002,3,3,3,9,Low Value
3125,76,11,440019.18,1,5,5,11,Medium Value
3126,9,7,158083.71,5,2,1,8,Low Value
3127,77,9,389921.05,1,3,5,9,Low Value
3128,13,8,232348.12,4,3,3,10,Medium Value
3129,140,5,219456.68,1,1,2,4,At Risk
3130,80,10,365948.28,1,4,4,9,Low Value
3131,16,10,447741.85,4,4,5,13,High Value
3132,35,8,200553.33000000002,3,3,2,8,Low Value
3133,105,8,138945.57,1,3,1,5,At Risk
3134,74,6,117819.40999999999,1,1,1,3,At Risk
3135,103,6,173125.86,1,1,2,4,At Risk
3136,10,12,460141.02,4,5,5,14,High Value
3137,6,8,307061.52,5,3,4,12,Medium Value
3138,31,7,274168.75,3,2,3,8,Low Value
3139,16,8,242096.93,4,3,3,10,Medium Value
3140,12,10,309685.47,4,4,4,12,Medium Value
3141,127,8,424223.58999999997,1,3,5,9,Low Value
3142,39,14,599078.69,3,5,5,13,High Value
3143,42,5,208394.68,2,1,2,5,At Risk
3144,28,7,221615.61,3,2,2,7,Low Value
3145,47,6,184674.75,2,1,2,5,At Risk
3146,7,7,204005.46,5,2,2,9,Low Value
3147,0,16,554879.47,5,5,5,15,High Value
3148,124,8,250783.69,1,3,3,7,Low Value
3149,9,4,103468.92,5,1,1,7,Low Value
3150,15,11,328473.96,4,5,4,13,High Value
3151,2,14,356005.38,5,5,4,14,High Value
3152,70,10,217559.85,2,4,2,8,Low Value
3153,52,8,291809.32,2,3,4,9,Low Value
3154,51,8,269904.46,2,3,3,8,Low Value
3155,20,10,227357.94,4,4,3,11,Medium Value
3156,59,10,216975.91999999998,2,4,2,8,Low Value
3157,2,13,567000.22,5,5,5,15,High Value
3158,23,7,146199.71,3,2,1,6,At Risk
3159,3,8,133581.57,5,3,1,9,Low Value
3160,195,6,247709.52000000002,1,1,3,5,At Risk
3161,32,8,264409.14999999997,3,3,3,9,Low Value
3162,56,11,297760.29000000004,2,5,4,11,Medium Value
3163,56,5,87647.48999999999,2,1,1,4,At Risk
3164,30,9,402807.81,3,3,5,11,Medium Value
3165,60,4,195010.72999999998,2,1,2,5,At Risk
3166,85,12,458389.25,1,5,5,11,Medium Value
3167,24,6,449246.35,3,1,5,9,Low Value
3168,1,9,357021.01,5,3,4,12,Medium Value
3169,20,6,167128.93,4,1,2,7,Low Value
3170,52,7,279660.02,2,2,3,7,Low Value
3171,12,7,158902.18,4,2,1,7,Low Value
3172,38,11,206409.38,3,5,2,10,Medium Value
3173,58,8,398996.14,2,3,5,10,Medium Value
3174,43,9,232398.03,2,3,3,8,Low Value
3175,14,5,184289.35,4,1,2,7,Low Value
3176,93,8,308116.14,1,3,4,8,Low Value
3177,32,7,96709.42,3,2,1,6,At Risk
3178,43,9,523774.9,2,3,5,10,Medium Value
3179,0,12,462371.15,5,5,5,15,High Value
3180,21,10,375482.33999999997,4,4,5,13,High Value
3181,15,8,242703.38999999998,4,3,3,10,Medium Value
3182,107,6,288313.19,1,1,3,5,At Risk
3183,113,5,63124.13,1,1,1,3,At Risk
3184,51,9,261450.39,2,3,3,8,Low Value
3185,67,9,292333.35000000003,2,3,4,9,Low Value
3186,62,9,327665.25,2,3,4,9,Low Value
3187,2,13,526873.15,5,5,5,15,High Value
3188,190,8,377616.77,1,3,5,9,Low Value
3189,0,9,251428.9,5,3,3,11,Medium Value
3190,41,10,305179.31,2,4,4,10,Medium Value
3191,1,11,422732.98,5,5,5,15,High Value
3192,16,6,153348.89,4,1,1,6,At Risk
3193,62,4,158514.43,2,1,1,4,At Risk
3194,90,11,256574.05000000002,1,5,3,9,Low Value
3195,83,12,269627.68,1,5,3,9,Low Value
3196,45,6,135467.05,2,1,1,4,At Risk
3197,127,5,114196.3,1,1,1,3,At Risk
3198,194,2,56681.69,1,1,1,3,At Risk
3199,42,8,204133.87,2,3,2,7,Low Value
3200,17,3,101421.83,4,1,1,6,At Risk
3201,17,7,172068.09,4,2,2,8,Low Value
3202,57,9,246214.86,2,3,3,8,Low Value
3203,2,11,444799.17000000004,5,5,5,15,High Value
3204,92,9,298497.89,1,3,4,8,Low Value
3205,25,15,765065.49,3,5,5,13,High Value
3206,59,6,222505.35,2,1,2,5,At Risk
3207,171,4,92649.03,1,1,1,3,At Risk
3208,148,9,197480.86,1,3,2,6,At Risk
3209,11,9,234655.97999999998,4,3,3,10,Medium Value
3210,52,8,251849.33,2,3,3,8,Low Value
3211,45,11,337534.81,2,5,4,11,Medium Value
3212,61,9,218261.11000000002,2,3,2,7,Low Value
3213,55,8,359978.53,2,3,4,9,Low Value
3214,1,12,487356.20999999996,5,5,5,15,High Value
3215,56,12,280178.81,2,5,3,10,Medium Value
3216,98,6,185606.04,1,1,2,4,At Risk
3217,62,6,140862.31,2,1,1,4,At Risk
3218,10,9,175982.86000000002,4,3,2,9,Low Value
3219,10,11,354574.27,4,5,4,13,High Value
3220,109,6,189974.47999999998,1,1,2,4,At Risk
3221,47,6,209217.86000000002,2,1,2,5,At Risk
3222,40,5,157516.24,3,1,1,5,At Risk
3223,91,4,125941.7,1,1,1,3,At Risk
3224,26,11,306011.78,3,5,4,12,Medium Value
3225,3,11,401379.34,5,5,5,15,High Value
3226,74,6,230157.55,1,1,3,5,At Risk
3227,62,8,208638.62,2,3,2,7,Low Value
3228,18,9,254889.51,4,3,3,10,Medium Value
3229,50,9,333394.47,2,3,4,9,Low Value
3230,15,10,253396.12,4,4,3,11,Medium Value
3231,4,10,525388.9400000001,5,4,5,14,High Value
3232,5,8,187606.93,5,3,2,10,Medium Value
3233,184,7,208368.68,1,2,2,5,At Risk
3234,1,10,354958.09,5,4,4,13,High Value
3235,47,5,99991.49,2,1,1,4,At Risk
3236,0,7,383250.94,5,2,5,12,Medium Value
3237,27,3,115588.59999999999,3,1,1,5,At Risk
3238,3,9,321636.38,5,3,4,12,Medium Value
3239,33,12,373074.1,3,5,5,13,High Value
3240,20,6,157514.7,4,1,1,6,At Risk
3241,6,9,208196.56,5,3,2,10,Medium Value
3242,45,5,207108.77000000002,2,1,2,5,At Risk
3243,16,11,435443.73,4,5,5,14,High Value
3244,9,17,622061.26,5,5,5,15,High Value
3245,50,6,167563.12,2,1,2,5,At Risk
3246,25,8,239398.73,3,3,3,9,Low Value
3247,64,11,236978.88999999998,2,5,3,10,Medium Value
3248,21,14,278230.27,4,5,3,12,Medium Value
3249,37,10,266321.51,3,4,3,10,Medium Value
3250,28,9,302804.38,3,3,4,10,Medium Value
3251,46,7,142675.02,2,2,1,5,At Risk
3252,31,8,211369.34,3,3,2,8,Low Value
3253,6,5,112120.94,5,1,1,7,Low Value
3254,59,9,360450.67,2,3,4,9,Low Value
3255,43,9,259221.51,2,3,3,8,Low Value
3256,0,7,129688.05,5,2,1,8,Low Value
3257,4,11,449864.92000000004,5,5,5,15,High Value
3258,19,10,279865.68,4,4,3,11,Medium Value
3259,58,10,345711.29,2,4,4,10,Medium Value
3260,39,13,382446.5,3,5,5,13,High Value
3261,19,14,478735.13,4,5,5,14,High Value
3262,33,12,378504.22,3,5,5,13,High Value
3263,8,9,290910.42,5,3,4,12,Medium Value
3264,25,7,233056.24,3,2,3,8,Low Value
3265,9,5,200795.21,5,1,2,8,Low Value
3266,18,6,142782.26,4,1,1,6,At Risk
3267,23,4,151195.48,3,1,1,5,At Risk
3268,53,4,207543.68,2,1,2,5,At Risk
3269,5,15,597871.09,5,5,5,15,High Value
3270,100,3,57913.06,1,1,1,3,At Risk
3271,35,7,188051.58,3,2,2,7,Low Value
3272,30,11,309102.55,3,5,4,12,Medium Value
3273,1,9,281847.71,5,3,3,11,Medium Value
3274,92,10,383830.24,1,4,5,10,Medium Value
3275,12,11,246223.6,4,5,3,12,Medium Value
3276,2,10,222820.5,5,4,2,11,Medium Value
3277,18,6,226388.78,4,1,3,8,Low Value
3278,121,6,209294.41,1,1,2,4,At Risk
3279,37,9,336097.70999999996,3,3,4,10,Medium Value
3280,118,8,283078.94,1,3,3,7,Low Value
3281,39,11,276377.42,3,5,3,11,Medium Value
3282,198,3,46547.33,1,1,1,3,At Risk
3283,4,8,243169.08000000002,5,3,3,11,Medium Value
3284,5,10,402024.8,5,4,5,14,High Value
3285,20,12,344824.46,4,5,4,13,High Value
3286,20,7,262822.75,4,2,3,9,Low Value
3287,6,4,75518.45999999999,5,1,1,7,Low Value
3288,20,7,267533.49,4,2,3,9,Low Value
3289,95,8,188728.12,1,3,2,6,At Risk
3290,27,9,303235.32,3,3,4,10,Medium Value
3291,34,12,345863.58999999997,3,5,4,12,Medium Value
3292,9,8,108037.57,5,3,1,9,Low Value
3293,4,12,418050.07,5,5,5,15,High Value
3294,5,7,153037.19,5,2,1,8,Low Value
3295,44,8,433383.64999999997,2,3,5,10,Medium Value
3296,98,10,135419.41,1,4,1,6,At Risk
3297,75,7,219098.9,1,2,2,5,At Risk
3298,27,6,191238.5,3,1,2,6,At Risk
3299,12,8,335016.71,4,3,4,11,Medium Value
3300,13,7,164346.78,4,2,2,8,Low Value
3301,85,10,387065.69,1,4,5,10,Medium Value
3302,46,14,429283.98,2,5,5,12,Medium Value
3303,33,6,219428.22999999998,3,1,2,6,At Risk
3304,3,7,224051.09,5,2,2,9,Low Value
3305,34,9,296812.73,3,3,4,10,Medium Value
3306,90,7,270618.21,1,2,3,6,At Risk
3307,40,7,259356.45,3,2,3,8,Low Value
3308,62,9,419002.34,2,3,5,10,Medium Value
3309,186,7,333613.88,1,2,4,7,Low Value
3310,10,11,321076.6,4,5,4,13,High Value
3311,38,5,65166.82,3,1,1,5,At Risk
3312,67,11,312607.35,2,5,4,11,Medium Value
3313,72,8,407633.58999999997,1,3,5,9,Low Value
3314,88,12,447792.1,1,5,5,11,Medium Value
3315,17,10,339593.35,4,4,4,12,Medium Value
3316,103,5,164780.69,1,1,2,4,At Risk
3317,2,10,430469.17000000004,5,4,5,14,High Value
3318,162,8,180806.18,1,3,2,6,At Risk
3319,147,7,174094.7,1,2,2,5,At Risk
3320,246,5,103078.94,1,1,1,3,At Risk
3321,25,11,429186.43000000005,3,5,5,13,High Value
3322,15,6,148677.07,4,1,1,6,At Risk
3323,2,7,111163.64,5,2,1,8,Low Value
3324,38,7,298228.17,3,2,4,9,Low Value
3325,26,6,287285.57,3,1,3,7,Low Value
3326,48,11,470215.45,2,5,5,12,Medium Value
3327,59,9,289996.19,2,3,4,9,Low Value
3328,30,8,488699.41000000003,3,3,5,11,Medium Value
3329,13,8,399250.75,4,3,5,12,Medium Value
3330,26,8,499608.16000000003,3,3,5,11,Medium Value
3331,115,8,228023.68,1,3,3,7,Low Value
3332,68,7,161409.6,2,2,1,5,At Risk
3333,57,8,223193.79,2,3,2,7,Low Value
3334,43,9,309764.08,2,3,4,9,Low Value
3335,25,11,221990.85,3,5,2,10,Medium Value
3336,21,5,106083.91,4,1,1,6,At Risk
3337,34,12,590084.4500000001,3,5,5,13,High Value
3338,197,5,158108.56999999998,1,1,1,3,At Risk
3339,180,4,108315.29,1,1,1,3,At Risk
3340,49,9,289581.69,2,3,4,9,Low Value
3341,1,4,102483.26,5,1,1,7,Low Value
3342,10,6,104026.6,4,1,1,6,At Risk
3343,31,11,415903.95,3,5,5,13,High Value
3344,2,7,313747.86,5,2,4,11,Medium Value
3345,46,9,212320.88,2,3,2,7,Low Value
3346,4,10,298106.52,5,4,4,13,High Value
3347,46,11,450738.75,2,5,5,12,Medium Value
3348,12,8,205902.18,4,3,2,9,Low Value
3349,8,8,325343.96,5,3,4,12,Medium Value
3350,5,10,236692.66,5,4,3,12,Medium Value
3351,60,8,267570.91000000003,2,3,3,8,Low Value
3352,71,8,301088.17,2,3,4,9,Low Value
3353,48,8,406481.7,2,3,5,10,Medium Value
3354,23,9,333914.84,3,3,4,10,Medium Value
3355,10,9,284235.48,4,3,3,10,Medium Value
3356,62,7,133288.77,2,2,1,5,At Risk
3357,3,11,316989.9,5,5,4,14,High Value
3358,20,6,95962.16,4,1,1,6,At Risk
3359,32,12,316701.07,3,5,4,12,Medium Value
3360,4,12,480707.45,5,5,5,15,High Value
3361,13,13,476161.03,4,5,5,14,High Value
3362,42,12,292969.18,2,5,4,11,Medium Value
3363,20,9,226864.46,4,3,3,10,Medium Value
3364,6,13,347002.76,5,5,4,14,High Value
3365,109,7,242695.32,1,2,3,6,At Risk
3366,1,8,277886.63,5,3,3,11,Medium Value
3367,32,13,306875.9,3,5,4,12,Medium Value
3368,23,7,240008.72,3,2,3,8,Low Value
3369,26,5,65699.13,3,1,1,5,At Risk
3370,48,15,551783.56,2,5,5,12,Medium Value
3371,234,7,247631.08,1,2,3,6,At Risk
3372,161,3,28153.92,1,1,1,3,At Risk
3373,58,9,171892.31,2,3,2,7,Low Value
3374,3,13,300597.23,5,5,4,14,High Value
3375,6,11,330353.08,5,5,4,14,High Value
3376,16,12,504769.7,4,5,5,14,High Value
3377,2,9,332239.8,5,3,4,12,Medium Value
3378,28,12,555669.05,3,5,5,13,High Value
3379,25,12,279687.81,3,5,3,11,Medium Value
3380,2,9,214755.26,5,3,2,10,Medium Value
3381,5,6,112901.64,5,1,1,7,Low Value
3382,44,6,300627.57999999996,2,1,4,7,Low Value
3383,20,8,176486.26,4,3,2,9,Low Value
3384,43,6,130302.53,2,1,1,4,At Risk
3385,8,9,245168.2,5,3,3,11,Medium Value
3386,24,7,150062.0,3,2,1,6,At Risk
3387,28,6,218199.39,3,1,2,6,At Risk
3388,7,11,242519.58000000002,5,5,3,13,High Value
3389,26,8,221129.79,3,3,2,8,Low Value
3390,85,5,216063.36,1,1,2,4,At Risk
3391,188,2,26220.14,1,1,1,3,At Risk
3392,89,8,293976.51,1,3,4,8,Low Value
3393,1,9,312642.32,5,3,4,12,Medium Value
3394,44,5,163333.09,2,1,2,5,At Risk
3395,56,8,167808.33,2,3,2,7,Low Value
3396,67,8,359199.99,2,3,4,9,Low Value
3397,15,8,271159.58999999997,4,3,3,10,Medium Value
3398,6,9,269921.43,5,3,3,11,Medium Value
3399,5,12,294676.91,5,5,4,14,High Value
3400,9,13,504457.82,5,5,5,15,High Value
3401,91,6,143596.34,1,1,1,3,At Risk
3402,12,11,294763.17,4,5,4,13,High Value
3403,34,10,311326.46,3,4,4,11,Medium Value
3404,81,9,327955.26999999996,1,3,4,8,Low Value
3405,7,8,233927.78999999998,5,3,3,11,Medium Value
3406,37,9,323399.62,3,3,4,10,Medium Value
3407,114,9,478068.36,1,3,5,9,Low Value
3408,13,10,315102.14,4,4,4,12,Medium Value
3409,57,9,232756.62,2,3,3,8,Low Value
3410,5,13,410803.99,5,5,5,15,High Value
3411,21,4,163410.52000000002,4,1,2,7,Low Value
3412,6,8,269449.2,5,3,3,11,Medium Value
3413,64,6,120282.0,2,1,1,4,At Risk
3414,78,11,322930.39,1,5,4,10,Medium Value
3415,4,5,199086.63,5,1,2,8,Low Value
3416,10,10,502387.85,4,4,5,13,High Value
3417,131,8,351064.2,1,3,4,8,Low Value
3418,11,12,364960.01,4,5,4,13,High Value
3419,66,6,151985.34,2,1,1,4,At Risk
3420,2,10,189636.62,5,4,2,11,Medium Value
3421,0,9,327708.64999999997,5,3,4,12,Medium Value
3422,11,13,421792.04000000004,4,5,5,14,High Value
3423,126,8,147049.99,1,3,1,5,At Risk
3424,2,9,217600.86000000002,5,3,2,10,Medium Value
3425,16,11,335967.51,4,5,4,13,High Value
3426,8,9,267907.95,5,3,3,11,Medium Value
3427,53,3,47114.119999999995,2,1,1,4,At Risk
3428,63,6,195529.0,2,1,2,5,At Risk
3429,16,10,212227.56999999998,4,4,2,10,Medium Value
3430,43,7,205397.98,2,2,2,6,At Risk
3431,12,7,240870.22999999998,4,2,3,9,Low Value
3432,37,7,204247.75,3,2,2,7,Low Value
3433,31,6,344123.36,3,1,4,8,Low Value
3434,34,9,351268.7,3,3,4,10,Medium Value
3435,7,7,183909.22999999998,5,2,2,9,Low Value
3436,27,9,407479.94999999995,3,3,5,11,Medium Value
3437,48,8,600161.93,2,3,5,10,Medium Value
3438,50,8,256168.75999999998,2,3,3,8,Low Value
3439,38,9,345497.67,3,3,4,10,Medium Value
3440,21,9,416993.06,4,3,5,12,Medium Value
3441,60,5,194339.19999999998,2,1,2,5,At Risk
3442,0,10,228587.58,5,4,3,12,Medium Value
3443,16,10,145572.47,4,4,1,9,Low Value
3444,75,5,222804.19,1,1,2,4,At Risk
3445,55,12,298296.39,2,5,4,11,Medium Value
3446,22,7,355716.07,4,2,4,10,Medium Value
3447,15,11,433306.08999999997,4,5,5,14,High Value
3448,6,10,288966.86,5,4,4,13,High Value
3450,62,10,296647.99,2,4,4,10,Medium Value
3451,2,10,198116.28,5,4,2,11,Medium Value
3452,7,5,86795.98999999999,5,1,1,7,Low Value
3453,46,10,173502.01,2,4,2,8,Low Value
3454,40,7,290529.07,3,2,4,9,Low Value
3455,10,6,212310.79,4,1,2,7,Low Value
3456,231,3,80454.98,1,1,1,3,At Risk
3457,33,12,534335.3,3,5,5,13,High Value
3458,15,8,119447.69,4,3,1,8,Low Value
3459,32,7,295050.28,3,2,4,9,Low Value
3460,35,5,309441.44,3,1,4,8,Low Value
3461,69,10,428202.83,2,4,5,11,Medium Value
3462,52,8,221130.53999999998,2,3,2,7,Low Value
3463,62,11,286316.62,2,5,3,10,Medium Value
3464,7,5,70825.83,5,1,1,7,Low Value
3465,31,9,259705.84,3,3,3,9,Low Value
3466,258,5,243095.91999999998,1,1,3,5,At Risk
3467,9,11,474964.16000000003,5,5,5,15,High Value
3468,17,7,260169.97999999998,4,2,3,9,Low Value
3469,23,10,308503.88,3,4,4,11,Medium Value
3470,56,7,137670.96,2,2,1,5,At Risk
3471,29,8,439931.02,3,3,5,11,Medium Value
3472,45,10,322370.73,2,4,4,10,Medium Value
3473,23,9,422254.57999999996,3,3,5,11,Medium Value
3474,42,7,215347.13,2,2,2,6,At Risk
3475,18,9,372593.78,4,3,5,12,Medium Value
3476,79,11,347743.25,1,5,4,10,Medium Value
3477,1,9,485025.72,5,3,5,13,High Value
3478,91,4,100849.82,1,1,1,3,At Risk
3479,0,8,268028.47,5,3,3,11,Medium Value
3480,0,8,283509.3,5,3,3,11,Medium Value
3481,83,10,337002.49,1,4,4,9,Low Value
3482,49,8,209555.25,2,3,2,7,Low Value
3483,41,11,359294.35000000003,2,5,4,11,Medium Value
3484,26,7,246673.53,3,2,3,8,Low Value
3485,27,10,297815.39,3,4,4,11,Medium Value
3486,12,14,351088.58,4,5,4,13,High Value
3487,6,12,340607.1,5,5,4,14,High Value
3488,51,8,149277.63,2,3,1,6,At Risk
3489,111,7,137208.63,1,2,1,4,At Risk
3490,127,5,79709.07,1,1,1,3,At Risk
3491,40,5,137597.07,3,1,1,5,At Risk
3492,20,9,365049.73,4,3,4,11,Medium Value
3493,11,6,222265.94,4,1,2,7,Low Value
3494,40,7,134026.93,3,2,1,6,At Risk
3495,41,9,284789.47,2,3,3,8,Low Value
3496,15,14,399353.16000000003,4,5,5,14,High Value
3497,87,11,250796.78,1,5,3,9,Low Value
3498,36,9,285116.81,3,3,3,9,Low Value
3499,78,7,150439.02000000002,1,2,1,4,At Risk
3500,68,10,330671.33,2,4,4,10,Medium Value
3501,28,8,278440.86,3,3,3,9,Low Value
3502,120,8,194852.99000000002,1,3,2,6,At Risk
3503,52,6,133717.07,2,1,1,4,At Risk
3504,4,12,313861.74,5,5,4,14,High Value
3505,63,13,508748.87,2,5,5,12,Medium Value
3506,17,15,551603.84,4,5,5,14,High Value
3507,98,4,125827.33,1,1,1,3,At Risk
3508,36,9,360630.61,3,3,4,10,Medium Value
3509,0,10,477074.77,5,4,5,14,High Value
3510,33,4,85893.73,3,1,1,5,At Risk
3511,46,6,162962.15,2,1,2,5,At Risk
3512,47,9,242825.29,2,3,3,8,Low Value
3513,9,12,505935.86,5,5,5,15,High Value
3514,26,5,223055.98,3,1,2,6,At Risk
3515,84,7,271306.63,1,2,3,6,At Risk
3516,3,10,124742.84,5,4,1,10,Medium Value
3517,24,5,115481.81,3,1,1,5,At Risk
3518,12,16,662972.93,4,5,5,14,High Value
3519,37,4,187893.15,3,1,2,6,At Risk
3520,17,5,227820.47,4,1,3,8,Low Value
3521,12,14,285870.99,4,5,3,12,Medium Value
3522,2,7,244869.98,5,2,3,10,Medium Value
3523,8,11,198003.58,5,5,2,12,Medium Value
3524,12,7,155028.21,4,2,1,7,Low Value
3525,54,8,178155.4,2,3,2,7,Low Value
3526,99,5,187225.78,1,1,2,4,At Risk
3527,0,10,407554.05,5,4,5,14,High Value
3528,106,7,504529.10000000003,1,2,5,8,Low Value
3529,9,8,258559.03999999998,5,3,3,11,Medium Value
3530,5,7,291370.07,5,2,4,11,Medium Value
3531,139,12,452573.08,1,5,5,11,Medium Value
3532,28,5,119702.7,3,1,1,5,At Risk
3533,9,6,149244.66999999998,5,1,1,7,Low Value
3534,1,8,141357.26,5,3,1,9,Low Value
3535,15,8,273744.48,4,3,3,10,Medium Value
3536,47,7,108093.98,2,2,1,5,At Risk
3537,7,11,243442.99,5,5,3,13,High Value
3538,1,12,402609.04,5,5,5,15,High Value
3539,47,10,213824.26,2,4,2,8,Low Value
3540,29,3,118685.75,3,1,1,5,At Risk
3541,8,15,342927.37,5,5,4,14,High Value
3542,0,7,191309.28,5,2,2,9,Low Value
3543,43,10,320483.83,2,4,4,10,Medium Value
3544,48,10,369258.75,2,4,5,11,Medium Value
3545,142,8,290247.36,1,3,4,8,Low Value
3546,25,8,262275.77,3,3,3,9,Low Value
3547,52,6,234655.22999999998,2,1,3,6,At Risk
3548,55,10,365377.67,2,4,4,10,Medium Value
3549,56,6,197176.36,2,1,2,5,At Risk
3550,6,9,372296.91,5,3,5,13,High Value
3551,20,8,322740.94,4,3,4,11,Medium Value
3552,60,8,169418.49,2,3,2,7,Low Value
3553,13,6,235875.84999999998,4,1,3,8,Low Value
3554,5,11,309180.33,5,5,4,14,High Value
3555,50,7,279808.76,2,2,3,7,Low Value
3556,25,9,205796.74000000002,3,3,2,8,Low Value
3557,47,9,205684.33000000002,2,3,2,7,Low Value
3558,17,9,328345.32,4,3,4,11,Medium Value
3559,152,7,200485.83000000002,1,2,2,5,At Risk
3560,2,8,327647.85000000003,5,3,4,12,Medium Value
3561,87,6,171446.27,1,1,2,4,At Risk
3562,1,9,172513.97,5,3,2,10,Medium Value
3563,98,9,300313.45999999996,1,3,4,8,Low Value
3564,11,13,507459.86,4,5,5,14,High Value
3565,70,5,105125.98999999999,2,1,1,4,At Risk
3566,18,7,190793.5,4,2,2,8,Low Value
3567,18,8,287362.5,4,3,3,10,Medium Value
3568,1,9,273439.36,5,3,3,11,Medium Value
3569,2,8,259591.09,5,3,3,11,Medium Value
3570,44,8,234077.56,2,3,3,8,Low Value
3571,2,5,102542.56,5,1,1,7,Low Value
3572,6,10,395613.29,5,4,5,14,High Value
3573,25,7,307246.72,3,2,4,9,Low Value
3574,0,8,147276.61000000002,5,3,1,9,Low Value
3575,58,6,117472.70999999999,2,1,1,4,At Risk
3576,15,13,487068.19,4,5,5,14,High Value
3577,47,8,274300.28,2,3,3,8,Low Value
3578,29,5,184256.93,3,1,2,6,At Risk
3579,51,12,368033.94,2,5,4,11,Medium Value
3580,225,4,75706.74,1,1,1,3,At Risk
3581,0,5,92242.09999999999,5,1,1,7,Low Value
3582,114,12,181582.47,1,5,2,8,Low Value
3583,76,9,249901.37,1,3,3,7,Low Value
3584,4,6,281177.12,5,1,3,9,Low Value
3585,26,9,221515.53999999998,3,3,2,8,Low Value
3586,93,9,309177.04,1,3,4,8,Low Value
3587,47,12,451549.51,2,5,5,12,Medium Value
3588,18,12,196056.40000000002,4,5,2,11,Medium Value
3589,21,13,390249.53,4,5,5,14,High Value
3590,20,13,426133.46,4,5,5,14,High Value
3591,39,9,271878.55,3,3,3,9,Low Value
3592,37,8,325625.79,3,3,4,10,Medium Value
3593,133,7,268887.68,1,2,3,6,At Risk
3594,3,11,278533.2,5,5,3,13,High Value
3595,102,12,310418.01,1,5,4,10,Medium Value
3596,60,7,299085.69,2,2,4,8,Low Value
3597,10,6,338243.39999999997,4,1,4,9,Low Value
3598,16,9,221195.75,4,3,2,9,Low Value
3599,67,13,315162.18,2,5,4,11,Medium Value
3600,4,7,212624.78,5,2,2,9,Low Value
3601,11,5,140475.96,4,1,1,6,At Risk
3602,9,11,266319.92000000004,5,5,3,13,High Value
3603,62,6,173120.14,2,1,2,5,At Risk
3604,64,6,204214.24000000002,2,1,2,5,At Risk
3605,6,12,341523.45999999996,5,5,4,14,High Value
3606,0,10,216897.8,5,4,2,11,Medium Value
3607,56,10,434741.69,2,4,5,11,Medium Value
3608,63,9,265411.82,2,3,3,8,Low Value
3609,10,9,176529.02,4,3,2,9,Low Value
3610,77,4,132903.02,1,1,1,3,At Risk
3611,39,12,319161.05,3,5,4,12,Medium Value
3612,15,7,228237.28,4,2,3,9,Low Value
3613,40,9,224743.47,3,3,2,8,Low Value
3614,51,8,314697.79,2,3,4,9,Low Value
3615,40,6,210085.09,3,1,2,6,At Risk
3616,26,9,420697.18,3,3,5,11,Medium Value
3617,117,11,425323.69999999995,1,5,5,11,Medium Value
3618,55,10,236130.77,2,4,3,9,Low Value
3619,2,10,303129.98,5,4,4,13,High Value
3620,27,14,487487.22000000003,3,5,5,13,High Value
3621,28,10,205380.63,3,4,2,9,Low Value
3622,3,9,247369.73,5,3,3,11,Medium Value
3623,88,8,276728.19999999995,1,3,3,7,Low Value
3624,4,7,271309.54,5,2,3,10,Medium Value
3625,38,5,98580.25,3,1,1,5,At Risk
3626,5,8,357973.66000000003,5,3,4,12,Medium Value
3627,15,6,170185.22,4,1,2,7,Low Value
3628,89,7,347158.47,1,2,4,7,Low Value
3629,141,4,65805.67,1,1,1,3,At Risk
3630,36,12,249140.09,3,5,3,11,Medium Value
3631,150,8,504246.97,1,3,5,9,Low Value
3632,48,4,87817.77,2,1,1,4,At Risk
3633,34,12,526774.1000000001,3,5,5,13,High Value
3634,144,4,107307.41,1,1,1,3,At Risk
3635,47,13,658042.45,2,5,5,12,Medium Value
3636,19,10,427302.11,4,4,5,13,High Value
3637,32,8,228251.38999999998,3,3,3,9,Low Value
3638,22,6,61411.9,4,1,1,6,At Risk
3639,85,13,583642.76,1,5,5,11,Medium Value
3640,44,10,295162.25,2,4,4,10,Medium Value
3641,89,4,91495.54000000001,1,1,1,3,At Risk
3642,42,9,340537.07,2,3,4,9,Low Value
3643,27,12,477086.70999999996,3,5,5,13,High Value
3644,127,5,220348.59,1,1,2,4,At Risk
3645,6,7,246066.68,5,2,3,10,Medium Value
3646,17,10,279012.55,4,4,3,11,Medium Value
3647,24,5,294308.35,3,1,4,8,Low Value
3648,25,6,201590.32,3,1,2,6,At Risk
3649,65,8,178093.91999999998,2,3,2,7,Low Value
3650,15,10,270907.58999999997,4,4,3,11,Medium Value
3651,3,7,216359.74000000002,5,2,2,9,Low Value
3652,99,5,213607.93,1,1,2,4,At Risk
3653,10,9,488162.41,4,3,5,12,Medium Value
3654,53,8,309807.54,2,3,4,9,Low Value
3655,2,12,518070.42,5,5,5,15,High Value
3656,57,8,280461.1,2,3,3,8,Low Value
3657,13,5,118481.23000000001,4,1,1,6,At Risk
3658,3,19,453785.15,5,5,5,15,High Value
3659,43,6,115672.09999999999,2,1,1,4,At Risk
3660,19,12,361203.95,4,5,4,13,High Value
3661,57,3,89115.18000000001,2,1,1,4,At Risk
3662,0,8,150330.75,5,3,1,9,Low Value
3663,60,8,374801.62,2,3,5,10,Medium Value
3664,4,10,314427.07,5,4,4,13,High Value
3665,11,12,635133.76,4,5,5,14,High Value
3666,35,5,109154.43000000001,3,1,1,5,At Risk
3667,50,10,248889.5,2,4,3,9,Low Value
3668,43,16,382953.58999999997,2,5,5,12,Medium Value
3669,11,11,343151.54,4,5,4,13,High Value
3670,40,4,80059.86,3,1,1,5,At Risk
3671,68,14,418631.66000000003,2,5,5,12,Medium Value
3672,21,14,366318.46,4,5,4,13,High Value
3673,47,8,253003.96,2,3,3,8,Low Value
3674,8,9,228898.32,5,3,3,11,Medium Value
3675,39,11,337817.47,3,5,4,12,Medium Value
3676,95,6,233015.21000000002,1,1,3,5,At Risk
3677,39,8,187218.68,3,3,2,8,Low Value
3678,13,9,245422.89,4,3,3,10,Medium Value
3679,5,7,216785.52000000002,5,2,2,9,Low Value
3680,52,9,333767.76,2,3,4,9,Low Value
3681,26,10,405574.75,3,4,5,12,Medium Value
3682,77,9,143955.01,1,3,1,5,At Risk
3683,19,7,121236.3,4,2,1,7,Low Value
3684,131,3,180884.16,1,1,2,4,At Risk
3685,38,11,313554.22000000003,3,5,4,12,Medium Value
3686,19,12,507962.33999999997,4,5,5,14,High Value
3687,98,8,365877.9,1,3,4,8,Low Value
3688,12,9,282826.04,4,3,3,10,Medium Value
3689,168,4,101358.78,1,1,1,3,At Risk
3690,80,5,166304.22,1,1,2,4,At Risk
3691,2,7,169039.79,5,2,2,9,Low Value
3692,49,6,112338.8,2,1,1,4,At Risk
3693,72,12,325228.58,1,5,4,10,Medium Value
3694,56,10,267042.23,2,4,3,9,Low Value
3695,1,8,204634.8,5,3,2,10,Medium Value
3696,116,6,147954.43,1,1,1,3,At Risk
3697,9,8,204738.93,5,3,2,10,Medium Value
3698,39,8,221379.09,3,3,2,8,Low Value
3699,29,12,309527.52999999997,3,5,4,12,Medium Value
3700,69,8,290883.75,2,3,4,9,Low Value
3701,7,9,454221.46,5,3,5,13,High Value
3702,141,4,108955.14,1,1,1,3,At Risk
3703,6,6,281374.19,5,1,3,9,Low Value
3704,50,8,391796.63,2,3,5,10,Medium Value
3705,59,10,506171.70999999996,2,4,5,11,Medium Value
3706,163,8,256296.87999999998,1,3,3,7,Low Value
3707,32,8,200362.01,3,3,2,8,Low Value
3708,7,8,279321.48,5,3,3,11,Medium Value
3709,11,9,260292.95,4,3,3,10,Medium Value
3710,106,4,117624.02,1,1,1,3,At Risk
3711,1,15,493481.24,5,5,5,15,High Value
3712,90,5,162804.46,1,1,2,4,At Risk
3713,28,10,232955.51,3,4,3,10,Medium Value
3714,15,5,208670.05000000002,4,1,2,7,Low Value
3715,7,9,341600.7,5,3,4,12,Medium Value
3716,43,9,262025.37,2,3,3,8,Low Value
3717,76,9,124299.23999999999,1,3,1,5,At Risk
3718,87,11,504500.52,1,5,5,11,Medium Value
3719,9,9,346490.67,5,3,4,12,Medium Value
3720,67,9,143876.5,2,3,1,6,At Risk
3721,142,10,284120.78,1,4,3,8,Low Value
3722,16,10,435076.53,4,4,5,13,High Value
3723,15,6,193312.00999999998,4,1,2,7,Low Value
3724,2,7,214363.64,5,2,2,9,Low Value
3725,38,6,149317.52,3,1,1,5,At Risk
3726,7,8,279998.39,5,3,3,11,Medium Value
3727,13,10,294309.91000000003,4,4,4,12,Medium Value
3728,50,5,151576.45,2,1,1,4,At Risk
3729,122,9,259137.58,1,3,3,7,Low Value
3730,3,9,399394.01,5,3,5,13,High Value
3731,18,12,525315.65,4,5,5,14,High Value
3732,8,10,318819.16,5,4,4,13,High Value
3733,3,11,420285.16,5,5,5,15,High Value
3734,37,5,193376.36,3,1,2,6,At Risk
3735,20,13,517024.13,4,5,5,14,High Value
3736,29,5,119386.14,3,1,1,5,At Risk
3737,44,8,346456.35000000003,2,3,4,9,Low Value
3738,5,7,274920.33999999997,5,2,3,10,Medium Value
3739,52,12,343655.16000000003,2,5,4,11,Medium Value
3740,8,6,219043.68,5,1,2,8,Low Value
3741,1,5,222497.72,5,1,2,8,Low Value
3742,98,5,96230.01000000001,1,1,1,3,At Risk
3743,117,9,517783.61,1,3,5,9,Low Value
3744,17,10,358339.01,4,4,4,12,Medium Value
3745,13,9,289070.73,4,3,4,11,Medium Value
3746,20,7,426927.27,4,2,5,11,Medium Value
3747,14,4,125300.52,4,1,1,6,At Risk
3748,1,6,192877.51,5,1,2,8,Low Value
3749,2,8,242296.29,5,3,3,11,Medium Value
3750,20,7,187469.85,4,2,2,8,Low Value
3751,14,11,588563.63,4,5,5,14,High Value
3752,42,7,325219.66000000003,2,2,4,8,Low Value
3753,62,7,133046.95,2,2,1,5,At Risk
3754,98,5,115548.56,1,1,1,3,At Risk
3755,13,10,389166.46,4,4,5,13,High Value
3756,15,10,489872.61,4,4,5,13,High Value
3757,102,4,79035.87,1,1,1,3,At Risk
3758,63,13,511708.85,2,5,5,12,Medium Value
3759,11,14,459364.93000000005,4,5,5,14,High Value
3760,2,9,263012.35,5,3,3,11,Medium Value
3761,6,11,479406.05,5,5,5,15,High Value
3762,17,6,177769.41,4,1,2,7,Low Value
3763,20,9,167777.72,4,3,2,9,Low Value
3764,106,9,298324.5,1,3,4,8,Low Value
3765,117,8,338151.58,1,3,4,8,Low Value
3766,2,9,218074.78999999998,5,3,2,10,Medium Value
3767,4,5,139432.35,5,1,1,7,Low Value
3768,18,12,309148.52,4,5,4,13,High Value
3769,41,12,412798.64,2,5,5,12,Medium Value
3770,11,12,342805.6,4,5,4,13,High Value
3771,101,6,192085.41,1,1,2,4,At Risk
3772,21,12,400699.74,4,5,5,14,High Value
3773,51,11,319193.35,2,5,4,11,Medium Value
3774,80,8,272583.05,1,3,3,7,Low Value
3775,15,7,159046.44,4,2,1,7,Low Value
3776,240,3,84324.28,1,1,1,3,At Risk
3777,38,9,139425.53,3,3,1,7,Low Value
3778,8,13,456112.97000000003,5,5,5,15,High Value
3779,21,13,450721.76,4,5,5,14,High Value
3780,10,12,333461.74,4,5,4,13,High Value
3781,205,4,55374.310000000005,1,1,1,3,At Risk
3782,3,7,344942.23,5,2,4,11,Medium Value
3783,274,3,150247.83000000002,1,1,1,3,At Risk
3784,15,11,268930.74,4,5,3,12,Medium Value
3785,155,5,79039.27,1,1,1,3,At Risk
3786,63,10,454964.45,2,4,5,11,Medium Value
3787,33,4,107897.84,3,1,1,5,At Risk
3788,98,7,223947.53,1,2,2,5,At Risk
3789,80,11,381143.71,1,5,5,11,Medium Value
3790,24,5,117943.36,3,1,1,5,At Risk
3791,32,10,249049.77,3,4,3,10,Medium Value
3792,32,11,202535.44999999998,3,5,2,10,Medium Value
3793,142,7,207409.33000000002,1,2,2,5,At Risk
3794,6,10,336575.51,5,4,4,13,High Value
3795,22,5,209874.30000000002,4,1,2,7,Low Value
3796,6,10,321336.88,5,4,4,13,High Value
3797,21,7,243727.96,4,2,3,9,Low Value
3798,89,6,197784.19,1,1,2,4,At Risk
3799,2,11,504828.32,5,5,5,15,High Value
3800,45,10,276738.38,2,4,3,9,Low Value
3801,22,8,261576.82,4,3,3,10,Medium Value
3802,11,12,484888.38,4,5,5,14,High Value
3803,40,7,192318.64,3,2,2,7,Low Value
3804,10,7,117649.15,4,2,1,7,Low Value
3805,15,6,210376.86,4,1,2,7,Low Value
3806,7,6,163717.48,5,1,2,8,Low Value
3807,5,13,358559.88,5,5,4,14,High Value
3808,11,9,227661.96,4,3,3,10,Medium Value
3809,2,8,283373.25,5,3,3,11,Medium Value
3810,33,4,178517.81,3,1,2,6,At Risk
3811,97,9,369442.16,1,3,5,9,Low Value
3812,11,7,231273.44,4,2,3,9,Low Value
3813,41,9,209790.49,2,3,2,7,Low Value
3814,68,8,348926.29,2,3,4,9,Low Value
3815,11,11,228100.37,4,5,3,12,Medium Value
3816,190,4,143914.54,1,1,1,3,At Risk
3817,31,8,253694.43000000002,3,3,3,9,Low Value
3818,122,5,150070.37,1,1,1,3,At Risk
3819,16,9,325255.72000000003,4,3,4,11,Medium Value
3820,32,20,587138.66,3,5,5,13,High Value
3821,25,7,147865.48,3,2,1,6,At Risk
3822,27,9,233831.81,3,3,3,9,Low Value
3823,39,5,133813.24,3,1,1,5,At Risk
3824,97,4,68906.18,1,1,1,3,At Risk
3825,21,15,498891.27,4,5,5,14,High Value
3826,146,6,246540.71,1,1,3,5,At Risk
3827,5,12,205148.3,5,5,2,12,Medium Value
3828,30,12,555784.99,3,5,5,13,High Value
3829,11,8,220098.04,4,3,2,9,Low Value
3830,91,7,73780.17,1,2,1,4,At Risk
3831,1,9,317795.65,5,3,4,12,Medium Value
3832,38,11,367118.14,3,5,4,12,Medium Value
3833,47,8,296059.69,2,3,4,9,Low Value
3834,0,11,285965.97,5,5,3,13,High Value
3835,23,9,384476.78,3,3,5,11,Medium Value
3836,74,11,330295.74,1,5,4,10,Medium Value
3837,17,11,374051.09,4,5,5,14,High Value
3838,5,10,400725.82,5,4,5,14,High Value
3839,98,15,576194.1699999999,1,5,5,11,Medium Value
3840,19,10,284007.33,4,4,3,11,Medium Value
3841,148,12,436713.2,1,5,5,11,Medium Value
3842,4,8,218157.62000000002,5,3,2,10,Medium Value
3843,12,11,455536.46,4,5,5,14,High Value
3844,20,6,95180.95999999999,4,1,1,6,At Risk
3845,22,10,324582.93,4,4,4,12,Medium Value
3846,30,7,210511.84999999998,3,2,2,7,Low Value
3847,14,3,53391.11,4,1,1,6,At Risk
3848,79,6,252784.93,1,1,3,5,At Risk
3849,32,10,509387.21,3,4,5,12,Medium Value
3850,8,7,199886.26,5,2,2,9,Low Value
3851,97,9,227854.94,1,3,3,7,Low Value
3852,4,7,119843.86,5,2,1,8,Low Value
3853,21,7,221274.67,4,2,2,8,Low Value
3854,8,9,221687.53,5,3,2,10,Medium Value
3855,18,13,397753.17,4,5,5,14,High Value
3856,13,5,149022.54,4,1,1,6,At Risk
3857,5,10,228072.54,5,4,3,12,Medium Value
3858,8,9,239565.96000000002,5,3,3,11,Medium Value
3859,12,9,277598.7,4,3,3,10,Medium Value
3860,0,14,353239.89,5,5,4,14,High Value
3861,29,7,233094.40999999997,3,2,3,8,Low Value
3862,63,12,368831.57,2,5,4,11,Medium Value
3863,28,11,418010.34,3,5,5,13,High Value
3864,1,9,309619.07,5,3,4,12,Medium Value
3865,4,5,271000.52,5,1,3,9,Low Value
3866,10,11,380462.5,4,5,5,14,High Value
3867,12,10,219829.73,4,4,2,10,Medium Value
3868,13,6,87836.18,4,1,1,6,At Risk
3869,34,10,409008.12,3,4,5,12,Medium Value
3870,4,5,99919.56,5,1,1,7,Low Value
3871,136,5,181328.49,1,1,2,4,At Risk
3872,74,5,194297.74,1,1,2,4,At Risk
3873,104,11,381328.82,1,5,5,11,Medium Value
3874,46,15,505150.17,2,5,5,12,Medium Value
3875,75,6,125893.98,1,1,1,3,At Risk
3876,36,8,217328.35,3,3,2,8,Low Value
3877,11,7,244726.26,4,2,3,9,Low Value
3878,3,10,272470.81,5,4,3,12,Medium Value
3879,26,16,596596.21,3,5,5,13,High Value
3880,57,11,384016.55,2,5,5,12,Medium Value
3881,184,8,233652.82,1,3,3,7,Low Value
3882,98,5,329246.67000000004,1,1,4,6,At Risk
3883,18,8,423522.82,4,3,5,12,Medium Value
3884,79,9,392903.5,1,3,5,9,Low Value
3885,72,15,362418.12,1,5,4,10,Medium Value
3886,122,5,176221.08000000002,1,1,2,4,At Risk
3887,18,8,179956.08,4,3,2,9,Low Value
3888,32,8,331920.18,3,3,4,10,Medium Value
3889,29,6,463796.07,3,1,5,9,Low Value
3890,4,11,433553.91000000003,5,5,5,15,High Value
3891,46,11,280288.72,2,5,3,10,Medium Value
3892,118,7,142567.8,1,2,1,4,At Risk
3893,76,8,188033.41999999998,1,3,2,6,At Risk
3894,34,9,190426.26,3,3,2,8,Low Value
3895,0,9,270601.06,5,3,3,11,Medium Value
3896,35,11,283172.31,3,5,3,11,Medium Value
3897,23,6,119276.75,3,1,1,5,At Risk
3898,17,9,188373.76,4,3,2,9,Low Value
3899,5,7,263701.55,5,2,3,10,Medium Value
3900,22,6,176003.28999999998,4,1,2,7,Low Value
3901,217,3,291636.74,1,1,4,6,At Risk
3902,1,9,304065.7,5,3,4,12,Medium Value
3903,1,5,128683.94,5,1,1,7,Low Value
3904,49,6,162775.09,2,1,2,5,At Risk
3905,32,15,557935.27,3,5,5,13,High Value
3906,34,13,234336.65,3,5,3,11,Medium Value
3907,9,9,256078.18,5,3,3,11,Medium Value
3908,141,8,291867.1,1,3,4,8,Low Value
3909,98,7,250446.81,1,2,3,6,At Risk
3910,19,3,41236.07,4,1,1,6,At Risk
3911,57,8,203731.26,2,3,2,7,Low Value
3912,15,7,211875.97,4,2,2,8,Low Value
3913,22,9,193235.94,4,3,2,9,Low Value
3914,68,12,450210.51,2,5,5,12,Medium Value
3915,13,5,200744.31,4,1,2,7,Low Value
3916,35,3,103326.07,3,1,1,5,At Risk
3917,85,9,178796.72,1,3,2,6,At Risk
3918,2,12,459708.8,5,5,5,15,High Value
3919,4,5,71130.44,5,1,1,7,Low Value
3920,86,5,239772.34999999998,1,1,3,5,At Risk
3921,125,10,250448.65,1,4,3,8,Low Value
3922,51,8,143720.59,2,3,1,6,At Risk
3923,34,9,408778.14,3,3,5,11,Medium Value
3924,41,7,133499.63,2,2,1,5,At Risk
3925,83,7,251578.25,1,2,3,6,At Risk
3926,4,8,170073.62,5,3,2,10,Medium Value
3927,106,7,350224.57,1,2,4,7,Low Value
3928,139,6,178120.04,1,1,2,4,At Risk
3929,150,6,162715.76,1,1,2,4,At Risk
3930,0,9,339109.62,5,3,4,12,Medium Value
3931,2,12,475126.35,5,5,5,15,High Value
3932,34,7,235505.24,3,2,3,8,Low Value
3933,65,8,317910.33,2,3,4,9,Low Value
3934,11,9,287066.98,4,3,3,10,Medium Value
3935,67,6,372775.7,2,2,5,9,Low Value
3936,46,12,275951.39,2,5,3,10,Medium Value
3937,156,6,177845.63,1,2,2,5,At Risk
3938,6,8,309094.09,5,3,4,12,Medium Value
3939,30,8,308144.76,3,3,4,10,Medium Value
3940,32,6,278355.89,3,2,3,8,Low Value
3941,14,7,376148.6,4,2,5,11,Medium Value
3942,45,13,248167.40999999997,2,5,3,10,Medium Value
3943,15,11,431921.68,4,5,5,14,High Value
3944,56,15,506007.51,2,5,5,12,Medium Value
3945,42,8,229998.72999999998,2,3,3,8,Low Value
3946,94,6,315485.57999999996,1,2,4,7,Low Value
3947,294,2,21571.68,1,1,1,3,At Risk
3948,83,8,282718.02,1,3,3,7,Low Value
3949,54,4,23359.28,2,1,1,4,At Risk
3950,101,5,190986.5,1,1,2,4,At Risk
3951,3,7,162005.82,5,2,2,9,Low Value
3952,18,7,169502.65,4,2,2,8,Low Value
3953,57,4,154320.98,2,1,1,4,At Risk
3954,8,12,504794.91,5,5,5,15,High Value
3955,17,11,320842.11,4,5,4,13,High Value
3956,45,6,85895.54,2,2,1,5,At Risk
3957,69,5,129690.1,2,1,1,4,At Risk
3958,1,11,351774.13,5,5,4,14,High Value
3959,21,6,309520.5,4,2,4,10,Medium Value
3960,130,10,352577.17,1,4,4,9,Low Value
3961,16,6,193978.81,4,2,2,8,Low Value
3962,22,13,447972.01,4,5,5,14,High Value
3963,106,6,120697.86000000002,1,2,1,4,At Risk
3964,78,7,210044.91,1,2,2,5,At Risk
3965,14,8,476424.42000000004,4,3,5,12,Medium Value
3966,15,8,267108.3,4,3,3,10,Medium Value
3967,13,11,408324.83,4,5,5,14,High Value
3968,69,11,494174.64999999997,2,5,5,12,Medium Value
3969,9,10,411875.09,5,4,5,14,High Value
3970,10,6,178349.59,4,2,2,8,Low Value
3971,28,10,278445.09,3,4,3,10,Medium Value
3972,5,5,166507.06,5,1,2,8,Low Value
3973,22,10,548758.87,4,4,5,13,High Value
3974,27,10,213819.91999999998,3,4,2,9,Low Value
3975,111,6,135359.63999999998,1,2,1,4,At Risk
3976,28,6,81510.76,3,2,1,6,At Risk
3977,4,10,231382.95,5,4,3,12,Medium Value
3978,5,6,96180.11000000002,5,2,1,8,Low Value
3979,23,6,115416.8,3,2,1,6,At Risk
3980,77,9,356687.11,1,3,4,8,Low Value
3981,66,8,431130.86,2,3,5,10,Medium Value
3982,2,10,287661.13,5,4,3,12,Medium Value
3983,38,7,281677.81,3,2,3,8,Low Value
3984,70,6,227189.59,2,2,3,7,Low Value
3985,10,9,306345.61,4,3,4,11,Medium Value
3986,11,9,393120.3,4,3,5,12,Medium Value
3987,38,5,272609.28,3,1,3,7,Low Value
3988,36,9,241680.53999999998,3,3,3,9,Low Value
3989,3,7,337653.05,5,2,4,11,Medium Value
3990,30,12,349563.68,3,5,4,12,Medium Value
3991,9,7,287178.58,5,2,3,10,Medium Value
3992,51,5,177684.04,2,1,2,5,At Risk
3993,4,11,320889.61,5,5,4,14,High Value
3994,26,11,545149.64,3,5,5,13,High Value
3995,26,9,465606.65,3,3,5,11,Medium Value
3996,0,8,217499.44,5,3,2,10,Medium Value
3997,1,5,113820.98,5,1,1,7,Low Value
3998,47,7,216466.07,2,2,2,6,At Risk
3999,58,7,160919.41,2,2,1,5,At Risk
4000,47,8,247428.38,2,3,3,8,Low Value
4001,125,7,148885.36000000002,1,2,1,4,At Risk
4002,7,8,386500.5,5,3,5,13,High Value
4003,12,3,156669.82,4,1,1,6,At Risk
4004,57,1,30697.18,2,1,1,4,At Risk
4005,54,13,440022.52999999997,2,5,5,12,Medium Value
4006,23,12,495547.31,3,5,5,13,High Value
4007,15,8,214814.41,4,3,2,9,Low Value
4008,25,12,418353.99,3,5,5,13,High Value
4009,103,6,233383.31,1,2,3,6,At Risk
4010,79,8,174466.69,1,3,2,6,At Risk
4011,23,10,396752.51999999996,3,4,5,12,Medium Value
4012,17,10,412819.48,4,4,5,13,High Value
4013,9,8,260412.69,5,3,3,11,Medium Value
4014,64,9,150537.11000000002,2,3,1,6,At Risk
4015,25,12,360026.85000000003,3,5,4,12,Medium Value
4016,27,4,57069.259999999995,3,1,1,5,At Risk
4017,23,9,244401.22,3,3,3,9,Low Value
4018,138,5,143155.97999999998,1,1,1,3,At Risk
4019,5,12,523898.99,5,5,5,15,High Value
4020,9,6,230352.73,5,2,3,10,Medium Value
4021,11,10,330642.6,4,4,4,12,Medium Value
4022,5,7,144721.36000000002,5,2,1,8,Low Value
4023,49,5,79705.8,2,1,1,4,At Risk
4024,26,8,195933.61,3,3,2,8,Low Value
4025,39,3,70212.5,3,1,1,5,At Risk
4026,17,6,173000.06,4,2,2,8,Low Value
4027,50,9,191799.0,2,3,2,7,Low Value
4028,9,13,607054.4,5,5,5,15,High Value
4029,41,7,171120.23,2,2,2,6,At Risk
4030,29,10,315583.82,3,4,4,11,Medium Value
4031,123,8,235057.38,1,3,3,7,Low Value
4032,93,7,268491.93,1,2,3,6,At Risk
4033,61,7,231327.47999999998,2,2,3,7,Low Value
4034,21,11,242968.43,4,5,3,12,Medium Value
4035,64,8,192553.9,2,3,2,7,Low Value
4036,33,12,487101.48,3,5,5,13,High Value
4037,11,7,141060.46,4,2,1,7,Low Value
4038,51,6,147510.71,2,2,1,5,At Risk
4039,99,8,407324.32,1,3,5,9,Low Value
4040,0,7,253469.46000000002,5,2,3,10,Medium Value
4041,23,10,271278.64,3,4,3,10,Medium Value
4042,82,9,266041.9,1,3,3,7,Low Value
4043,80,8,167389.36000000002,1,3,2,6,At Risk
4044,19,8,260205.63,4,3,3,10,Medium Value
4045,21,12,283385.84,4,5,3,12,Medium Value
4046,11,7,183567.43,4,2,2,8,Low Value
4047,18,6,257966.91000000003,4,2,3,9,Low Value
4048,8,10,531565.71,5,4,5,14,High Value
4049,77,9,297790.49,1,3,4,8,Low Value
4050,21,11,325810.76,4,5,4,13,High Value
4051,54,5,147502.12,2,1,1,4,At Risk
4052,11,7,104454.89,4,2,1,7,Low Value
4053,15,8,272657.48,4,3,3,10,Medium Value
4054,158,3,112568.58,1,1,1,3,At Risk
4055,71,8,193758.58,2,3,2,7,Low Value
4056,9,14,283971.74,5,5,3,13,High Value
4057,32,5,109663.88,3,1,1,5,At Risk
4058,1,5,119630.64,5,1,1,7,Low Value
4059,14,9,391696.54,4,3,5,12,Medium Value
4060,93,5,125524.02,1,1,1,3,At Risk
4061,2,10,238352.41999999998,5,4,3,12,Medium Value
4062,60,8,381289.19,2,3,5,10,Medium Value
4063,16,8,168277.58000000002,4,3,2,9,Low Value
4064,18,8,252298.21999999997,4,3,3,10,Medium Value
4065,33,10,275599.36,3,4,3,10,Medium Value
4066,21,7,160243.41999999998,4,2,1,7,Low Value
4067,0,11,448567.73,5,5,5,15,High Value
4068,22,9,359817.5,4,3,4,11,Medium Value
4069,117,6,131937.58,1,2,1,4,At Risk
4070,121,9,163458.31,1,3,2,6,At Risk
4071,98,8,232764.14,1,3,3,7,Low Value
4072,10,13,350950.49,4,5,4,13,High Value
4073,7,13,258424.28,5,5,3,13,High Value
4074,39,8,319240.9,3,3,4,10,Medium Value
4075,57,10,266635.24,2,4,3,9,Low Value
4076,3,4,115029.52,5,1,1,7,Low Value
4077,3,7,194273.19999999998,5,2,2,9,Low Value
4078,36,8,244595.35,3,3,3,9,Low Value
4079,4,10,290769.58999999997,5,4,4,13,High Value
4080,79,10,183900.37,1,4,2,7,Low Value
4081,5,10,253082.82,5,4,3,12,Medium Value
4082,4,5,73780.31999999999,5,1,1,7,Low Value
4083,89,6,200383.75,1,2,2,5,At Risk
4084,193,3,134081.04,1,1,1,3,At Risk
4085,46,8,400010.38,2,3,5,10,Medium Value
4086,37,11,293851.14,3,5,4,12,Medium Value
4087,9,12,420396.07,5,5,5,15,High Value
4088,75,6,178984.65000000002,1,2,2,5,At Risk
4089,92,6,162128.27,1,2,2,5,At Risk
4090,43,13,381813.0,2,5,5,12,Medium Value
4091,37,8,206798.03,3,3,2,8,Low Value
4092,38,6,380588.99,3,2,5,10,Medium Value
4093,6,5,55660.15,5,1,1,7,Low Value
4094,22,6,206354.47,4,2,2,8,Low Value
4095,27,9,342557.64999999997,3,3,4,10,Medium Value
4096,87,8,177299.65,1,3,2,6,At Risk
4097,147,5,209812.73,1,1,2,4,At Risk
4098,1,11,593481.5,5,5,5,15,High Value
4099,10,7,81051.42,4,2,1,7,Low Value
4100,12,12,580871.91,4,5,5,14,High Value
4101,28,9,222682.82,3,3,2,8,Low Value
4102,72,4,33800.24,1,1,1,3,At Risk
4103,35,10,411598.56,3,4,5,12,Medium Value
4104,2,5,208354.11000000002,5,1,2,8,Low Value
4105,9,10,281437.4,5,4,3,12,Medium Value
4106,51,3,76119.14,2,1,1,4,At Risk
4107,15,8,182861.31,4,3,2,9,Low Value
4108,131,6,138422.12,1,2,1,4,At Risk
4109,68,11,291611.26,2,5,4,11,Medium Value
4110,2,4,70827.69,5,1,1,7,Low Value
4111,15,6,283182.53,4,2,3,9,Low Value
4112,4,12,366354.92,5,5,4,14,High Value
4113,57,6,90243.29000000001,2,2,1,5,At Risk
4114,163,9,271458.09,1,3,3,7,Low Value
4115,35,10,462205.1,3,4,5,12,Medium Value
4116,14,10,228206.63,4,4,3,11,Medium Value
4117,16,6,290607.67,4,2,4,10,Medium Value
4118,20,8,234196.75,4,3,3,10,Medium Value
4119,53,5,241537.22999999998,2,1,3,6,At Risk
4120,21,11,365178.97,4,5,4,13,High Value
4121,105,9,395667.79,1,3,5,9,Low Value
4122,98,5,156014.89,1,1,1,3,At Risk
4123,25,13,467136.89,3,5,5,13,High Value
4124,20,8,374727.91000000003,4,3,5,12,Medium Value
4125,144,2,108780.23000000001,1,1,1,3,At Risk
4126,13,11,554611.47,4,5,5,14,High Value
4127,4,10,305048.2,5,4,4,13,High Value
4128,193,3,62864.990000000005,1,1,1,3,At Risk
4129,16,9,268215.89,4,3,3,10,Medium Value
4130,35,3,62276.54,3,1,1,5,At Risk
4131,26,5,101236.92,3,1,1,5,At Risk
4132,65,5,149626.95,2,1,1,4,At Risk
4133,51,11,423170.55,2,5,5,12,Medium Value
4134,41,6,209669.03999999998,2,2,2,6,At Risk
4135,4,9,234333.44,5,3,3,11,Medium Value
4136,8,6,153812.46,5,2,1,8,Low Value
4137,6,8,181525.47999999998,5,3,2,10,Medium Value
4138,97,5,129361.24,1,1,1,3,At Risk
4139,16,10,279500.74,4,4,3,11,Medium Value
4140,4,9,341758.04,5,3,4,12,Medium Value
4141,78,8,147888.63,1,3,1,5,At Risk
4142,3,10,281277.42,5,4,3,12,Medium Value
4143,105,7,133640.0,1,2,1,4,At Risk
4144,168,6,92977.22,1,2,1,4,At Risk
4145,29,7,193259.09999999998,3,2,2,7,Low Value
4146,28,10,265184.54000000004,3,4,3,10,Medium Value
4147,79,10,263487.56,1,4,3,8,Low Value
4148,17,12,314864.72000000003,4,5,4,13,High Value
4149,62,11,413407.85,2,5,5,12,Medium Value
4150,74,10,339648.39,1,4,4,9,Low Value
4151,85,6,153591.02000000002,1,2,1,4,At Risk
4152,7,6,131202.08,5,2,1,8,Low Value
4153,28,11,336384.09,3,5,4,12,Medium Value
4154,1,9,330129.77999999997,5,3,4,12,Medium Value
4155,55,8,171265.55,2,3,2,7,Low Value
4156,38,8,529652.5700000001,3,3,5,11,Medium Value
4157,19,8,348277.6,4,3,4,11,Medium Value
4158,14,7,108024.20000000001,4,2,1,7,Low Value
4159,0,8,397206.08,5,3,5,13,High Value
4160,72,7,194194.0,1,2,2,5,At Risk
4161,2,13,626613.29,5,5,5,15,High Value
4162,24,6,186178.81,3,2,2,7,Low Value
4163,37,3,32092.600000000002,3,1,1,5,At Risk
4164,16,12,308821.91000000003,4,5,4,13,High Value
4165,21,14,425723.85,4,5,5,14,High Value
4166,29,12,322482.13,3,5,4,12,Medium Value
4167,21,7,279811.36,4,2,3,9,Low Value
4168,70,4,146079.93,2,1,1,4,At Risk
4169,26,5,181302.88,3,1,2,6,At Risk
4170,29,10,436356.60000000003,3,4,5,12,Medium Value
4171,2,9,294838.34,5,3,4,12,Medium Value
4172,61,5,261366.9,2,1,3,6,At Risk
4173,12,6,272504.91000000003,4,2,3,9,Low Value
4174,17,7,167325.1,4,2,2,8,Low Value
4175,38,8,193307.94,3,3,2,8,Low Value
4176,5,11,422958.04,5,5,5,15,High Value
4177,6,7,195253.69,5,2,2,9,Low Value
4178,40,10,235348.7,3,4,3,10,Medium Value
4179,49,8,162266.62,2,3,2,7,Low Value
4180,33,14,490215.57,3,5,5,13,High Value
4181,55,5,211054.11000000002,2,1,2,5,At Risk
4182,8,15,647778.37,5,5,5,15,High Value
4183,42,7,145575.17,2,2,1,5,At Risk
4184,99,7,307325.15,1,2,4,7,Low Value
4185,15,8,283123.71,4,3,3,10,Medium Value
4186,26,8,298957.96,3,3,4,10,Medium Value
4187,20,11,375155.09,4,5,5,14,High Value
4188,85,9,307539.08,1,3,4,8,Low Value
4189,9,3,79663.26000000001,5,1,1,7,Low Value
4190,43,4,160935.35,2,1,1,4,At Risk
4191,43,6,151534.75,2,2,1,5,At Risk
4192,70,13,407834.01,2,5,5,12,Medium Value
4193,18,11,326362.04,4,5,4,13,High Value
4194,10,8,108943.45,4,3,1,8,Low Value
4195,120,2,15065.869999999999,1,1,1,3,At Risk
4196,59,5,292843.31,2,1,4,7,Low Value
4197,68,6,149008.5,2,2,1,5,At Risk
4198,5,9,166503.75,5,3,2,10,Medium Value
4199,27,12,278098.71,3,5,3,11,Medium Value
4200,57,7,283734.1,2,2,3,7,Low Value
4201,10,7,135701.04,4,2,1,7,Low Value
4202,32,11,662202.4,3,5,5,13,High Value
4203,20,5,122641.56,4,1,1,6,At Risk
4204,4,10,193353.36,5,4,2,11,Medium Value
4205,22,5,61160.67,4,1,1,6,At Risk
4206,14,10,230113.66,4,4,3,11,Medium Value
4207,86,9,314065.69,1,3,4,8,Low Value
4208,63,11,427517.6,2,5,5,12,Medium Value
4209,94,7,211277.09,1,2,2,5,At Risk
4210,25,13,490080.41,3,5,5,13,High Value
4211,152,6,107131.99,1,2,1,4,At Risk
4212,16,11,580714.54,4,5,5,14,High Value
4213,4,10,524875.0,5,4,5,14,High Value
4214,16,10,221968.12,4,4,2,10,Medium Value
4215,1,4,130913.2,5,1,1,7,Low Value
4216,110,8,234384.03000000003,1,3,3,7,Low Value
4217,12,9,260331.44,4,3,3,10,Medium Value
4218,9,12,397509.52999999997,5,5,5,15,High Value
4219,4,7,155108.24,5,2,1,8,Low Value
4220,33,8,355257.82,3,3,4,10,Medium Value
4221,50,13,579046.36,2,5,5,12,Medium Value
4222,1,4,150166.32,5,1,1,7,Low Value
4223,119,8,332342.55,1,3,4,8,Low Value
4224,18,8,190049.22,4,3,2,9,Low Value
4225,44,4,223420.36000000002,2,1,2,5,At Risk
4226,6,6,285166.75,5,2,3,10,Medium Value
4227,97,5,278111.2,1,1,3,5,At Risk
4228,42,8,386661.82,2,3,5,10,Medium Value
4229,75,7,357573.58,1,2,4,7,Low Value
4230,23,6,147012.01,3,2,1,6,At Risk
4231,52,6,128323.51999999999,2,2,1,5,At Risk
4232,43,11,415073.1,2,5,5,12,Medium Value
4233,43,3,83083.82,2,1,1,4,At Risk
4234,41,7,118092.95,2,2,1,5,At Risk
4235,125,4,188556.9,1,1,2,4,At Risk
4236,38,9,542767.41,3,3,5,11,Medium Value
4237,8,17,494159.66000000003,5,5,5,15,High Value
4238,37,13,501355.51,3,5,5,13,High Value
4239,80,14,369659.91,1,5,5,11,Medium Value
4240,76,7,196276.72,1,2,2,5,At Risk
4241,39,7,171838.67,3,2,2,7,Low Value
4242,48,9,198082.16999999998,2,3,2,7,Low Value
4243,83,9,138247.32,1,3,1,5,At Risk
4244,30,7,305501.43,3,2,4,9,Low Value
4245,4,10,432087.16000000003,5,4,5,14,High Value
4246,3,10,261785.16999999998,5,4,3,12,Medium Value
4247,25,14,631356.11,3,5,5,13,High Value
4248,7,9,303307.5,5,3,4,12,Medium Value
4249,11,9,182961.62,4,3,2,9,Low Value
4250,51,10,232007.22,2,4,3,9,Low Value
4251,10,6,140207.85,4,2,1,7,Low Value
4252,69,10,355941.09,2,4,4,10,Medium Value
4253,33,14,357106.18,3,5,4,12,Medium Value
4254,131,7,197293.86,1,2,2,5,At Risk
4255,7,9,180800.78,5,3,2,10,Medium Value
4256,78,8,443106.87,1,3,5,9,Low Value
4257,75,6,62102.58,1,2,1,4,At Risk
4258,61,9,432845.74,2,3,5,10,Medium Value
4259,36,11,483735.95999999996,3,5,5,13,High Value
4260,28,11,401604.43,3,5,5,13,High Value
4261,58,5,182132.05,2,1,2,5,At Risk
4262,13,9,265956.59,4,3,3,10,Medium Value
4263,21,5,135426.63,4,1,1,6,At Risk
4264,62,6,180003.57,2,2,2,6,At Risk
4265,12,16,454485.67,4,5,5,14,High Value
4266,91,5,89456.55,1,1,1,3,At Risk
4267,48,11,241588.5,2,5,3,10,Medium Value
4268,34,16,662013.65,3,5,5,13,High Value
4269,73,10,157461.53,1,4,1,6,At Risk
4270,23,12,530199.65,3,5,5,13,High Value
4271,0,4,151723.39,5,1,1,7,Low Value
4272,0,6,186430.03,5,2,2,9,Low Value
4273,21,4,115407.81,4,1,1,6,At Risk
4274,7,11,282721.56,5,5,3,13,High Value
4275,74,12,451887.92000000004,1,5,5,11,Medium Value
4276,29,8,307406.68,3,3,4,10,Medium Value
4277,4,12,429826.73,5,5,5,15,High Value
4278,7,6,291315.88,5,2,4,11,Medium Value
4279,1,10,304082.66,5,4,4,13,High Value
4280,39,9,224645.44,3,3,2,8,Low Value
4281,3,5,107793.31,5,1,1,7,Low Value
4282,66,7,234733.74,2,2,3,7,Low Value
4283,55,9,264877.65,2,3,3,8,Low Value
4284,32,7,195053.97,3,2,2,7,Low Value
4285,11,10,413999.37,4,4,5,13,High Value
4286,24,9,291133.62,3,3,4,10,Medium Value
4287,165,3,157569.02,1,1,1,3,At Risk
4288,131,8,217122.75,1,3,2,6,At Risk
4289,54,9,274319.95,2,3,3,8,Low Value
4290,39,8,195813.26,3,3,2,8,Low Value
4291,6,8,167791.77,5,3,2,10,Medium Value
4292,2,7,209008.37,5,2,2,9,Low Value
4293,27,11,377272.52,3,5,5,13,High Value
4294,31,8,262542.47,3,3,3,9,Low Value
4295,35,13,586861.72,3,5,5,13,High Value
4296,45,12,367775.3,2,5,4,11,Medium Value
4297,4,11,498834.49,5,5,5,15,High Value
4298,9,12,416210.7,5,5,5,15,High Value
4299,191,5,110959.12,1,1,1,3,At Risk
4300,33,7,218802.81,3,2,2,7,Low Value
4301,55,6,209117.8,2,2,2,6,At Risk
4302,4,12,245712.69,5,5,3,13,High Value
4303,44,4,174997.75,2,1,2,5,At Risk
4304,34,7,233731.87,3,2,3,8,Low Value
4305,7,5,169578.87,5,1,2,8,Low Value
4306,4,9,415347.58,5,3,5,13,High Value
4307,22,11,331371.36,4,5,4,13,High Value
4308,3,4,90053.26000000001,5,1,1,7,Low Value
4309,10,11,349312.54,4,5,4,13,High Value
4310,44,6,191673.7,2,2,2,6,At Risk
4311,22,11,425513.42,4,5,5,14,High Value
4312,6,13,573867.76,5,5,5,15,High Value
4313,27,7,235687.22,3,2,3,8,Low Value
4314,67,6,144821.97,2,2,1,5,At Risk
4315,23,12,316256.02999999997,3,5,4,12,Medium Value
4316,21,11,413263.77,4,5,5,14,High Value
4317,40,12,413633.56,3,5,5,13,High Value
4318,30,6,275154.16000000003,3,2,3,8,Low Value
4319,5,12,377609.99,5,5,5,15,High Value
4320,54,11,358704.61,2,5,4,11,Medium Value
4321,57,7,221918.93,2,2,2,6,At Risk
4322,177,6,133419.6,1,2,1,4,At Risk
4323,4,10,316350.71,5,4,4,13,High Value
4324,53,8,383186.75,2,3,5,10,Medium Value
4325,35,12,328317.56,3,5,4,12,Medium Value
4326,34,7,183372.19,3,2,2,7,Low Value
4327,0,9,404952.91,5,3,5,13,High Value
4328,31,11,145176.29,3,5,1,9,Low Value
4329,12,11,508251.38,4,5,5,14,High Value
4330,5,6,127296.51999999999,5,2,1,8,Low Value
4331,46,9,332300.55,2,3,4,9,Low Value
4332,19,6,181768.64,4,2,2,8,Low Value
4333,3,10,191762.81,5,4,2,11,Medium Value
4334,25,11,320008.69,3,5,4,12,Medium Value
4335,45,18,744488.8300000001,2,5,5,12,Medium Value
4336,5,6,198422.25,5,2,2,9,Low Value
4337,12,14,268890.24,4,5,3,12,Medium Value
4338,23,9,335776.25,3,3,4,10,Medium Value
4339,140,4,173320.48,1,1,2,4,At Risk
4340,41,9,184962.93,2,3,2,7,Low Value
4341,65,5,299561.39,2,1,4,7,Low Value
4342,18,9,218397.28,4,3,2,9,Low Value
4343,0,11,260960.77,5,5,3,13,High Value
4344,42,14,390909.21,2,5,5,12,Medium Value
4345,92,2,104061.99,1,1,1,3,At Risk
4346,41,10,288506.27,2,4,3,9,Low Value
4347,10,7,185590.38999999998,4,2,2,8,Low Value
4348,20,11,365432.27999999997,4,5,4,13,High Value
4349,59,6,162511.18,2,2,2,6,At Risk
4350,7,3,134075.53,5,1,1,7,Low Value
4351,25,8,263528.23,3,3,3,9,Low Value
4352,4,13,389171.25,5,5,5,15,High Value
4353,8,11,339181.78,5,5,4,14,High Value
4354,0,5,91815.87,5,1,1,7,Low Value
4355,126,9,214078.94,1,3,2,6,At Risk
4356,20,5,82237.52,4,1,1,6,At Risk
4357,16,8,190865.52,4,3,2,9,Low Value
4358,4,8,211837.17,5,3,2,10,Medium Value
4359,31,7,330721.95999999996,3,2,4,9,Low Value
4360,7,7,155353.07,5,2,1,8,Low Value
4361,65,5,152205.22,2,1,1,4,At Risk
4362,63,8,153159.7,2,3,1,6,At Risk
4363,32,7,293203.17,3,2,4,9,Low Value
4364,13,7,287228.77,4,2,3,9,Low Value
4365,18,13,463981.85,4,5,5,14,High Value
4366,14,8,367231.97,4,3,4,11,Medium Value
4367,17,8,273078.13,4,3,3,10,Medium Value
4368,0,7,209194.35,5,2,2,9,Low Value
4369,59,8,289334.23,2,3,4,9,Low Value
4370,8,8,396732.56,5,3,5,13,High Value
4371,10,8,214928.46,4,3,2,9,Low Value
4372,1,10,382454.5,5,4,5,14,High Value
4373,3,4,158896.5,5,1,1,7,Low Value
4374,70,12,307371.97000000003,2,5,4,11,Medium Value
4375,102,6,321914.96,1,2,4,7,Low Value
4376,17,12,314269.24,4,5,4,13,High Value
4377,9,8,162133.55,5,3,2,10,Medium Value
4378,5,14,467603.33999999997,5,5,5,15,High Value
4379,12,9,405350.83999999997,4,3,5,12,Medium Value
4380,25,6,207396.38,3,2,2,7,Low Value
4381,93,6,363605.62,1,2,4,7,Low Value
4382,35,8,338007.3,3,3,4,10,Medium Value
4383,37,9,164564.78,3,3,2,8,Low Value
4384,83,4,171734.81000000003,1,1,2,4,At Risk
4385,14,7,167393.81,4,2,2,8,Low Value
4386,32,5,263870.42,3,1,3,7,Low Value
4387,7,9,161315.12,5,3,1,9,Low Value
4388,309,2,32885.35,1,1,1,3,At Risk
4389,12,9,365162.55,4,3,4,11,Medium Value
4390,40,7,248094.44,3,2,3,8,Low Value
4391,81,7,266339.69,1,2,3,6,At Risk
4392,53,8,213005.32,2,3,2,7,Low Value
4393,6,6,96193.52,5,2,1,8,Low Value
4394,13,12,389985.54,4,5,5,14,High Value
4395,0,11,508668.16,5,5,5,15,High Value
4396,152,7,268929.85000000003,1,2,3,6,At Risk
4397,5,11,276085.07,5,5,3,13,High Value
4398,41,7,121542.61,2,2,1,5,At Risk
4399,20,8,288569.8,4,3,3,10,Medium Value
4400,35,9,268972.2,3,3,3,9,Low Value
4401,29,9,183077.12,3,3,2,8,Low Value
4402,1,8,99000.08,5,3,1,9,Low Value
4403,14,9,187762.21,4,3,2,9,Low Value
4404,34,5,188069.59000000003,3,1,2,6,At Risk
4405,33,5,223673.46000000002,3,1,2,6,At Risk
4406,14,6,134917.98,4,2,1,7,Low Value
4407,85,6,190590.7,1,2,2,5,At Risk
4408,40,8,212541.21,3,3,2,8,Low Value
4409,8,12,212321.8,5,5,2,12,Medium Value
4410,1,9,355792.54,5,3,4,12,Medium Value
4411,33,8,146816.36,3,3,1,7,Low Value
4412,5,11,231259.53,5,5,3,13,High Value
4413,167,5,72120.79000000001,1,1,1,3,At Risk
4414,68,7,101403.14,2,2,1,5,At Risk
4415,28,6,112070.92000000001,3,2,1,6,At Risk
4416,65,4,157805.14,2,1,1,4,At Risk
4417,28,10,553078.04,3,4,5,12,Medium Value
4418,29,3,108137.79000000001,3,1,1,5,At Risk
4419,182,2,49458.92,1,1,1,3,At Risk
4420,9,10,357782.47,5,4,4,13,High Value
4421,83,10,266141.68,1,4,3,8,Low Value
4422,41,7,160362.52000000002,2,2,1,5,At Risk
4423,7,9,423468.15,5,3,5,13,High Value
4424,346,2,25935.83,1,1,1,3,At Risk
4425,19,7,163098.76,4,2,2,8,Low Value
4426,105,5,101937.34,1,1,1,3,At Risk
4427,11,7,296955.12,4,2,4,10,Medium Value
4428,1,11,299525.75,5,5,4,14,High Value
4429,7,8,265022.74,5,3,3,11,Medium Value
4430,3,10,347544.42,5,4,4,13,High Value
4431,0,9,152450.77,5,3,1,9,Low Value
4432,19,12,454362.38,4,5,5,14,High Value
4433,111,14,412449.06,1,5,5,11,Medium Value
4434,33,12,320636.45,3,5,4,12,Medium Value
4435,143,5,103344.41,1,1,1,3,At Risk
4436,87,4,98051.37,1,1,1,3,At Risk
4437,0,2,87550.17000000001,5,1,1,7,Low Value
4438,19,9,341198.07,4,3,4,11,Medium Value
4439,47,7,344199.02,2,2,4,8,Low Value
4440,44,13,565785.3200000001,2,5,5,12,Medium Value
4441,44,12,475965.38,2,5,5,12,Medium Value
4442,96,9,195346.38,1,3,2,6,At Risk
4443,10,16,512584.55,4,5,5,14,High Value
4444,7,10,490580.74,5,4,5,14,High Value
4446,150,5,195974.72,1,1,2,4,At Risk
4447,4,11,297631.92,5,5,4,14,High Value
4448,9,9,254291.1,5,3,3,11,Medium Value
4449,53,11,329111.82,2,5,4,11,Medium Value
4450,73,5,90501.97,1,1,1,3,At Risk
4451,24,8,212345.09,3,3,2,8,Low Value
4452,18,4,104115.79999999999,4,1,1,6,At Risk
4453,13,6,169691.55,4,2,2,8,Low Value
4454,30,14,548905.66,3,5,5,13,High Value
4455,13,9,287734.23,4,3,3,10,Medium Value
4456,54,11,247706.72,2,5,3,10,Medium Value
4457,13,8,311027.87,4,3,4,11,Medium Value
4458,0,8,273809.56,5,3,3,11,Medium Value
4459,16,8,258012.5,4,3,3,10,Medium Value
4460,11,10,246728.57,4,4,3,11,Medium Value
4461,45,4,108576.75,2,1,1,4,At Risk
4462,63,7,79323.33,2,2,1,5,At Risk
4463,70,5,160567.9,2,1,1,4,At Risk
4464,62,9,294245.86,2,3,4,9,Low Value
4465,91,9,232826.31,1,3,3,7,Low Value
4466,36,5,186897.26,3,1,2,6,At Risk
4467,55,10,552425.1,2,4,5,11,Medium Value
4468,7,6,148378.31,5,2,1,8,Low Value
4469,7,9,365012.36,5,3,4,12,Medium Value
4470,11,9,246357.94,4,3,3,10,Medium Value
4471,76,10,294721.53,1,4,4,9,Low Value
4472,72,9,338575.77,1,3,4,8,Low Value
4473,300,2,37832.95,1,1,1,3,At Risk
4474,213,5,117321.32,1,1,1,3,At Risk
4475,8,14,604504.9,5,5,5,15,High Value
4476,31,10,430617.89,3,4,5,12,Medium Value
4477,6,7,67641.36,5,2,1,8,Low Value
4478,19,6,122093.09,4,2,1,7,Low Value
4479,8,9,256461.49,5,3,3,11,Medium Value
4480,37,5,157343.98,3,1,1,5,At Risk
4481,13,12,706140.33,4,5,5,14,High Value
4482,8,7,397315.64,5,2,5,12,Medium Value
4483,59,14,487579.91,2,5,5,12,Medium Value
4484,125,6,325615.95999999996,1,2,4,7,Low Value
4485,35,8,344141.31,3,3,4,10,Medium Value
4486,80,7,362822.49,1,2,4,7,Low Value
4487,35,8,198689.62,3,3,2,8,Low Value
4488,87,6,105642.23000000001,1,2,1,4,At Risk
4489,167,6,126314.61000000002,1,2,1,4,At Risk
4490,8,13,307540.97,5,5,4,14,High Value
4491,1,8,400919.35,5,3,5,13,High Value
4492,3,7,111586.58,5,2,1,8,Low Value
4493,13,12,493054.41000000003,4,5,5,14,High Value
4494,26,6,231199.68000000002,3,2,3,8,Low Value
4495,59,13,460006.83999999997,2,5,5,12,Medium Value
4496,32,8,294079.55,3,3,4,10,Medium Value
4497,8,10,184677.07,5,4,2,11,Medium Value
4498,18,13,267109.93,4,5,3,12,Medium Value
4499,53,3,122533.05,2,1,1,4,At Risk
4500,32,8,246824.71,3,3,3,9,Low Value
4501,24,5,216188.59,3,1,2,6,At Risk
4502,119,4,141521.38999999998,1,1,1,3,At Risk
4503,18,8,285964.75,4,3,3,10,Medium Value
4504,51,8,222903.5,2,3,2,7,Low Value
4505,20,7,280616.72000000003,4,2,3,9,Low Value
4506,17,14,632204.93,4,5,5,14,High Value
4507,42,7,201881.68,2,2,2,6,At Risk
4508,5,7,293138.0,5,2,4,11,Medium Value
4509,14,12,361157.62,4,5,4,13,High Value
4510,9,13,448719.19,5,5,5,15,High Value
4511,127,5,134684.08000000002,1,1,1,3,At Risk
4512,12,12,345432.87,4,5,4,13,High Value
4513,32,12,319728.20999999996,3,5,4,12,Medium Value
4514,31,7,133480.7,3,2,1,6,At Risk
4515,159,5,140229.73,1,1,1,3,At Risk
4516,41,5,124381.5,2,1,1,4,At Risk
4517,37,5,122649.52,3,1,1,5,At Risk
4518,11,8,135457.02,4,3,1,8,Low Value
4519,93,7,355401.14999999997,1,2,4,7,Low Value
4520,14,12,414564.37,4,5,5,14,High Value
4521,12,13,451361.01,4,5,5,14,High Value
4522,15,11,367380.51,4,5,4,13,High Value
4523,37,7,294757.46,3,2,4,9,Low Value
4524,39,5,230506.53999999998,3,1,3,7,Low Value
4525,59,14,466777.56,2,5,5,12,Medium Value
4526,70,11,298205.07,2,5,4,11,Medium Value
4527,6,4,262368.14,5,1,3,9,Low Value
4528,3,8,214844.91,5,3,2,10,Medium Value
4529,5,6,105589.87,5,2,1,8,Low Value
4530,5,10,227179.92,5,4,3,12,Medium Value
4531,38,9,371589.01,3,3,5,11,Medium Value
4532,143,4,91013.23000000001,1,1,1,3,At Risk
4533,12,7,129231.59999999999,4,2,1,7,Low Value
4534,6,6,269563.55,5,2,3,10,Medium Value
4535,5,4,135978.49,5,1,1,7,Low Value
4536,139,4,242557.7,1,1,3,5,At Risk
4537,0,13,535009.83,5,5,5,15,High Value
4538,27,2,57277.2,3,1,1,5,At Risk
4539,152,5,175883.93,1,1,2,4,At Risk
4540,0,13,441012.87,5,5,5,15,High Value
4541,107,9,369030.97,1,3,4,8,Low Value
4542,23,10,205068.12,3,4,2,9,Low Value
4543,108,6,294215.53,1,2,4,7,Low Value
4544,90,7,235096.53,1,2,3,6,At Risk
4545,16,8,196235.6,4,3,2,9,Low Value
4546,199,4,73561.93,1,1,1,3,At Risk
4547,18,5,78304.75,4,1,1,6,At Risk
4548,60,6,243747.14,2,2,3,7,Low Value
4549,3,10,313621.65,5,4,4,13,High Value
4550,71,9,321770.88,2,3,4,9,Low Value
4551,6,7,241397.1,5,2,3,10,Medium Value
4552,27,11,402964.29000000004,3,5,5,13,High Value
4553,55,10,430698.7,2,4,5,11,Medium Value
4554,20,13,436375.33,4,5,5,14,High Value
4555,10,11,456615.93,4,5,5,14,High Value
4556,130,7,155275.16999999998,1,2,1,4,At Risk
4557,24,5,129932.92,3,1,1,5,At Risk
4558,11,7,255923.47,4,2,3,9,Low Value
4559,36,12,407192.77,3,5,5,13,High Value
4560,44,6,243785.67,2,2,3,7,Low Value
4561,148,7,213429.5,1,2,2,5,At Risk
4562,17,12,428747.87,4,5,5,14,High Value
4563,1,12,337613.02,5,5,4,14,High Value
4564,8,8,222900.32,5,3,2,10,Medium Value
4565,95,9,265847.37,1,3,3,7,Low Value
4566,1,10,317498.79,5,4,4,13,High Value
4567,6,14,541423.38,5,5,5,15,High Value
4568,33,10,286153.41000000003,3,4,3,10,Medium Value
4569,47,2,47503.259999999995,2,1,1,4,At Risk
4570,3,13,418263.35,5,5,5,15,High Value
4571,0,8,298719.05,5,3,4,12,Medium Value
4572,60,6,181631.12,2,2,2,6,At Risk
4573,84,8,239004.45,1,3,3,7,Low Value
4574,68,9,184787.67,2,3,2,7,Low Value
4575,1,13,337412.12,5,5,4,14,High Value
4576,59,6,270872.05,2,2,3,7,Low Value
4577,110,9,278466.89,1,3,3,7,Low Value
4578,190,4,158362.31,1,1,1,3,At Risk
4579,20,9,186761.15,4,3,2,9,Low Value
4580,35,12,324353.66,3,5,4,12,Medium Value
4581,59,12,424445.45999999996,2,5,5,12,Medium Value
4582,10,9,331537.48,4,3,4,11,Medium Value
4583,24,12,462526.96,3,5,5,13,High Value
4584,1,13,401649.24,5,5,5,15,High Value
4585,14,7,118249.81,4,2,1,7,Low Value
4586,26,8,234060.35,3,3,3,9,Low Value
4587,8,7,193335.58,5,2,2,9,Low Value
4588,56,4,116407.39,2,1,1,4,At Risk
4589,42,7,159527.9,2,2,1,5,At Risk
4590,10,10,316167.5,4,4,4,12,Medium Value
4591,33,7,225293.69,3,2,3,8,Low Value
4592,31,5,154881.38,3,1,1,5,At Risk
4593,119,7,220535.33,1,2,2,5,At Risk
4594,32,6,196445.17,3,2,2,7,Low Value
4595,25,4,102212.94,3,1,1,5,At Risk
4596,127,12,418815.08,1,5,5,11,Medium Value
4597,8,8,439699.25,5,3,5,13,High Value
4598,11,5,62354.479999999996,4,1,1,6,At Risk
4599,79,7,319297.69,1,2,4,7,Low Value
4600,8,10,482977.65,5,4,5,14,High Value
4601,23,13,603562.47,3,5,5,13,High Value
4602,0,9,450602.97,5,3,5,13,High Value
4603,24,4,71788.6,3,1,1,5,At Risk
4604,154,5,242342.52,1,1,3,5,At Risk
4605,75,9,115405.04,1,3,1,5,At Risk
4606,4,13,579994.52,5,5,5,15,High Value
4607,59,7,257717.12999999998,2,2,3,7,Low Value
4608,14,12,293437.69,4,5,4,13,High Value
4609,8,8,327652.93,5,3,4,12,Medium Value
4610,18,13,222506.37,4,5,2,11,Medium Value
4611,39,5,174471.39,3,1,2,6,At Risk
4612,11,8,313077.45,4,3,4,11,Medium Value
4613,1,6,118464.12,5,2,1,8,Low Value
4614,5,6,121622.7,5,2,1,8,Low Value
4615,187,10,416703.33999999997,1,4,5,10,Medium Value
4616,77,6,147340.22,1,2,1,4,At Risk
4617,15,9,303190.42,4,3,4,11,Medium Value
4618,10,12,310029.59,4,5,4,13,High Value
4619,23,8,337599.9,3,3,4,10,Medium Value
4620,55,7,155949.69,2,2,1,5,At Risk
4621,8,9,220928.06,5,3,2,10,Medium Value
4622,85,4,167400.47,1,1,2,4,At Risk
4623,26,4,187962.45,3,1,2,6,At Risk
4624,19,7,269542.52,4,2,3,9,Low Value
4625,38,7,282928.88,3,2,3,8,Low Value
4626,21,9,279266.08,4,3,3,10,Medium Value
4627,0,5,196123.5,5,1,2,8,Low Value
4628,7,8,279504.2,5,3,3,11,Medium Value
4629,4,8,217196.1,5,3,2,10,Medium Value
4630,12,12,444612.23,4,5,5,14,High Value
4631,57,7,125432.34,2,2,1,5,At Risk
4632,10,15,319088.42,4,5,4,13,High Value
4633,1,7,189498.63999999998,5,2,2,9,Low Value
4634,22,10,455557.8,4,4,5,13,High Value
4635,12,12,398970.08999999997,4,5,5,14,High Value
4636,184,9,456727.99,1,3,5,9,Low Value
4637,28,13,360039.5,3,5,4,12,Medium Value
4638,21,9,335028.23,4,3,4,11,Medium Value
4639,4,7,97570.08,5,2,1,8,Low Value
4640,70,6,292103.63,2,2,4,8,Low Value
4641,42,12,545190.13,2,5,5,12,Medium Value
4642,10,8,495174.31000000006,4,3,5,12,Medium Value
4643,17,10,310439.69,4,4,4,12,Medium Value
4644,63,7,122058.14000000001,2,2,1,5,At Risk
4645,5,9,207076.06,5,3,2,10,Medium Value
4646,4,7,166949.28,5,2,2,9,Low Value
4647,72,15,535020.5700000001,1,5,5,11,Medium Value
4648,90,4,239563.78000000003,1,1,3,5,At Risk
4649,212,7,139982.33,1,2,1,4,At Risk
4650,22,8,207216.91,4,3,2,9,Low Value
4651,28,3,64755.59,3,1,1,5,At Risk
4652,13,16,363151.9,4,5,4,13,High Value
4653,20,13,380739.11,4,5,5,14,High Value
4654,10,5,121460.12,4,1,1,6,At Risk
4655,102,4,85708.45999999999,1,1,1,3,At Risk
4656,21,8,212272.25,4,3,2,9,Low Value
4657,26,2,212686.15000000002,3,1,2,6,At Risk
4658,52,9,185080.37,2,3,2,7,Low Value
4659,75,10,302667.36,1,4,4,9,Low Value
4660,77,11,431908.65,1,5,5,11,Medium Value
4661,8,13,456428.74,5,5,5,15,High Value
4662,163,7,394040.48,1,2,5,8,Low Value
4663,8,11,285894.67,5,5,3,13,High Value
4664,16,12,462578.83,4,5,5,14,High Value
4665,12,16,592341.85,4,5,5,14,High Value
4666,82,5,201418.43,1,1,2,4,At Risk
4667,14,8,288363.14,4,3,3,10,Medium Value
4668,13,8,311281.98,4,3,4,11,Medium Value
4669,25,16,431794.13999999996,3,5,5,13,High Value
4670,70,8,282503.79000000004,2,3,3,8,Low Value
4671,12,9,324072.46,4,3,4,11,Medium Value
4672,5,4,149910.15,5,1,1,7,Low Value
4673,124,11,355343.7,1,5,4,10,Medium Value
4674,2,11,362114.33,5,5,4,14,High Value
4675,49,7,176555.13,2,2,2,6,At Risk
4676,43,6,159613.74,2,2,1,5,At Risk
4677,12,3,79765.20999999999,4,1,1,6,At Risk
4678,35,12,409867.74,3,5,5,13,High Value
4679,24,13,452777.43,3,5,5,13,High Value
4680,12,9,361226.05,4,3,4,11,Medium Value
4681,17,7,327746.55,4,2,4,10,Medium Value
4682,62,8,231238.1,2,3,3,8,Low Value
4683,181,5,169354.91999999998,1,1,2,4,At Risk
4684,77,6,105250.56999999999,1,2,1,4,At Risk
4685,113,7,348581.69,1,2,4,7,Low Value
4686,6,9,343447.0,5,3,4,12,Medium Value
4687,27,10,455318.38,3,4,5,12,Medium Value
4688,38,10,294291.96,3,4,4,11,Medium Value
4689,12,7,236484.29,4,2,3,9,Low Value
4690,0,12,346293.99,5,5,4,14,High Value
4691,54,6,276720.28,2,2,3,7,Low Value
4692,6,9,252591.47,5,3,3,11,Medium Value
4693,10,12,331792.93,4,5,4,13,High Value
4694,41,12,446872.12,2,5,5,12,Medium Value
4695,17,9,429734.57,4,3,5,12,Medium Value
4696,15,9,581634.45,4,3,5,12,Medium Value
4697,182,1,5435.55,1,1,1,3,At Risk
4698,11,1,17793.15,4,1,1,6,At Risk
4699,40,7,297357.42,3,2,4,9,Low Value
4700,46,7,162157.72,2,2,2,6,At Risk
4701,3,9,198784.1,5,3,2,10,Medium Value
4702,4,14,375094.72000000003,5,5,5,15,High Value
4703,9,13,285574.52,5,5,3,13,High Value
4704,53,10,358922.38,2,4,4,10,Medium Value
4705,70,6,180673.29,2,2,2,6,At Risk
4706,16,7,182371.74,4,2,2,8,Low Value
4707,32,6,264510.36,3,2,3,8,Low Value
4708,13,15,461300.4,4,5,5,14,High Value
4709,59,5,75025.48999999999,2,1,1,4,At Risk
4710,47,6,97305.34,2,2,1,5,At Risk
4711,63,8,219264.01,2,3,2,7,Low Value
4712,0,12,342370.67,5,5,4,14,High Value
4713,12,6,279513.38999999996,4,2,3,9,Low Value
4714,1,10,167153.58,5,4,2,11,Medium Value
4715,19,7,178852.03000000003,4,2,2,8,Low Value
4716,134,9,325090.98,1,3,4,8,Low Value
4717,246,2,174043.64,1,1,2,4,At Risk
4718,210,10,322292.26,1,4,4,9,Low Value
4719,53,8,235556.28,2,3,3,8,Low Value
4720,64,12,292979.98,2,5,4,11,Medium Value
4721,27,13,315770.04000000004,3,5,4,12,Medium Value
4722,52,9,239194.96,2,3,3,8,Low Value
4723,105,7,103638.54000000001,1,2,1,4,At Risk
4724,26,7,162376.54,3,2,2,7,Low Value
4725,75,8,243949.09,1,3,3,7,Low Value
4726,1,7,267713.44,5,2,3,10,Medium Value
4727,7,9,214616.85,5,3,2,10,Medium Value
4728,116,5,147706.01,1,1,1,3,At Risk
4729,2,6,222356.77,5,2,2,9,Low Value
4730,42,5,158373.19,2,1,1,4,At Risk
4731,11,9,298931.64,4,3,4,11,Medium Value
4732,35,4,183649.61,3,1,2,6,At Risk
4733,21,9,267019.82999999996,4,3,3,10,Medium Value
4734,3,8,277394.12,5,3,3,11,Medium Value
4735,57,8,342113.77,2,3,4,9,Low Value
4736,73,10,140004.18,1,4,1,6,At Risk
4737,121,4,164462.92,1,1,2,4,At Risk
4738,0,8,106051.68,5,3,1,9,Low Value
4739,106,5,197869.98,1,1,2,4,At Risk
4740,27,4,136946.58000000002,3,1,1,5,At Risk
4741,96,11,497378.54000000004,1,5,5,11,Medium Value
4742,40,8,237949.0,3,3,3,9,Low Value
4743,12,7,318295.07,4,2,4,10,Medium Value
4744,18,14,359314.91000000003,4,5,4,13,High Value
4745,44,9,450612.64999999997,2,3,5,10,Medium Value
4746,65,10,190508.71,2,4,2,8,Low Value
4747,2,8,415015.56,5,3,5,13,High Value
4748,1,10,305252.88,5,4,4,13,High Value
4749,52,9,325635.05,2,3,4,9,Low Value
4750,8,13,350041.36000000004,5,5,4,14,High Value
4751,22,10,456582.47,4,4,5,13,High Value
4752,92,10,331927.89,1,4,4,9,Low Value
4753,51,4,222405.05,2,1,2,5,At Risk
4754,82,10,231531.41,1,4,3,8,Low Value
4755,28,3,53522.48,3,1,1,5,At Risk
4756,47,4,120238.69,2,1,1,4,At Risk
4757,43,4,190977.26,2,1,2,5,At Risk
4758,56,11,272712.27999999997,2,5,3,10,Medium Value
4759,108,3,26895.61,1,1,1,3,At Risk
4760,16,5,62880.85,4,1,1,6,At Risk
4761,5,13,252662.95,5,5,3,13,High Value
4762,6,10,184778.97,5,4,2,11,Medium Value
4763,57,8,164129.64,2,3,2,7,Low Value
4764,22,8,339228.64,4,3,4,11,Medium Value
4765,87,9,246726.76,1,3,3,7,Low Value
4766,89,4,291025.0,1,1,4,6,At Risk
4767,12,8,206537.97,4,3,2,9,Low Value
4768,50,8,204557.85,2,3,2,7,Low Value
4769,7,10,380200.61,5,4,5,14,High Value
4770,9,14,216564.44,5,5,2,12,Medium Value
4771,114,3,76325.53,1,1,1,3,At Risk
4772,74,12,306872.52999999997,1,5,4,10,Medium Value
4773,3,8,217658.72000000003,5,3,2,10,Medium Value
4774,108,10,376673.16,1,4,5,10,Medium Value
4775,78,7,311593.76,1,2,4,7,Low Value
4776,15,8,595754.8200000001,4,3,5,12,Medium Value
4777,91,4,51091.82,1,1,1,3,At Risk
4778,44,7,211005.71,2,2,2,6,At Risk
4779,10,6,80265.97,4,2,1,7,Low Value
4780,174,4,116164.61,1,1,1,3,At Risk
4781,60,9,282861.91000000003,2,3,3,8,Low Value
4782,30,7,132967.58,3,2,1,6,At Risk
4783,2,7,311828.38,5,2,4,11,Medium Value
4784,49,13,383974.83,2,5,5,12,Medium Value
4785,47,8,192866.88,2,3,2,7,Low Value
4786,26,11,248926.71,3,5,3,11,Medium Value
4787,47,7,233496.72999999998,2,2,3,7,Low Value
4788,111,7,126393.09,1,2,1,4,At Risk
4789,31,9,347786.62,3,3,4,10,Medium Value
4790,0,9,210823.67,5,3,2,10,Medium Value
4791,37,8,290250.13,3,3,4,10,Medium Value
4792,46,8,137723.06,2,3,1,6,At Risk
4793,76,5,86696.29000000001,1,1,1,3,At Risk
4794,12,10,284278.01,4,4,3,11,Medium Value
4795,25,8,177956.6,3,3,2,8,Low Value
4796,111,5,161832.36000000002,1,1,2,4,At Risk
4797,5,12,393478.22000000003,5,5,5,15,High Value
4798,12,10,409864.25,4,4,5,13,High Value
4799,5,10,345874.04,5,4,4,13,High Value
4800,87,4,181160.25,1,1,2,4,At Risk
4801,11,11,441617.57,4,5,5,14,High Value
4802,52,5,128970.98,2,1,1,4,At Risk
4803,35,9,200718.66999999998,3,3,2,8,Low Value
4804,6,12,388302.76,5,5,5,15,High Value
4805,27,6,150396.46,3,2,1,6,At Risk
4806,6,7,242669.09,5,2,3,10,Medium Value
4807,49,10,351016.97,2,4,4,10,Medium Value
4808,1,6,269732.83999999997,5,2,3,10,Medium Value
4809,4,5,182804.11,5,1,2,8,Low Value
4810,1,10,288783.51,5,4,3,12,Medium Value
4811,53,6,264583.27,2,2,3,7,Low Value
4812,12,8,215702.58000000002,4,3,2,9,Low Value
4813,46,6,148518.14,2,2,1,5,At Risk
4814,169,4,154894.08000000002,1,1,1,3,At Risk
4815,217,7,130900.95999999999,1,2,1,4,At Risk
4816,119,9,187101.01,1,3,2,6,At Risk
4817,20,10,378682.36,4,4,5,13,High Value
4818,0,9,386161.69,5,3,5,13,High Value
4819,146,6,171636.06,1,2,2,5,At Risk
4820,135,7,228645.07,1,2,3,6,At Risk
4821,53,9,384347.21,2,3,5,10,Medium Value
4822,28,5,104745.47,3,1,1,5,At Risk
4823,56,9,185926.23,2,3,2,7,Low Value
4824,68,8,190907.88999999998,2,3,2,7,Low Value
4825,3,10,406351.71,5,4,5,14,High Value
4826,69,8,234445.03999999998,2,3,3,8,Low Value
4827,1,10,269779.77999999997,5,4,3,12,Medium Value
4828,11,11,280719.15,4,5,3,12,Medium Value
4829,36,16,394471.33999999997,3,5,5,13,High Value
4830,32,13,409839.32999999996,3,5,5,13,High Value
4831,91,5,190402.79,1,1,2,4,At Risk
4832,37,9,286772.38,3,3,3,9,Low Value
4833,7,12,458125.12,5,5,5,15,High Value
4834,13,6,300663.02,4,2,4,10,Medium Value
4835,3,14,469008.41,5,5,5,15,High Value
4836,7,8,247544.35,5,3,3,11,Medium Value
4837,26,6,421673.12,3,2,5,10,Medium Value
4838,45,10,397204.71,2,4,5,11,Medium Value
4839,28,7,98573.79999999999,3,2,1,6,At Risk
4840,38,11,341590.51,3,5,4,12,Medium Value
4841,25,6,126612.99,3,2,1,6,At Risk
4842,9,6,224397.24,5,2,2,9,Low Value
4843,23,10,205436.85,3,4,2,9,Low Value
4844,8,7,157196.62,5,2,1,8,Low Value
4845,6,8,171289.04,5,3,2,10,Medium Value
4846,13,10,275122.97000000003,4,4,3,11,Medium Value
4847,10,8,200677.47,4,3,2,9,Low Value
4848,19,6,173355.73,4,2,2,8,Low Value
4849,117,7,125298.29000000001,1,2,1,4,At Risk
4850,16,10,406668.22000000003,4,4,5,13,High Value
4851,107,13,315280.48,1,5,4,10,Medium Value
4852,28,3,40231.5,3,1,1,5,At Risk
4853,12,12,250621.28,4,5,3,12,Medium Value
4854,69,9,176450.55,2,3,2,7,Low Value
4855,142,9,140769.37,1,3,1,5,At Risk
4856,28,4,128162.14,3,1,1,5,At Risk
4857,2,11,462669.4,5,5,5,15,High Value
4858,130,10,421177.68,1,4,5,10,Medium Value
4859,66,4,52188.57,2,1,1,4,At Risk
4860,65,6,200533.93,2,2,2,6,At Risk
4861,17,15,409527.32,4,5,5,14,High Value
4862,30,8,162633.46000000002,3,3,2,8,Low Value
4863,101,11,296341.49,1,5,4,10,Medium Value
4864,38,10,299858.2,3,4,4,11,Medium Value
4865,58,9,326841.48,2,3,4,9,Low Value
4866,54,7,244586.91999999998,2,2,3,7,Low Value
4867,26,6,111926.36,3,2,1,6,At Risk
4868,230,5,166649.66,1,1,2,4,At Risk
4869,94,6,219973.15000000002,1,2,2,5,At Risk
4870,44,12,305726.27,2,5,4,11,Medium Value
4871,31,6,410057.15,3,2,5,10,Medium Value
4872,4,11,523740.79000000004,5,5,5,15,High Value
4873,21,8,408254.04,4,3,5,12,Medium Value
4874,38,9,289875.79000000004,3,3,4,10,Medium Value
4875,54,10,529768.84,2,4,5,11,Medium Value
4876,20,10,370741.25,4,4,5,13,High Value
4877,5,8,291656.65,5,3,4,12,Medium Value
4878,4,11,553885.4,5,5,5,15,High Value
4879,14,6,169073.41999999998,4,2,2,8,Low Value
4880,121,7,316696.09,1,2,4,7,Low Value
4881,47,9,199427.26,2,3,2,7,Low Value
4882,45,7,294574.48,2,2,4,8,Low Value
4883,7,10,266800.54,5,4,3,12,Medium Value
4884,54,9,266871.6,2,3,3,8,Low Value
4885,0,5,126528.34000000001,5,1,1,7,Low Value
4886,20,9,227949.09,4,3,3,10,Medium Value
4887,11,14,384008.56,4,5,5,14,High Value
4888,13,10,222783.44,4,4,2,10,Medium Value
4889,66,10,442985.31,2,4,5,11,Medium Value
4890,34,8,289034.71,3,3,4,10,Medium Value
4891,0,8,338982.91000000003,5,3,4,12,Medium Value
4892,33,8,229778.78,3,3,3,9,Low Value
4893,104,7,143941.84,1,2,1,4,At Risk
4894,74,12,427806.97,1,5,5,11,Medium Value
4895,35,5,216623.43,3,1,2,6,At Risk
4896,115,5,76528.0,1,1,1,3,At Risk
4897,76,6,277526.69,1,2,3,6,At Risk
4898,24,4,133299.99,3,1,1,5,At Risk
4899,20,7,291482.75,4,2,4,10,Medium Value
4900,12,9,412525.04,4,3,5,12,Medium Value
4901,27,4,112108.79000000001,3,1,1,5,At Risk
4902,31,5,130256.76999999999,3,1,1,5,At Risk
4903,20,5,101810.1,4,1,1,6,At Risk
4904,5,8,291030.67,5,3,4,12,Medium Value
4905,93,5,92754.94,1,1,1,3,At Risk
4906,90,6,136010.45,1,2,1,4,At Risk
4907,32,3,106186.54000000001,3,1,1,5,At Risk
4908,29,12,317133.43,3,5,4,12,Medium Value
4909,83,6,210259.76,1,2,2,5,At Risk
4910,2,12,604947.93,5,5,5,15,High Value
4911,111,8,392063.2,1,3,5,9,Low Value
4912,125,5,93176.48999999999,1,1,1,3,At Risk
4913,3,9,302674.62,5,3,4,12,Medium Value
4914,16,10,169078.17,4,4,2,10,Medium Value
4915,18,12,252867.0,4,5,3,12,Medium Value
4916,0,9,206843.78999999998,5,3,2,10,Medium Value
4917,11,10,342526.27999999997,4,4,4,12,Medium Value
4918,9,8,337806.14,5,3,4,12,Medium Value
4919,30,9,338953.81,3,3,4,10,Medium Value
4920,21,7,308932.14,4,2,4,10,Medium Value
4921,97,8,253443.54,1,3,3,7,Low Value
4922,41,8,261479.56,2,3,3,8,Low Value
4923,108,15,262131.2,1,5,3,9,Low Value
4924,45,12,320666.81,2,5,4,11,Medium Value
4925,11,10,301300.38,4,4,4,12,Medium Value
4926,138,7,299772.61,1,2,4,7,Low Value
4927,77,7,301204.17,1,2,4,7,Low Value
4928,39,10,273501.76,3,4,3,10,Medium Value
4929,41,7,281825.83999999997,2,2,3,7,Low Value
4930,10,8,279494.92,4,3,3,10,Medium Value
4931,6,9,241625.52000000002,5,3,3,11,Medium Value
4932,34,15,454737.66000000003,3,5,5,13,High Value
4933,53,10,556621.14,2,4,5,11,Medium Value
4934,108,5,79596.24,1,1,1,3,At Risk
4935,25,10,277043.36,3,4,3,10,Medium Value
4936,45,9,316675.32,2,3,4,9,Low Value
4937,10,14,596803.87,4,5,5,14,High Value
4938,5,10,280766.22000000003,5,4,3,12,Medium Value
4939,9,7,204427.91999999998,5,2,2,9,Low Value
4940,21,6,310154.15,4,2,4,10,Medium Value
4941,143,6,143924.89,1,2,1,4,At Risk
4942,11,13,435879.02,4,5,5,14,High Value
4943,23,8,388193.42,3,3,5,11,Medium Value
4944,57,10,166376.37,2,4,2,8,Low Value
4945,52,9,290544.27,2,3,4,9,Low Value
4946,61,11,536804.22,2,5,5,12,Medium Value
4947,77,10,387752.75,1,4,5,10,Medium Value
4948,84,4,317710.27,1,1,4,6,At Risk
4949,23,6,117901.15000000001,3,2,1,6,At Risk
4950,16,6,426885.77999999997,4,2,5,11,Medium Value
4951,4,9,296393.57,5,3,4,12,Medium Value
4952,1,15,358618.51999999996,5,5,4,14,High Value
4953,15,7,150246.3,4,2,1,7,Low Value
4954,4,10,482410.62,5,4,5,14,High Value
4955,5,9,288985.7,5,3,4,12,Medium Value
4956,121,9,210564.27,1,3,2,6,At Risk
4957,209,3,55603.02,1,1,1,3,At Risk
4958,24,8,293683.87,3,3,4,10,Medium Value
4959,59,8,183720.62,2,3,2,7,Low Value
4960,16,9,588108.23,4,3,5,12,Medium Value
4961,41,11,308346.62,2,5,4,11,Medium Value
4962,58,3,146492.27,2,1,1,4,At Risk
4963,93,7,303031.58999999997,1,2,4,7,Low Value
4964,27,15,425679.82999999996,3,5,5,13,High Value
4965,66,7,184228.86,2,2,2,6,At Risk
4966,149,4,140718.91,1,1,1,3,At Risk
4967,147,5,123292.37,1,1,1,3,At Risk
4968,96,7,228526.69,1,2,3,6,At Risk
4969,37,9,186323.85,3,3,2,8,Low Value
4970,1,10,257818.97,5,4,3,12,Medium Value
4971,29,9,279366.68,3,3,3,9,Low Value
4972,17,11,179506.32,4,5,2,11,Medium Value
4973,2,8,307649.48,5,3,4,12,Medium Value
4974,27,9,95951.13,3,3,1,7,Low Value
4975,4,10,312872.26,5,4,4,13,High Value
4976,7,10,342809.61,5,4,4,13,High Value
4977,7,10,169873.93,5,4,2,11,Medium Value
4978,18,10,563949.15,4,4,5,13,High Value
4979,18,9,356665.03,4,3,4,11,Medium Value
4980,1,2,16189.460000000001,5,1,1,7,Low Value
4981,32,8,328273.1,3,3,4,10,Medium Value
4982,64,5,163488.65,2,1,2,5,At Risk
4983,38,11,345852.16,3,5,4,12,Medium Value
4984,27,8,221949.7,3,3,2,8,Low Value
4985,32,5,296187.57,3,1,4,8,Low Value
4986,99,7,221722.03,1,2,2,5,At Risk
4987,34,7,258702.9,3,2,3,8,Low Value
4988,88,7,340028.33,1,2,4,7,Low Value
4989,15,8,195897.04,4,3,2,9,Low Value
4990,1,8,147889.6,5,3,1,9,Low Value
4991,51,6,235475.35,2,2,3,7,Low Value
4992,27,8,221565.97,3,3,2,8,Low Value
4993,69,12,340809.61,2,5,4,11,Medium Value
4994,2,10,458981.57,5,4,5,14,High Value
4995,2,13,298457.07999999996,5,5,4,14,High Value
4996,27,9,253750.31,3,3,3,9,Low Value
4997,68,11,232425.68,2,5,3,10,Medium Value
4998,63,8,277927.96,2,3,3,8,Low Value
4999,21,13,385095.74,4,5,5,14,High Value
5000,121,6,167268.85,1,2,2,5,At Risk
5001,83,8,176207.41,1,3,2,6,At Risk
5002,24,10,437646.15,3,4,5,12,Medium Value
5003,15,10,273387.07,4,4,3,11,Medium Value
5004,11,7,410627.31,4,2,5,11,Medium Value
5005,56,11,416778.45999999996,2,5,5,12,Medium Value
5006,12,10,436744.26,4,4,5,13,High Value
5007,50,8,168121.9,2,3,2,7,Low Value
5008,13,11,157386.69,4,5,1,10,Medium Value
5009,17,9,170124.71,4,3,2,9,Low Value
5010,23,8,178214.33,3,3,2,8,Low Value
5011,2,6,221754.91,5,2,2,9,Low Value
5012,4,10,325274.13,5,4,4,13,High Value
5013,24,10,325987.20999999996,3,4,4,11,Medium Value
5014,43,9,391045.60000000003,2,3,5,10,Medium Value
5015,4,7,152975.93,5,2,1,8,Low Value
5016,32,4,176274.58000000002,3,1,2,6,At Risk
5017,54,8,391248.03,2,3,5,10,Medium Value
5018,15,8,300674.76,4,3,4,11,Medium Value
5019,45,12,336601.13,2,5,4,11,Medium Value
5020,37,11,258487.92,3,5,3,11,Medium Value
5021,60,6,258722.47999999998,2,2,3,7,Low Value
5022,13,7,287420.19999999995,4,2,3,9,Low Value
5023,44,8,232988.13,2,3,3,8,Low Value
5024,126,6,145388.02000000002,1,2,1,4,At Risk
5025,46,6,167991.58,2,2,2,6,At Risk
5026,30,7,132608.4,3,2,1,6,At Risk
5027,19,6,76823.39,4,2,1,7,Low Value
5028,21,11,234947.46,4,5,3,12,Medium Value
5029,6,8,156360.12,5,3,1,9,Low Value
5030,54,4,100756.91,2,1,1,4,At Risk
5031,39,7,296323.33,3,2,4,9,Low Value
5032,52,8,195893.02,2,3,2,7,Low Value
5033,33,9,261763.95,3,3,3,9,Low Value
5034,57,3,130696.78,2,1,1,4,At Risk
5035,2,6,151408.46,5,2,1,8,Low Value
5036,8,16,465932.66,5,5,5,15,High Value
5037,19,7,268220.61,4,2,3,9,Low Value
5038,39,8,190267.75,3,3,2,8,Low Value
5039,85,10,377360.58999999997,1,4,5,10,Medium Value
5040,12,12,408734.98,4,5,5,14,High Value
5041,31,7,311913.71,3,2,4,9,Low Value
5042,85,11,263953.49,1,5,3,9,Low Value
5043,0,11,309297.87,5,5,4,14,High Value
5044,3,7,183321.75,5,2,2,9,Low Value
5045,35,9,315113.29000000004,3,3,4,10,Medium Value
5046,2,5,109938.76,5,1,1,7,Low Value
5047,113,9,431053.83999999997,1,3,5,9,Low Value
5048,113,8,206864.99,1,3,2,6,At Risk
5049,58,3,99435.87,2,1,1,4,At Risk
5050,12,6,132904.74,4,2,1,7,Low Value
5051,27,8,244427.52000000002,3,3,3,9,Low Value
5052,74,4,154249.59,1,1,1,3,At Risk
5053,63,10,305863.07,2,4,4,10,Medium Value
5054,7,9,222619.32,5,3,2,10,Medium Value
5055,64,10,317722.74,2,4,4,10,Medium Value
5056,1,5,305239.95999999996,5,1,4,10,Medium Value
5057,62,12,529019.55,2,5,5,12,Medium Value
5058,28,7,197766.24000000002,3,2,2,7,Low Value
5059,34,8,215397.7,3,3,2,8,Low Value
5060,53,4,160387.8,2,1,1,4,At Risk
5061,3,11,346072.68,5,5,4,14,High Value
5062,123,5,156017.87000000002,1,1,1,3,At Risk
5063,51,5,160219.74,2,1,1,4,At Risk
5064,17,9,281617.06,4,3,3,10,Medium Value
5065,13,9,343771.61,4,3,4,11,Medium Value
5066,18,11,455405.26,4,5,5,14,High Value
5067,103,3,48114.009999999995,1,1,1,3,At Risk
5068,97,2,27357.550000000003,1,1,1,3,At Risk
5069,26,7,184598.93,3,2,2,7,Low Value
5070,49,9,304116.69,2,3,4,9,Low Value
5071,15,14,550201.76,4,5,5,14,High Value
5072,7,4,83947.23,5,1,1,7,Low Value
5073,0,14,439785.36,5,5,5,15,High Value
5074,34,8,183409.29,3,3,2,8,Low Value
5075,20,7,218950.56,4,2,2,8,Low Value
5076,9,8,277960.04000000004,5,3,3,11,Medium Value
5077,59,7,159150.76,2,2,1,5,At Risk
5078,18,6,342330.67,4,2,4,10,Medium Value
5079,3,9,325159.93,5,3,4,12,Medium Value
5080,19,10,282929.12,4,4,3,11,Medium Value
5081,16,10,247447.09,4,4,3,11,Medium Value
5082,28,6,148250.01,3,2,1,6,At Risk
5083,136,9,218453.03,1,3,2,6,At Risk
5084,10,5,248571.65,4,1,3,8,Low Value
5085,19,10,245567.62,4,4,3,11,Medium Value
5086,8,8,253147.96000000002,5,3,3,11,Medium Value
5087,102,12,456186.61,1,5,5,11,Medium Value
5088,4,10,252309.34,5,4,3,12,Medium Value
5089,3,9,287765.13,5,3,3,11,Medium Value
5090,128,6,96244.72,1,2,1,4,At Risk
5091,24,6,297032.85,3,2,4,9,Low Value
5092,44,7,130851.64,2,2,1,5,At Risk
5093,50,8,276609.22,2,3,3,8,Low Value
5094,37,9,140833.43,3,3,1,7,Low Value
5095,20,6,342490.7,4,2,4,10,Medium Value
5096,55,7,289874.92,2,2,4,8,Low Value
5097,14,6,198439.66,4,2,2,8,Low Value
5098,67,11,331910.3,2,5,4,11,Medium Value
5099,30,7,187848.13,3,2,2,7,Low Value
5100,56,7,177349.69999999998,2,2,2,6,At Risk
5101,20,5,96749.51999999999,4,1,1,6,At Risk
5102,3,10,333677.94,5,4,4,13,High Value
5103,41,9,272577.89,2,3,3,8,Low Value
5104,28,10,381705.44,3,4,5,12,Medium Value
5105,18,7,317845.36,4,2,4,10,Medium Value
5106,29,7,325343.38,3,2,4,9,Low Value
5107,5,5,198532.62,5,1,2,8,Low Value
5108,208,3,185225.01,1,1,2,4,At Risk
5109,86,8,229367.77,1,3,3,7,Low Value
5110,0,11,303754.73,5,5,4,14,High Value
5111,25,10,445231.81,3,4,5,12,Medium Value
5112,35,9,434509.26,3,3,5,11,Medium Value
5113,29,7,477117.13,3,2,5,10,Medium Value
5114,13,15,340401.57,4,5,4,13,High Value
5115,27,10,309653.61,3,4,4,11,Medium Value
5116,55,10,312540.61,2,4,4,10,Medium Value
5117,29,9,434573.24,3,3,5,11,Medium Value
5118,3,11,410447.27,5,5,5,15,High Value
5119,13,9,194620.48,4,3,2,9,Low Value
5120,63,5,157833.12,2,1,1,4,At Risk
5121,17,8,274645.99,4,3,3,10,Medium Value
5122,69,5,263652.55,2,1,3,6,At Risk
5123,93,5,197547.0,1,1,2,4,At Risk
5124,80,8,149955.93,1,3,1,5,At Risk
5125,66,7,125878.29000000001,2,2,1,5,At Risk
5126,1,16,602708.53,5,5,5,15,High Value
5127,14,6,259103.86,4,2,3,9,Low Value
5128,0,8,231223.32,5,3,3,11,Medium Value
5129,25,6,179800.2,3,2,2,7,Low Value
5130,16,10,275902.81,4,4,3,11,Medium Value
5131,134,9,284792.27,1,3,3,7,Low Value
5132,18,10,295765.65,4,4,4,12,Medium Value
5133,223,6,231227.91,1,2,3,6,At Risk
5134,6,8,244000.71,5,3,3,11,Medium Value
5135,51,14,533346.33,2,5,5,12,Medium Value
5136,11,9,211693.80000000002,4,3,2,9,Low Value
5137,3,10,337745.78,5,4,4,13,High Value
5138,22,8,148983.87,4,3,1,8,Low Value
5139,1,9,231427.15000000002,5,3,3,11,Medium Value
5140,71,12,263677.68,2,5,3,10,Medium Value
5141,67,6,180383.80000000002,2,2,2,6,At Risk
5142,7,14,442442.89,5,5,5,15,High Value
5143,27,9,277659.69,3,3,3,9,Low Value
5144,33,9,456518.06,3,3,5,11,Medium Value
5145,170,3,52861.92999999999,1,1,1,3,At Risk
5146,8,10,353005.0,5,4,4,13,High Value
5147,26,8,141427.38,3,3,1,7,Low Value
5148,40,6,103880.96,3,2,1,6,At Risk
5149,7,12,438149.56,5,5,5,15,High Value
5150,53,9,336094.45,2,3,4,9,Low Value
5151,8,7,134143.52000000002,5,2,1,8,Low Value
5152,1,18,533075.9400000001,5,5,5,15,High Value
5153,6,7,282932.92,5,2,3,10,Medium Value
5154,4,9,204424.6,5,3,2,10,Medium Value
5155,12,7,228055.34,4,2,3,9,Low Value
5156,157,6,200310.86,1,2,2,5,At Risk
5157,15,12,345953.81,4,5,4,13,High Value
5158,46,10,274119.56,2,4,3,9,Low Value
5159,27,7,123287.61,3,2,1,6,At Risk
5160,8,10,396454.13,5,4,5,14,High Value
5161,48,16,524182.95999999996,2,5,5,12,Medium Value
5162,22,11,341302.36,4,5,4,13,High Value
5163,103,9,426105.02,1,3,5,9,Low Value
5164,133,9,351666.47,1,3,4,8,Low Value
5165,46,8,163639.8,2,3,2,7,Low Value
5166,92,13,581398.6,1,5,5,11,Medium Value
5167,12,9,176445.3,4,3,2,9,Low Value
5168,12,12,317039.54,4,5,4,13,High Value
5169,52,9,221925.42,2,3,2,7,Low Value
5170,159,7,143432.17,1,2,1,4,At Risk
5171,226,7,405810.26,1,2,5,8,Low Value
5172,11,12,312208.79,4,5,4,13,High Value
5173,57,9,279207.95,2,3,3,8,Low Value
5174,22,3,136285.94999999998,4,1,1,6,At Risk
5175,46,7,342178.47000000003,2,2,4,8,Low Value
5176,70,8,252271.25999999998,2,3,3,8,Low Value
5177,22,6,148098.49,4,2,1,7,Low Value
5178,5,9,261832.91,5,3,3,11,Medium Value
5179,66,7,227462.03,2,2,3,7,Low Value
5180,6,14,442464.89,5,5,5,15,High Value
5181,2,5,100519.37,5,1,1,7,Low Value
5182,209,9,308534.05,1,3,4,8,Low Value
5183,14,8,371079.69,4,3,5,12,Medium Value
5184,27,8,118857.1,3,3,1,7,Low Value
5185,4,11,349907.39,5,5,4,14,High Value
5186,42,7,260237.28,2,2,3,7,Low Value
5187,93,9,461280.27,1,3,5,9,Low Value
5188,9,7,266312.38,5,2,3,10,Medium Value
5189,6,13,241951.62999999998,5,5,3,13,High Value
5190,89,8,290048.41,1,3,4,8,Low Value
5191,36,9,261334.58000000002,3,3,3,9,Low Value
5192,183,6,221222.75,1,2,2,5,At Risk
5193,28,11,236830.33000000002,3,5,3,11,Medium Value
5194,111,6,94383.69,1,2,1,4,At Risk
5195,12,10,388683.82999999996,4,4,5,13,High Value
5196,23,9,264228.44,3,3,3,9,Low Value
5197,88,6,138813.62,1,2,1,4,At Risk
5198,15,9,495463.39,4,3,5,12,Medium Value
5199,59,8,186828.06,2,3,2,7,Low Value
5200,10,17,413615.93,4,5,5,14,High Value
5201,3,11,192485.31,5,5,2,12,Medium Value
5202,26,7,167703.84,3,2,2,7,Low Value
5203,71,7,147343.95,2,2,1,5,At Risk
5204,0,10,212765.13,5,4,2,11,Medium Value
5205,18,8,309357.62,4,3,4,11,Medium Value
5206,13,6,299726.38,4,2,4,10,Medium Value
5207,78,10,639295.02,1,4,5,10,Medium Value
5208,37,11,279560.51,3,5,3,11,Medium Value
5209,44,8,191651.61000000002,2,3,2,7,Low Value
5210,2,9,375743.78,5,3,5,13,High Value
5211,89,4,142075.71,1,1,1,3,At Risk
5212,193,7,208164.37,1,2,2,5,At Risk
5213,16,9,323978.46,4,3,4,11,Medium Value
5214,25,9,256148.13,3,3,3,9,Low Value
5215,53,11,342117.28,2,5,4,11,Medium Value
5216,54,5,139357.7,2,1,1,4,At Risk
5217,32,4,82247.56,3,1,1,5,At Risk
5218,41,10,516120.93,2,4,5,11,Medium Value
5219,37,8,178528.12,3,3,2,8,Low Value
5220,35,5,83015.5,3,1,1,5,At Risk
5221,87,8,358335.81,1,3,4,8,Low Value
5222,152,4,74463.8,1,1,1,3,At Risk
5223,82,7,127872.72,1,2,1,4,At Risk
5224,17,5,291589.75,4,1,4,9,Low Value
5225,18,6,215998.85,4,2,2,8,Low Value
5226,84,5,333883.77999999997,1,1,4,6,At Risk
5227,1,11,368551.03,5,5,4,14,High Value
5228,22,10,287263.39,4,4,3,11,Medium Value
5229,41,9,230251.53,2,3,3,8,Low Value
5230,1,8,412370.28,5,3,5,13,High Value
5231,78,16,641375.09,1,5,5,11,Medium Value
5232,21,6,97468.11,4,2,1,7,Low Value
5233,150,7,169933.06,1,2,2,5,At Risk
5234,51,5,177290.1,2,1,2,5,At Risk
5235,22,9,253429.59,4,3,3,10,Medium Value
5236,84,12,416073.42000000004,1,5,5,11,Medium Value
5237,139,4,59264.43000000001,1,1,1,3,At Risk
5238,26,11,403013.19999999995,3,5,5,13,High Value
5239,36,8,136757.95,3,3,1,7,Low Value
5240,174,7,314532.45,1,2,4,7,Low Value
5241,75,9,314645.23,1,3,4,8,Low Value
5242,46,5,81699.59999999999,2,1,1,4,At Risk
5243,60,10,193897.36,2,4,2,8,Low Value
5244,3,12,491025.93,5,5,5,15,High Value
5245,7,10,335878.64,5,4,4,13,High Value
5246,13,5,116419.6,4,1,1,6,At Risk
5247,6,11,342107.59,5,5,4,14,High Value
5248,62,11,463102.19,2,5,5,12,Medium Value
5249,18,7,286339.41,4,2,3,9,Low Value
5250,19,10,340308.01,4,4,4,12,Medium Value
5251,60,8,239135.82000000004,2,3,3,8,Low Value
5252,17,9,196825.29,4,3,2,9,Low Value
5253,9,13,305504.81,5,5,4,14,High Value
5254,45,11,312508.4,2,5,4,11,Medium Value
5255,31,2,82218.23,3,1,1,5,At Risk
5256,55,12,354470.65,2,5,4,11,Medium Value
5257,84,7,229894.12,1,2,3,6,At Risk
5258,0,10,210066.27,5,4,2,11,Medium Value
5259,8,7,244192.90999999997,5,2,3,10,Medium Value
5260,14,12,358770.05,4,5,4,13,High Value
5261,0,8,219041.73,5,3,2,10,Medium Value
5262,17,5,81114.08,4,1,1,6,At Risk
5263,7,7,161771.26,5,2,2,9,Low Value
5264,59,7,189340.44,2,2,2,6,At Risk
5265,3,13,481389.85000000003,5,5,5,15,High Value
5266,80,9,266409.61,1,3,3,7,Low Value
5267,9,7,150477.47,5,2,1,8,Low Value
5268,31,10,281814.95,3,4,3,10,Medium Value
5269,6,8,98074.98999999999,5,3,1,9,Low Value
5270,18,12,387038.26,4,5,5,14,High Value
5271,192,8,239202.44,1,3,3,7,Low Value
5272,1,11,364279.31,5,5,4,14,High Value
5273,38,7,315038.42,3,2,4,9,Low Value
5274,40,6,240081.77,3,2,3,8,Low Value
5275,8,8,378199.14,5,3,5,13,High Value
5276,9,10,309162.29,5,4,4,13,High Value
5277,5,8,167656.16,5,3,2,10,Medium Value
5278,31,13,374319.02,3,5,5,13,High Value
5279,8,8,183826.65999999997,5,3,2,10,Medium Value
5280,19,10,327920.93000000005,4,4,4,12,Medium Value
5281,20,9,339849.33999999997,4,3,4,11,Medium Value
5282,42,10,274474.67,2,4,3,9,Low Value
5283,62,13,361776.98,2,5,4,11,Medium Value
5284,126,4,216215.26,1,1,2,4,At Risk
5285,4,12,412052.5,5,5,5,15,High Value
5286,6,7,184715.31999999998,5,2,2,9,Low Value
5287,29,13,406593.52,3,5,5,13,High Value
5288,10,3,74278.15,4,1,1,6,At Risk
5289,86,9,348762.83999999997,1,3,4,8,Low Value
5290,33,7,156627.66,3,2,1,6,At Risk
5291,48,10,227694.16,2,4,3,9,Low Value
5292,26,6,340636.19,3,2,4,9,Low Value
5293,16,10,483131.87,4,4,5,13,High Value
5294,10,11,353915.24,4,5,4,13,High Value
5295,63,9,242419.65000000002,2,3,3,8,Low Value
5296,3,5,288220.32,5,1,3,9,Low Value
5297,13,10,336103.17,4,4,4,12,Medium Value
5298,40,7,190125.43,3,2,2,7,Low Value
5299,43,7,246635.38999999998,2,2,3,7,Low Value
5300,20,5,90717.36,4,1,1,6,At Risk
5301,1,10,318468.27,5,4,4,13,High Value
5302,7,9,316629.8,5,4,4,13,High Value
5303,6,8,149852.19,5,3,1,9,Low Value
5304,48,10,224487.00999999998,2,4,2,8,Low Value
5305,6,7,230026.06999999998,5,2,3,10,Medium Value
5306,0,11,361021.65,5,5,4,14,High Value
5307,10,12,351761.25,4,5,4,13,High Value
5308,128,7,175500.1,1,2,2,5,At Risk
5309,30,9,371182.41,3,4,5,12,Medium Value
5310,3,5,84122.83,5,1,1,7,Low Value
5311,20,12,388606.99,4,5,5,14,High Value
5312,18,3,232832.50999999998,4,1,3,8,Low Value
5313,39,12,350714.99,3,5,4,12,Medium Value
5314,96,6,135692.91,1,2,1,4,At Risk
5315,13,13,521497.72,4,5,5,14,High Value
5316,60,6,91111.41,2,2,1,5,At Risk
5317,204,3,53245.130000000005,1,1,1,3,At Risk
5318,143,6,267255.15,1,2,3,6,At Risk
5319,19,13,603222.92,4,5,5,14,High Value
5320,11,8,268523.42,4,3,3,10,Medium Value
5321,91,4,113734.12,1,1,1,3,At Risk
5322,36,6,186803.76,3,2,2,7,Low Value
5323,26,11,434490.5,3,5,5,13,High Value
5324,121,8,275753.19,1,3,3,7,Low Value
5325,37,12,251503.71,3,5,3,11,Medium Value
5326,11,9,290011.45,4,4,4,12,Medium Value
5327,6,12,280569.3,5,5,3,13,High Value
5328,56,14,382948.2,2,5,5,12,Medium Value
5329,25,9,221005.59000000003,3,4,2,9,Low Value
5330,2,9,321589.3,5,4,4,13,High Value
5331,12,5,295798.29000000004,4,1,4,9,Low Value
5332,65,6,193716.06,2,2,2,6,At Risk
5333,80,5,292260.21,1,1,4,6,At Risk
5334,18,7,306773.45,4,2,4,10,Medium Value
5335,16,8,298927.69,4,3,4,11,Medium Value
5336,63,7,166243.08000000002,2,2,2,6,At Risk
5337,105,7,178056.31,1,2,2,5,At Risk
5338,48,11,485686.92,2,5,5,12,Medium Value
5339,18,4,65758.18,4,1,1,6,At Risk
5340,121,4,249066.52000000002,1,1,3,5,At Risk
5341,61,13,561312.0,2,5,5,12,Medium Value
5342,35,11,262523.65,3,5,3,11,Medium Value
5343,25,7,303979.26999999996,3,2,4,9,Low Value
5344,0,10,475011.98,5,4,5,14,High Value
5345,6,12,340238.74,5,5,4,14,High Value
5346,54,4,107514.6,2,1,1,4,At Risk
5347,46,5,83621.51000000001,2,1,1,4,At Risk
5348,9,3,161835.49,5,1,2,8,Low Value
5349,114,6,252097.22999999998,1,2,3,6,At Risk
5350,42,14,315894.98,2,5,4,11,Medium Value
5351,23,14,494843.14999999997,3,5,5,13,High Value
5352,16,12,389903.83,4,5,5,14,High Value
5353,19,8,330187.25,4,3,4,11,Medium Value
5354,53,9,317070.5,2,4,4,10,Medium Value
5355,119,3,159329.32,1,1,1,3,At Risk
5356,29,15,447806.89,3,5,5,13,High Value
5357,13,6,134155.13,4,2,1,7,Low Value
5358,17,8,185612.61,4,3,2,9,Low Value
5359,55,7,196752.28999999998,2,2,2,6,At Risk
5360,26,12,322796.38,3,5,4,12,Medium Value
5361,10,5,182985.08000000002,4,1,2,7,Low Value
5362,20,13,329642.92,4,5,4,13,High Value
5363,71,9,315973.14,2,4,4,10,Medium Value
5364,0,5,43536.479999999996,5,1,1,7,Low Value
5365,140,5,244128.34,1,1,3,5,At Risk
5366,11,8,265809.55,4,3,3,10,Medium Value
5367,24,4,64076.63,3,1,1,5,At Risk
5368,5,4,293279.83999999997,5,1,4,10,Medium Value
5369,29,6,120485.45999999999,3,2,1,6,At Risk
5370,40,8,279873.62,3,3,3,9,Low Value
5371,28,8,302733.23,3,3,4,10,Medium Value
5372,13,7,204074.01,4,2,2,8,Low Value
5373,102,6,222239.30000000002,1,2,2,5,At Risk
5374,163,4,161411.41,1,1,1,3,At Risk
5375,29,8,178998.27000000002,3,3,2,8,Low Value
5376,49,11,436791.77,2,5,5,12,Medium Value
5377,74,9,351148.24,1,4,4,9,Low Value
5378,47,9,179333.2,2,4,2,8,Low Value
5379,8,11,405621.05,5,5,5,15,High Value
5380,46,10,296795.72,2,4,4,10,Medium Value
5381,19,13,398080.0,4,5,5,14,High Value
5382,119,8,233029.1,1,3,3,7,Low Value
5383,57,11,304405.33,2,5,4,11,Medium Value
5384,59,11,299763.56,2,5,4,11,Medium Value
5385,61,13,526910.64,2,5,5,12,Medium Value
5386,7,7,211928.25,5,2,2,9,Low Value
5387,7,13,500552.55,5,5,5,15,High Value
5388,182,6,137638.63,1,2,1,4,At Risk
5389,197,4,168889.53,1,1,2,4,At Risk
5390,165,9,302689.08,1,4,4,9,Low Value
5391,11,11,441243.58,4,5,5,14,High Value
5392,14,10,167385.77000000002,4,4,2,10,Medium Value
5393,53,6,188585.4,2,2,2,6,At Risk
5394,127,6,146213.54,1,2,1,4,At Risk
5395,76,5,196515.46,1,1,2,4,At Risk
5396,110,7,147542.35,1,2,1,4,At Risk
5397,23,6,145533.44,3,2,1,6,At Risk
5398,3,6,347797.88,5,2,4,11,Medium Value
5399,152,5,168684.15,1,1,2,4,At Risk
5400,172,6,289810.12,1,2,4,7,Low Value
5401,25,6,233767.5,3,2,3,8,Low Value
5402,83,8,189885.64,1,3,2,6,At Risk
5403,45,9,380296.14,2,4,5,11,Medium Value
5404,10,9,120993.91,4,4,1,9,Low Value
5405,19,7,305022.09,4,2,4,10,Medium Value
5406,9,13,368527.51999999996,5,5,4,14,High Value
5407,22,8,204070.04,4,3,2,9,Low Value
5408,34,10,518466.74,3,4,5,12,Medium Value
5409,6,8,328054.8,5,3,4,12,Medium Value
5410,46,6,270513.42,2,2,3,7,Low Value
5411,58,9,179639.04,2,4,2,8,Low Value
5412,24,8,240966.38,3,3,3,9,Low Value
5413,120,5,232099.36000000002,1,1,3,5,At Risk
5414,16,10,341093.6,4,4,4,12,Medium Value
5415,7,9,327126.9,5,4,4,13,High Value
5416,136,4,275958.57,1,1,3,5,At Risk
5417,12,9,309168.93,4,4,4,12,Medium Value
5418,66,9,332112.43,2,4,4,10,Medium Value
5419,27,10,310248.38,3,4,4,11,Medium Value
5420,10,9,252457.71000000002,4,4,3,11,Medium Value
5421,6,9,533702.5900000001,5,4,5,14,High Value
5422,31,9,182727.09,3,4,2,9,Low Value
5423,44,5,295273.57999999996,2,1,4,7,Low Value
5424,77,7,293104.28,1,2,4,7,Low Value
5425,26,10,334840.46,3,4,4,11,Medium Value
5426,9,11,239503.6,5,5,3,13,High Value
5427,45,8,317652.37,2,3,4,9,Low Value
5428,19,5,180019.47999999998,4,1,2,7,Low Value
5429,183,4,65781.39,1,1,1,3,At Risk
5430,61,10,478856.13,2,4,5,11,Medium Value
5431,21,12,389928.72,4,5,5,14,High Value
5432,31,11,465363.77,3,5,5,13,High Value
5433,66,9,387956.46,2,4,5,11,Medium Value
5434,69,11,408722.73,2,5,5,12,Medium Value
5435,56,12,581820.0700000001,2,5,5,12,Medium Value
5436,84,5,145432.66,1,1,1,3,At Risk
5437,17,9,177486.99,4,4,2,10,Medium Value
5438,26,7,301348.92,3,2,4,9,Low Value
5439,92,2,44258.29,1,1,1,3,At Risk
5440,4,10,436268.41000000003,5,4,5,14,High Value
5441,113,5,52013.03,1,1,1,3,At Risk
5442,26,9,195258.52,3,4,2,9,Low Value
5443,7,14,585295.11,5,5,5,15,High Value
5444,3,5,147284.9,5,1,1,7,Low Value
5445,44,7,272103.3,2,2,3,7,Low Value
5446,37,8,204916.19,3,3,2,8,Low Value
5447,20,11,354170.52,4,5,4,13,High Value
5448,3,11,408845.1,5,5,5,15,High Value
5449,9,5,147517.31,5,1,1,7,Low Value
5450,56,10,423422.89999999997,2,4,5,11,Medium Value
5451,100,3,34115.020000000004,1,1,1,3,At Risk
5452,46,7,333279.75,2,2,4,8,Low Value
5453,102,7,93141.12,1,2,1,4,At Risk
5454,149,4,98747.14,1,1,1,3,At Risk
5455,2,7,121943.34000000001,5,2,1,8,Low Value
5456,119,7,366118.07,1,2,4,7,Low Value
5457,27,10,362035.37,3,4,4,11,Medium Value
5458,14,8,315342.7,4,3,4,11,Medium Value
5459,0,8,184970.77,5,3,2,10,Medium Value
5460,10,6,61632.75,4,2,1,7,Low Value
5461,2,9,206161.38,5,4,2,11,Medium Value
5462,6,9,291958.66000000003,5,4,4,13,High Value
5463,40,13,640214.95,3,5,5,13,High Value
5464,30,13,536668.41,3,5,5,13,High Value
5465,14,10,334044.03,4,4,4,12,Medium Value
5466,20,7,237419.99000000002,4,2,3,9,Low Value
5467,97,9,342388.87,1,4,4,9,Low Value
5468,60,12,375331.63,2,5,5,12,Medium Value
5469,35,8,226368.46,3,3,3,9,Low Value
5470,78,8,327805.77,1,3,4,8,Low Value
5471,4,7,117762.22,5,2,1,8,Low Value
5472,50,6,292875.89,2,2,4,8,Low Value
5473,14,11,159897.73,4,5,1,10,Medium Value
5474,31,12,476667.19,3,5,5,13,High Value
5475,20,7,319069.14,4,2,4,10,Medium Value
5476,19,7,247241.32,4,2,3,9,Low Value
5477,0,12,484336.08999999997,5,5,5,15,High Value
5478,53,5,211973.01,2,1,2,5,At Risk
5479,6,6,160590.43,5,2,1,8,Low Value
5480,33,10,288875.75,3,4,4,11,Medium Value
5481,12,11,317507.83,4,5,4,13,High Value
5482,22,3,61340.63,4,1,1,6,At Risk
5483,167,11,271219.27,1,5,3,9,Low Value
5484,69,12,428881.97,2,5,5,12,Medium Value
5485,20,11,257085.3,4,5,3,12,Medium Value
5486,47,7,214044.27,2,2,2,6,At Risk
5487,32,12,286404.58999999997,3,5,3,11,Medium Value
5488,57,7,209778.74,2,2,2,6,At Risk
5489,84,6,205026.54,1,2,2,5,At Risk
5490,21,9,340803.75,4,4,4,12,Medium Value
5491,27,11,465316.54000000004,3,5,5,13,High Value
5492,2,11,310762.08,5,5,4,14,High Value
5493,4,11,349644.46,5,5,4,14,High Value
5494,12,8,232444.91,4,3,3,10,Medium Value
5495,110,4,149583.07,1,1,1,3,At Risk
5496,36,5,107872.45,3,1,1,5,At Risk
5497,51,8,302348.16,2,3,4,9,Low Value
5498,6,16,528894.59,5,5,5,15,High Value
5499,92,13,513660.89,1,5,5,11,Medium Value
5500,19,10,204580.01,4,4,2,10,Medium Value
5501,75,4,92941.42,1,1,1,3,At Risk
5502,57,3,57332.31,2,1,1,4,At Risk
5503,79,7,168729.32,1,2,2,5,At Risk
5504,35,7,282587.57,3,2,3,8,Low Value
5505,43,8,229627.84,2,3,3,8,Low Value
5506,144,2,90604.46,1,1,1,3,At Risk
5507,76,10,217796.76,1,4,2,7,Low Value
5508,9,9,262694.09,5,4,3,12,Medium Value
5509,27,8,269362.6,3,3,3,9,Low Value
5510,131,9,374843.84,1,4,5,10,Medium Value
5511,8,5,155768.86,5,1,1,7,Low Value
5512,90,10,317589.47,1,4,4,9,Low Value
5513,55,10,445427.47000000003,2,4,5,11,Medium Value
5514,28,11,284854.21,3,5,3,11,Medium Value
5515,92,3,132554.19,1,1,1,3,At Risk
5516,3,8,239651.57,5,3,3,11,Medium Value
5517,1,10,336486.75,5,4,4,13,High Value
5518,15,10,533260.24,4,4,5,13,High Value
5519,104,9,328595.82,1,4,4,9,Low Value
5520,28,5,75031.67,3,1,1,5,At Risk
5521,20,10,398925.4,4,4,5,13,High Value
5522,199,3,85094.20999999999,1,1,1,3,At Risk
5523,13,12,397420.61,4,5,5,14,High Value
5524,13,9,296807.85,4,4,4,12,Medium Value
5525,142,5,173957.99,1,1,2,4,At Risk
5526,57,7,256283.65,2,2,3,7,Low Value
5527,55,10,465752.24,2,4,5,11,Medium Value
5528,37,10,275681.72,3,4,3,10,Medium Value
5529,56,11,509080.54000000004,2,5,5,12,Medium Value
5530,42,11,322144.42,2,5,4,11,Medium Value
5531,33,6,207453.61,3,2,2,7,Low Value
5532,87,8,208801.40000000002,1,3,2,6,At Risk
5533,34,11,302688.27,3,5,4,12,Medium Value
5534,157,3,139681.72,1,1,1,3,At Risk
5535,22,8,245474.92,4,3,3,10,Medium Value
5536,35,7,327424.69,3,2,4,9,Low Value
5537,39,9,257461.05000000002,3,4,3,10,Medium Value
5538,62,10,270471.51,2,4,3,9,Low Value
5539,49,9,372762.77,2,4,5,11,Medium Value
5540,9,11,315363.79,5,5,4,14,High Value
5541,53,14,399768.52,2,5,5,12,Medium Value
5542,4,8,138000.74,5,3,1,9,Low Value
5543,4,10,267756.59,5,4,3,12,Medium Value
5544,21,5,356750.33999999997,4,1,4,9,Low Value
5545,19,9,347822.25,4,4,4,12,Medium Value
5546,6,16,649771.09,5,5,5,15,High Value
5547,5,10,216539.16,5,4,2,11,Medium Value
5548,76,12,452998.17,1,5,5,11,Medium Value
5549,28,10,282110.6,3,4,3,10,Medium Value
5550,22,12,331608.68,4,5,4,13,High Value
5551,33,6,187254.25,3,2,2,7,Low Value
5552,28,9,291186.5,3,4,4,11,Medium Value
5553,105,5,200714.83000000002,1,1,2,4,At Risk
5554,65,10,167529.32,2,4,2,8,Low Value
5555,107,8,231383.16999999998,1,3,3,7,Low Value
5556,15,10,286867.05,4,4,3,11,Medium Value
5557,21,10,191959.12,4,4,2,10,Medium Value
5558,14,9,355668.9,4,4,4,12,Medium Value
5559,0,10,201064.2,5,4,2,11,Medium Value
5560,42,6,273479.45,2,2,3,7,Low Value
5561,15,12,478249.66000000003,4,5,5,14,High Value
5562,10,12,360893.48,4,5,4,13,High Value
5563,54,8,315368.83999999997,2,3,4,9,Low Value
5564,71,9,303171.27999999997,2,4,4,10,Medium Value
5565,50,9,254186.40000000002,2,4,3,9,Low Value
5566,35,10,327041.56,3,4,4,11,Medium Value
5567,36,8,263178.6,3,3,3,9,Low Value
5568,77,8,233708.83000000002,1,3,3,7,Low Value
5569,72,7,139624.88,1,2,1,4,At Risk
5570,20,11,262634.66000000003,4,5,3,12,Medium Value
5571,126,3,61712.69,1,1,1,3,At Risk
5572,30,10,405181.12,3,4,5,12,Medium Value
5573,68,9,279010.31,2,4,3,9,Low Value
5574,84,5,98808.41,1,1,1,3,At Risk
5575,12,6,167372.13999999998,4,2,2,8,Low Value
5576,41,8,140926.79,2,3,1,6,At Risk
5577,12,7,264166.41000000003,4,2,3,9,Low Value
5578,5,11,472492.39999999997,5,5,5,15,High Value
5579,64,10,193160.12,2,4,2,8,Low Value
5580,48,8,117541.24,2,3,1,6,At Risk
5581,74,9,275295.26,1,4,3,8,Low Value
5582,73,7,283661.74,1,2,3,6,At Risk
5583,50,8,136564.11000000002,2,3,1,6,At Risk
5584,3,11,448307.51,5,5,5,15,High Value
5585,108,12,382501.3,1,5,5,11,Medium Value
5586,29,10,305096.33,3,4,4,11,Medium Value
5587,39,10,234447.97999999998,3,4,3,10,Medium Value
5588,56,9,360320.03,2,4,4,10,Medium Value
5589,13,9,252875.77999999997,4,4,3,11,Medium Value
5590,259,3,42848.15,1,1,1,3,At Risk
5591,44,11,280765.05,2,5,3,10,Medium Value
5592,8,5,256389.77,5,1,3,9,Low Value
5593,0,7,317307.27,5,2,4,11,Medium Value
5594,42,10,303124.02,2,4,4,10,Medium Value
5595,34,4,86801.03,3,1,1,5,At Risk
5596,16,6,123680.93,4,2,1,7,Low Value
5597,14,8,179118.7,4,3,2,9,Low Value
5598,4,8,439648.16000000003,5,3,5,13,High Value
5599,5,10,298605.1,5,4,4,13,High Value
5600,18,8,258167.77000000002,4,3,3,10,Medium Value
5601,85,8,207464.46,1,3,2,6,At Risk
5602,114,7,222642.88,1,2,2,5,At Risk
5603,58,10,341681.09,2,4,4,10,Medium Value
5604,17,15,404513.64,4,5,5,14,High Value
5605,31,9,366160.64,3,4,4,11,Medium Value
5606,48,4,133585.83,2,1,1,4,At Risk
5607,16,8,208812.97999999998,4,3,2,9,Low Value
5608,36,10,320937.8,3,4,4,11,Medium Value
5609,1,11,403252.83,5,5,5,15,High Value
5610,14,6,330851.5,4,2,4,10,Medium Value
5611,16,14,558691.53,4,5,5,14,High Value
5612,68,7,230609.44,2,2,3,7,Low Value
5613,6,6,440773.87,5,2,5,12,Medium Value
5614,0,11,327511.16,5,5,4,14,High Value
5615,22,6,268407.72,4,2,3,9,Low Value
5616,21,13,318953.02,4,5,4,13,High Value
5617,87,6,155639.53,1,2,1,4,At Risk
5618,140,4,107811.04,1,1,1,3,At Risk
5619,92,7,267283.2,1,2,3,6,At Risk
5620,65,8,274683.04000000004,2,3,3,8,Low Value
5621,39,7,273409.24,3,2,3,8,Low Value
5622,0,6,205928.38,5,2,2,9,Low Value
5623,39,9,315213.75,3,4,4,11,Medium Value
5624,82,6,141561.23,1,2,1,4,At Risk
5625,37,9,295229.46,3,4,4,11,Medium Value
5626,28,8,200956.16,3,3,2,8,Low Value
5627,74,9,440458.41000000003,1,4,5,10,Medium Value
5628,31,7,204413.5,3,2,2,7,Low Value
5629,19,9,400978.73,4,4,5,13,High Value
5630,45,11,363066.27,2,5,4,11,Medium Value
5631,19,5,218940.73,4,1,2,7,Low Value
5632,58,4,123849.4,2,1,1,4,At Risk
5633,14,9,392656.35,4,4,5,13,High Value
5634,21,13,427178.21,4,5,5,14,High Value
5635,54,8,246731.59,2,3,3,8,Low Value
5636,341,1,8477.34,1,1,1,3,At Risk
5637,69,6,214976.9,2,2,2,6,At Risk
5638,12,11,373295.35,4,5,5,14,High Value
5639,10,7,227930.61,4,2,3,9,Low Value
5640,38,14,506327.99,3,5,5,13,High Value
5641,21,14,639629.77,4,5,5,14,High Value
5642,152,8,166287.46,1,3,2,6,At Risk
5643,25,7,350058.48,3,2,4,9,Low Value
5644,15,5,242274.78,4,1,3,8,Low Value
5645,10,9,347387.23,4,4,4,12,Medium Value
5646,42,11,604453.25,2,5,5,12,Medium Value
5647,11,11,299742.54,4,5,4,13,High Value
5648,26,10,402462.24,3,4,5,12,Medium Value
5649,12,7,168085.6,4,2,2,8,Low Value
5650,74,4,41373.28,1,1,1,3,At Risk
5651,51,9,172751.11,2,4,2,8,Low Value
5652,44,9,415470.51,2,4,5,11,Medium Value
5653,20,11,282182.88,4,5,3,12,Medium Value
5654,5,15,377977.51,5,5,5,15,High Value
5655,43,9,341022.29,2,4,4,10,Medium Value
5656,42,10,368828.63,2,4,4,10,Medium Value
5657,43,8,149987.34,2,3,1,6,At Risk
5658,7,11,258299.57,5,5,3,13,High Value
5659,113,4,200124.44,1,1,2,4,At Risk
5660,7,9,230314.44,5,4,3,12,Medium Value
5661,82,8,157555.81,1,3,1,5,At Risk
5662,52,8,223583.39,2,3,2,7,Low Value
5663,29,5,208740.6,3,1,2,6,At Risk
5664,42,6,151584.23,2,2,1,5,At Risk
5665,90,9,259761.32,1,4,3,8,Low Value
5666,56,11,433732.41000000003,2,5,5,12,Medium Value
5667,31,7,349475.15,3,2,4,9,Low Value
5668,141,11,286774.28,1,5,3,9,Low Value
5669,13,4,62665.73,4,1,1,6,At Risk
5670,3,6,119091.68,5,2,1,8,Low Value
5671,205,1,11904.19,1,1,1,3,At Risk
5672,68,10,645799.4,2,4,5,11,Medium Value
5673,76,10,371892.55,1,4,5,10,Medium Value
5674,23,7,66650.26,3,2,1,6,At Risk
5675,10,10,191844.8,4,4,2,10,Medium Value
5676,73,7,278192.2,1,2,3,6,At Risk
5677,131,7,326690.8,1,2,4,7,Low Value
5678,118,6,275214.61,1,2,3,6,At Risk
5679,14,15,711010.78,4,5,5,14,High Value
5680,19,9,357191.14,4,4,4,12,Medium Value
5681,16,11,317329.61,4,5,4,13,High Value
5682,55,9,298033.83,2,4,4,10,Medium Value
5683,48,9,251168.22999999998,2,4,3,9,Low Value
5684,73,7,141696.53,1,2,1,4,At Risk
5685,27,7,229658.30000000002,3,2,3,8,Low Value
5686,108,3,93382.86,1,1,1,3,At Risk
5687,10,17,718834.63,4,5,5,14,High Value
5688,40,9,328890.65,3,4,4,11,Medium Value
5689,9,16,452778.95,5,5,5,15,High Value
5690,117,7,239645.49,1,2,3,6,At Risk
5691,131,10,380580.99,1,4,5,10,Medium Value
5692,23,10,349268.43,3,4,4,11,Medium Value
5693,11,10,300748.97,4,4,4,12,Medium Value
5694,18,10,401798.07999999996,4,4,5,13,High Value
5695,20,10,478458.74,4,4,5,13,High Value
5696,118,8,284434.26,1,3,3,7,Low Value
5697,32,11,333202.78,3,5,4,12,Medium Value
5698,43,9,180414.89,2,4,2,8,Low Value
5699,38,5,197444.08000000002,3,1,2,6,At Risk
5700,32,9,298492.1,3,4,4,11,Medium Value
5701,72,6,203076.94999999998,1,2,2,5,At Risk
5702,16,6,161430.79,4,2,1,7,Low Value
5703,30,6,51592.66,3,2,1,6,At Risk
5704,103,7,235241.06,1,2,3,6,At Risk
5705,43,5,278140.88,2,1,3,6,At Risk
5706,14,5,85881.58,4,1,1,6,At Risk
5707,31,9,259764.86000000002,3,4,3,10,Medium Value
5708,60,6,154772.08000000002,2,2,1,5,At Risk
5709,40,6,254602.3,3,2,3,8,Low Value
5710,13,7,162314.32,4,2,2,8,Low Value
5711,8,10,334781.54000000004,5,4,4,13,High Value
5712,49,12,483019.66000000003,2,5,5,12,Medium Value
5713,12,13,455207.02999999997,4,5,5,14,High Value
5714,43,9,220361.15,2,4,2,8,Low Value
5715,24,8,205038.95,3,3,2,8,Low Value
5716,20,9,437029.57,4,4,5,13,High Value
5717,60,6,114871.09000000001,2,2,1,5,At Risk
5718,66,7,247888.91999999998,2,2,3,7,Low Value
5719,15,6,123761.84,4,2,1,7,Low Value
5720,28,8,179661.32,3,3,2,8,Low Value
5721,5,10,208805.75,5,4,2,11,Medium Value
5722,15,10,360329.27,4,4,4,12,Medium Value
5723,18,9,228488.38,4,4,3,11,Medium Value
5724,23,10,257448.12,3,4,3,10,Medium Value
5725,20,14,575476.97,4,5,5,14,High Value
5726,36,11,259372.78999999998,3,5,3,11,Medium Value
5727,3,8,206403.03999999998,5,3,2,10,Medium Value
5728,253,6,164460.66999999998,1,2,2,5,At Risk
5729,3,9,192653.85,5,4,2,11,Medium Value
5730,44,8,284755.46,2,3,3,8,Low Value
5731,0,11,373790.28,5,5,5,15,High Value
5732,3,14,605064.3099999999,5,5,5,15,High Value
5733,112,11,239612.04,1,5,3,9,Low Value
5734,132,10,385943.52,1,4,5,10,Medium Value
5735,16,13,588683.33,4,5,5,14,High Value
5736,47,6,148838.33,2,2,1,5,At Risk
5737,0,6,136262.83,5,2,1,8,Low Value
5738,5,10,292174.35,5,4,4,13,High Value
5739,28,8,185951.71,3,3,2,8,Low Value
5740,12,8,413274.80000000005,4,3,5,12,Medium Value
5741,61,2,55102.560000000005,2,1,1,4,At Risk
5742,66,5,243853.1,2,1,3,6,At Risk
5743,40,8,232041.56,3,3,3,9,Low Value
5744,11,4,152591.03999999998,4,1,1,6,At Risk
5745,27,14,599542.3200000001,3,5,5,13,High Value
5746,84,5,186968.99,1,1,2,4,At Risk
5747,21,6,185836.77000000002,4,2,2,8,Low Value
5748,82,8,151721.21,1,3,1,5,At Risk
5749,20,6,159688.97,4,2,1,7,Low Value
5750,13,12,443058.4,4,5,5,14,High Value
5751,173,7,282184.01,1,2,3,6,At Risk
5752,19,6,342091.56999999995,4,2,4,10,Medium Value
5753,8,6,333518.94,5,2,4,11,Medium Value
5754,55,9,228829.41,2,4,3,9,Low Value
5755,112,7,387535.66000000003,1,2,5,8,Low Value
5756,6,12,278512.38,5,5,3,13,High Value
5757,22,7,97993.13,4,2,1,7,Low Value
5758,52,8,277395.01,2,3,3,8,Low Value
5759,26,5,151236.52,3,1,1,5,At Risk
5760,129,6,280428.91,1,2,3,6,At Risk
5761,19,4,117592.62,4,1,1,6,At Risk
5762,7,6,244988.02,5,2,3,10,Medium Value
5763,15,10,203584.61000000002,4,4,2,10,Medium Value
5764,10,15,464097.08999999997,4,5,5,14,High Value
5765,1,9,411788.38,5,4,5,14,High Value
5766,81,8,158660.53999999998,1,3,1,5,At Risk
5767,12,6,108796.48000000001,4,2,1,7,Low Value
5768,57,6,129734.9,2,2,1,5,At Risk
5769,23,3,228301.68000000002,3,1,3,7,Low Value
5770,55,7,171347.12,2,2,2,6,At Risk
5771,35,15,696428.0800000001,3,5,5,13,High Value
5772,19,7,210295.58,4,2,2,8,Low Value
5773,6,10,514599.52,5,4,5,14,High Value
5774,5,9,243663.89,5,4,3,12,Medium Value
5775,40,15,543910.39,3,5,5,13,High Value
5776,8,12,394172.49,5,5,5,15,High Value
5777,27,6,129170.57,3,2,1,6,At Risk
5778,64,16,461281.25,2,5,5,12,Medium Value
5779,59,9,299944.47,2,4,4,10,Medium Value
5780,9,4,199147.88999999998,5,1,2,8,Low Value
5781,57,6,326268.85,2,2,4,8,Low Value
5782,10,13,309382.3,4,5,4,13,High Value
5783,11,13,436975.58,4,5,5,14,High Value
5784,12,5,137251.74,4,1,1,6,At Risk
5785,12,10,218252.82,4,4,2,10,Medium Value
5786,102,7,293157.29,1,2,4,7,Low Value
5787,43,10,337493.13,2,4,4,10,Medium Value
5788,131,12,296816.56,1,5,4,10,Medium Value
5789,43,4,121803.24,2,1,1,4,At Risk
5790,2,8,248716.09,5,3,3,11,Medium Value
5791,32,10,267770.27,3,4,3,10,Medium Value
5792,109,5,301413.76,1,1,4,6,At Risk
5793,0,12,492307.48,5,5,5,15,High Value
5794,46,9,285093.82,2,4,3,9,Low Value
5795,1,9,513535.73,5,4,5,14,High Value
5796,31,6,150859.41,3,2,1,6,At Risk
5797,41,7,215156.78,2,2,2,6,At Risk
5798,225,6,115958.53,1,2,1,4,At Risk
5799,3,10,333776.43,5,4,4,13,High Value
5800,65,8,377847.69,2,3,5,10,Medium Value
5801,74,7,381226.32,1,2,5,8,Low Value
5802,1,12,548524.54,5,5,5,15,High Value
5803,105,6,209013.38,1,2,2,5,At Risk
5804,80,5,134948.15,1,1,1,3,At Risk
5805,52,15,363153.46,2,5,4,11,Medium Value
5806,46,13,442026.38,2,5,5,12,Medium Value
5807,69,8,266297.91,2,3,3,8,Low Value
5808,58,10,281585.02999999997,2,4,3,9,Low Value
5809,5,11,423412.32,5,5,5,15,High Value
5810,1,11,356462.8,5,5,4,14,High Value
5811,104,4,267996.04000000004,1,1,3,5,At Risk
5812,35,3,75301.62000000001,3,1,1,5,At Risk
5813,6,11,572663.58,5,5,5,15,High Value
5814,11,5,125045.26999999999,4,1,1,6,At Risk
5815,31,7,150278.58,3,2,1,6,At Risk
5816,14,9,158600.6,4,4,1,9,Low Value
5817,38,5,89181.28,3,1,1,5,At Risk
5818,7,8,191073.2,5,3,2,10,Medium Value
5819,5,10,148903.56,5,4,1,10,Medium Value
5820,34,7,267679.38,3,2,3,8,Low Value
5821,48,8,233180.15,2,3,3,8,Low Value
5822,40,10,251595.22,3,4,3,10,Medium Value
5823,0,10,248933.2,5,4,3,12,Medium Value
5824,49,16,480518.81,2,5,5,12,Medium Value
5825,0,8,248199.22999999998,5,3,3,11,Medium Value
5826,8,10,277203.46,5,4,3,12,Medium Value
5827,10,13,482188.79,4,5,5,14,High Value
5828,148,3,130695.34,1,1,1,3,At Risk
5829,51,8,226491.41,2,3,3,8,Low Value
5830,15,11,381733.83,4,5,5,14,High Value
5831,3,7,298253.79,5,2,4,11,Medium Value
5832,12,11,243346.66,4,5,3,12,Medium Value
5833,2,6,248465.6,5,2,3,10,Medium Value
5834,58,8,169403.91999999998,2,3,2,7,Low Value
5835,7,8,239024.55,5,3,3,11,Medium Value
5836,29,11,389542.65,3,5,5,13,High Value
5837,148,6,206016.08000000002,1,2,2,5,At Risk
5838,8,15,452747.27,5,5,5,15,High Value
5839,85,6,249122.84,1,2,3,6,At Risk
5840,5,9,494992.91,5,4,5,14,High Value
5841,17,12,389010.51,4,5,5,14,High Value
5842,11,9,212938.9,4,4,2,10,Medium Value
5843,14,11,351894.2,4,5,4,13,High Value
5844,8,14,425930.46,5,5,5,15,High Value
5845,18,7,295609.22,4,2,4,10,Medium Value
5846,5,10,472415.52,5,4,5,14,High Value
5847,27,10,230957.22,3,4,3,10,Medium Value
5848,22,11,276895.05,4,5,3,12,Medium Value
5849,8,11,392866.81,5,5,5,15,High Value
5850,21,16,482310.93,4,5,5,14,High Value
5851,31,8,350075.31,3,3,4,10,Medium Value
5852,65,3,109587.0,2,1,1,4,At Risk
5853,96,10,269183.68,1,4,3,8,Low Value
5854,81,10,386663.6,1,4,5,10,Medium Value
5855,38,7,226624.13,3,2,3,8,Low Value
5856,72,9,267530.72000000003,1,4,3,8,Low Value
5857,62,5,143347.91,2,1,1,4,At Risk
5858,8,4,111573.98999999999,5,1,1,7,Low Value
5859,166,5,256950.43,1,1,3,5,At Risk
5860,82,11,322674.69999999995,1,5,4,10,Medium Value
5861,28,7,244594.93,3,2,3,8,Low Value
5862,15,10,409693.32,4,4,5,13,High Value
5863,92,4,83925.47,1,1,1,3,At Risk
5864,91,11,483868.23,1,5,5,11,Medium Value
5865,21,6,204386.33000000002,4,2,2,8,Low Value
5866,16,10,445158.92,4,4,5,13,High Value
5867,59,5,169605.52000000002,2,1,2,5,At Risk
5868,6,7,187912.8,5,2,2,9,Low Value
5869,26,5,65009.45,3,1,1,5,At Risk
5870,24,8,184824.91,3,3,2,8,Low Value
5871,5,10,241699.15,5,4,3,12,Medium Value
5872,69,5,171491.66999999998,2,1,2,5,At Risk
5873,14,7,109472.04,4,2,1,7,Low Value
5874,190,3,71406.98,1,1,1,3,At Risk
5875,43,6,151792.4,2,2,1,5,At Risk
5876,3,8,172428.22,5,3,2,10,Medium Value
5877,41,5,116166.92,2,1,1,4,At Risk
5878,5,8,214376.8,5,3,2,10,Medium Value
5879,16,15,434423.49,4,5,5,14,High Value
5880,54,5,97324.34,2,1,1,4,At Risk
5881,108,11,397692.31,1,5,5,11,Medium Value
5882,3,8,205382.04,5,3,2,10,Medium Value
5883,15,9,127238.66,4,4,1,9,Low Value
5884,5,10,296232.85,5,4,4,13,High Value
5885,42,7,190851.76,2,2,2,6,At Risk
5886,65,8,287643.66,2,3,3,8,Low Value
5887,44,13,477055.71,2,5,5,12,Medium Value
5888,27,3,167389.49000000002,3,1,2,6,At Risk
5889,42,10,385022.49,2,4,5,11,Medium Value
5890,19,3,154859.57,4,1,1,6,At Risk
5891,35,11,425311.39,3,5,5,13,High Value
5892,3,11,247993.4,5,5,3,13,High Value
5893,83,5,66937.63,1,1,1,3,At Risk
5894,50,14,333131.87,2,5,4,11,Medium Value
5895,0,10,247673.11,5,4,3,12,Medium Value
5896,43,4,106675.09999999999,2,1,1,4,At Risk
5897,67,10,330094.53,2,4,4,10,Medium Value
5898,72,11,424358.05,1,5,5,11,Medium Value
5899,18,7,88637.65,4,2,1,7,Low Value
5900,5,15,773260.12,5,5,5,15,High Value
5901,68,5,186302.56,2,1,2,5,At Risk
5902,15,9,309991.89,4,4,4,12,Medium Value
5903,4,5,221969.6,5,1,2,8,Low Value
5904,20,7,257511.36,4,2,3,9,Low Value
5905,12,13,451860.09,4,5,5,14,High Value
5906,91,5,261261.46,1,1,3,5,At Risk
5907,135,8,132443.61000000002,1,3,1,5,At Risk
5908,6,14,326139.7,5,5,4,14,High Value
5909,150,3,126214.93000000001,1,1,1,3,At Risk
5910,93,7,159400.59,1,2,1,4,At Risk
5911,53,4,153040.5,2,1,1,4,At Risk
5912,143,8,419264.88,1,3,5,9,Low Value
5913,30,9,365703.98,3,4,4,11,Medium Value
5914,77,8,169759.49,1,3,2,6,At Risk
5915,43,4,94512.45999999999,2,1,1,4,At Risk
5916,1,9,178695.28,5,4,2,11,Medium Value
5917,10,9,363382.16000000003,4,4,4,12,Medium Value
5918,2,6,75743.22,5,2,1,8,Low Value
5919,67,9,189045.22,2,4,2,8,Low Value
5920,115,7,142504.41,1,2,1,4,At Risk
5921,18,9,376569.92,4,4,5,13,High Value
5922,10,10,512218.4,4,4,5,13,High Value
5923,15,10,322892.09,4,4,4,12,Medium Value
5924,150,10,537136.57,1,4,5,10,Medium Value
5925,23,9,313860.51,3,4,4,11,Medium Value
5926,0,9,416272.51,5,4,5,14,High Value
5927,15,11,267466.9,4,5,3,12,Medium Value
5928,20,9,235609.63,4,4,3,11,Medium Value
5929,19,7,157539.81,4,2,1,7,Low Value
5930,15,12,432246.0,4,5,5,14,High Value
5931,48,6,187063.52,2,2,2,6,At Risk
5932,11,7,284044.87,4,2,3,9,Low Value
5933,9,10,297602.17,5,4,4,13,High Value
5934,8,12,319149.21,5,5,4,14,High Value
5935,42,10,330428.51,2,4,4,10,Medium Value
5936,53,5,56323.14,2,1,1,4,At Risk
5937,29,3,55625.54,3,1,1,5,At Risk
5938,77,8,329186.08,1,3,4,8,Low Value
5939,31,9,188922.55,3,4,2,9,Low Value
5940,8,13,424040.47000000003,5,5,5,15,High Value
5941,26,6,207542.97999999998,3,2,2,7,Low Value
5942,3,17,448458.8,5,5,5,15,High Value
5943,108,3,54723.92,1,1,1,3,At Risk
5944,17,11,288827.99,4,5,3,12,Medium Value
5945,67,6,242985.36000000002,2,2,3,7,Low Value
5946,21,10,459218.62,4,4,5,13,High Value
5947,36,10,275099.2,3,4,3,10,Medium Value
5948,18,10,264178.99,4,4,3,11,Medium Value
5949,94,8,149682.78,1,3,1,5,At Risk
5950,62,10,416682.73,2,4,5,11,Medium Value
5951,68,6,275208.61,2,2,3,7,Low Value
5952,12,7,218844.09,4,2,2,8,Low Value
5953,220,3,46803.71,1,1,1,3,At Risk
5954,53,9,456758.16,2,4,5,11,Medium Value
5955,4,8,223402.22,5,3,2,10,Medium Value
5956,64,6,161811.78,2,2,2,6,At Risk
5957,60,10,259738.62,2,4,3,9,Low Value
5958,0,4,60720.70999999999,5,1,1,7,Low Value
5959,14,8,167015.33000000002,4,3,2,9,Low Value
5960,20,8,464338.51,4,3,5,12,Medium Value
5961,7,5,83801.98,5,1,1,7,Low Value
5962,6,9,185382.27,5,4,2,11,Medium Value
5963,177,3,78928.05,1,1,1,3,At Risk
5964,3,7,124115.79,5,2,1,8,Low Value
5965,1,11,230513.64,5,5,3,13,High Value
5966,69,7,270486.25,2,2,3,7,Low Value
5967,19,8,382422.80000000005,4,3,5,12,Medium Value
5968,71,9,480528.25,2,4,5,11,Medium Value
5969,27,9,194675.95,3,4,2,9,Low Value
5970,27,10,269285.53,3,4,3,10,Medium Value
5971,4,11,549687.07,5,5,5,15,High Value
5972,30,9,241559.77,3,4,3,10,Medium Value
5973,29,17,543994.6799999999,3,5,5,13,High Value
5974,86,9,328671.29000000004,1,4,4,9,Low Value
5975,29,5,162834.18999999997,3,1,2,6,At Risk
5976,114,6,192930.19,1,2,2,5,At Risk
5977,34,9,280340.89999999997,3,4,3,10,Medium Value
5978,21,11,287364.0,4,5,3,12,Medium Value
5979,15,11,500620.02,4,5,5,14,High Value
5980,142,4,88575.42,1,1,1,3,At Risk
5981,32,3,183869.08000000002,3,1,2,6,At Risk
5982,46,6,289365.89,2,2,4,8,Low Value
5983,134,3,28495.83,1,1,1,3,At Risk
5984,13,10,285361.78,4,4,3,11,Medium Value
5985,5,10,324963.38,5,4,4,13,High Value
5986,104,7,370764.2,1,2,5,8,Low Value
5987,1,11,331556.83,5,5,4,14,High Value
5988,51,8,177591.9,2,3,2,7,Low Value
5989,26,8,228465.93,3,3,3,9,Low Value
5990,78,8,308704.01,1,3,4,8,Low Value
5991,14,10,203364.65,4,4,2,10,Medium Value
5992,83,8,287787.32,1,3,3,7,Low Value
5993,14,13,309110.17,4,5,4,13,High Value
5994,67,10,451273.58,2,4,5,11,Medium Value
5995,8,10,152422.09,5,4,1,10,Medium Value
5996,85,5,196538.72,1,1,2,4,At Risk
5997,72,7,391586.49,1,2,5,8,Low Value
5998,18,9,232531.03,4,4,3,11,Medium Value
5999,15,11,680919.89,4,5,5,14,High Value
6000,27,9,255984.06,3,4,3,10,Medium Value
6001,43,11,368708.25,2,5,4,11,Medium Value
6002,50,7,209045.55000000002,2,2,2,6,At Risk
6003,0,9,303509.27,5,4,4,13,High Value
6004,105,4,85314.68,1,1,1,3,At Risk
6005,131,4,195165.42,1,1,2,4,At Risk
6006,72,7,261750.55000000002,1,2,3,6,At Risk
6007,33,11,286843.91000000003,3,5,3,11,Medium Value
6008,46,12,371466.82,2,5,5,12,Medium Value
6009,22,13,367296.33,4,5,4,13,High Value
6010,23,9,291375.49,3,4,4,11,Medium Value
6011,77,6,245871.77,1,2,3,6,At Risk
6012,26,11,412228.98,3,5,5,13,High Value
6013,139,9,457576.51,1,4,5,10,Medium Value
6014,18,7,274412.06,4,2,3,9,Low Value
6015,6,9,366572.32,5,4,4,13,High Value
6016,48,6,290390.0,2,2,4,8,Low Value
6017,61,9,257496.86000000002,2,4,3,9,Low Value
6018,76,12,452209.9,1,5,5,11,Medium Value
6019,64,7,288616.9,2,2,3,7,Low Value
6020,47,9,389160.02,2,4,5,11,Medium Value
6021,49,6,163982.97,2,2,2,6,At Risk
6022,30,6,119109.36,3,2,1,6,At Risk
6023,20,12,437850.46,4,5,5,14,High Value
6024,13,7,268063.04,4,2,3,9,Low Value
6025,0,9,272123.77999999997,5,4,3,12,Medium Value
6026,4,10,480916.86,5,4,5,14,High Value
6027,10,12,206499.08,4,5,2,11,Medium Value
6028,15,10,336546.39,4,4,4,12,Medium Value
6029,28,8,261197.16999999998,3,3,3,9,Low Value
6030,4,4,159075.73,5,1,1,7,Low Value
6031,10,4,125045.12999999999,4,1,1,6,At Risk
6032,20,11,248596.21,4,5,3,12,Medium Value
6033,42,14,522356.37,2,5,5,12,Medium Value
6034,5,12,445230.88,5,5,5,15,High Value
6035,22,16,359233.68,4,5,4,13,High Value
6036,15,8,395261.34,4,3,5,12,Medium Value
6037,24,16,473888.9,3,5,5,13,High Value
6038,5,9,381089.64,5,4,5,14,High Value
6039,31,6,291732.02,3,2,4,9,Low Value
6040,56,9,345256.58,2,4,4,10,Medium Value
6041,11,7,206646.68,4,2,2,8,Low Value
6042,42,6,302200.01,2,2,4,8,Low Value
6043,114,5,132992.31,1,1,1,3,At Risk
6044,113,11,378566.13,1,5,5,11,Medium Value
6045,39,12,344217.04,3,5,4,12,Medium Value
6046,24,9,180976.06,3,4,2,9,Low Value
6047,50,6,225828.55,2,2,3,7,Low Value
6048,22,11,312917.57,4,5,4,13,High Value
6049,14,8,164272.11,4,3,2,9,Low Value
6050,29,8,209338.07,3,3,2,8,Low Value
6051,131,8,364192.53,1,3,4,8,Low Value
6052,19,13,538027.73,4,5,5,14,High Value
6053,55,11,201781.47999999998,2,5,2,9,Low Value
6054,89,9,268466.21,1,4,3,8,Low Value
6055,6,14,541432.88,5,5,5,15,High Value
6056,8,12,411807.27,5,5,5,15,High Value
6057,185,5,167370.21,1,1,2,4,At Risk
6058,29,12,496434.05,3,5,5,13,High Value
6059,1,7,166923.04,5,2,2,9,Low Value
6060,200,3,62938.380000000005,1,1,1,3,At Risk
6061,9,8,283268.71,5,3,3,11,Medium Value
6062,75,7,160507.2,1,2,1,4,At Risk
6063,22,6,92655.82,4,2,1,7,Low Value
6064,20,12,409987.49,4,5,5,14,High Value
6065,35,8,201932.59,3,3,2,8,Low Value
6066,6,10,408384.21,5,4,5,14,High Value
6067,74,6,188106.8,1,2,2,5,At Risk
6068,10,11,285277.66,4,5,3,12,Medium Value
6069,10,11,476930.93000000005,4,5,5,14,High Value
6070,100,5,158442.65,1,1,1,3,At Risk
6071,18,11,358801.82,4,5,4,13,High Value
6072,41,8,296061.07,2,3,4,9,Low Value
6073,76,9,307870.79,1,4,4,9,Low Value
6074,32,7,236031.65,3,2,3,8,Low Value
6075,9,16,230572.62,5,5,3,13,High Value
6076,2,6,101581.64,5,2,1,8,Low Value
6077,39,13,337166.65,3,5,4,12,Medium Value
6078,48,5,400998.64,2,1,5,8,Low Value
6079,41,6,351476.31,2,2,4,8,Low Value
6080,59,10,376084.9,2,4,5,11,Medium Value
6081,2,8,233473.15,5,3,3,11,Medium Value
6082,5,10,308582.91,5,4,4,13,High Value
6083,26,10,299355.16,3,4,4,11,Medium Value
6084,0,11,519900.77,5,5,5,15,High Value
6085,3,13,585291.76,5,5,5,15,High Value
6086,26,7,128494.58,3,2,1,6,At Risk
6087,95,5,172870.08,1,1,2,4,At Risk
6088,10,10,249799.19,4,4,3,11,Medium Value
6089,11,10,497395.52999999997,4,4,5,13,High Value
6090,4,8,157883.41,5,3,1,9,Low Value
6091,27,8,156900.4,3,3,1,7,Low Value
6092,0,4,117680.23,5,1,1,7,Low Value
6093,62,11,546509.02,2,5,5,12,Medium Value
6094,41,8,272056.2,2,3,3,8,Low Value
6095,71,7,237812.90000000002,2,2,3,7,Low Value
6096,5,7,254141.91,5,2,3,10,Medium Value
6097,48,7,295126.04,2,2,4,8,Low Value
6098,46,5,217238.37,2,1,2,5,At Risk
6099,9,7,301642.54000000004,5,2,4,11,Medium Value
6100,33,9,299689.85,3,4,4,11,Medium Value
6101,9,10,370355.81,5,4,5,14,High Value
6102,23,10,452349.4,3,4,5,12,Medium Value
6103,29,4,130544.42,3,1,1,5,At Risk
6104,88,5,69629.86,1,1,1,3,At Risk
6105,18,6,155511.88,4,2,1,7,Low Value
6106,34,6,100355.47,3,2,1,6,At Risk
6107,166,11,407464.98,1,5,5,11,Medium Value
6108,95,10,188077.43,1,4,2,7,Low Value
6109,59,11,263943.25,2,5,3,10,Medium Value
6110,13,11,307128.26,4,5,4,13,High Value
6111,174,4,62596.14,1,1,1,3,At Risk
6112,11,8,165661.03,4,3,2,9,Low Value
6113,103,10,308945.3,1,4,4,9,Low Value
6114,4,10,398732.97,5,4,5,14,High Value
6115,21,8,286514.37999999995,4,3,3,10,Medium Value
6116,13,7,141523.15,4,2,1,7,Low Value
6117,45,7,184157.95,2,2,2,6,At Risk
6118,9,8,390050.42000000004,5,3,5,13,High Value
6119,4,9,192503.95,5,4,2,11,Medium Value
6120,149,7,176628.87,1,2,2,5,At Risk
6121,3,6,120235.91,5,2,1,8,Low Value
6122,148,8,293471.16,1,3,4,8,Low Value
6123,20,11,305710.76,4,5,4,13,High Value
6124,35,11,269952.31,3,5,3,11,Medium Value
6125,70,4,44255.979999999996,2,1,1,4,At Risk
6126,82,6,211474.86,1,2,2,5,At Risk
6127,8,8,140859.63,5,3,1,9,Low Value
6128,22,12,345790.35,4,5,4,13,High Value
6129,114,8,221874.59,1,3,2,6,At Risk
6130,97,5,107326.62,1,1,1,3,At Risk
6131,4,11,498372.33,5,5,5,15,High Value
6132,46,5,178135.09,2,1,2,5,At Risk
6133,13,5,149231.63,4,1,1,6,At Risk
6134,2,11,238749.1,5,5,3,13,High Value
6135,146,10,338061.07,1,4,4,9,Low Value
6136,4,9,254948.08000000002,5,4,3,12,Medium Value
6137,30,7,262581.69,3,2,3,8,Low Value
6138,15,7,163587.68,4,2,2,8,Low Value
6139,101,4,164005.24,1,1,2,4,At Risk
6140,0,7,180834.85,5,2,2,9,Low Value
6141,54,10,217165.35,2,4,2,8,Low Value
6142,0,15,508689.42,5,5,5,15,High Value
6143,15,9,298012.22,4,4,4,12,Medium Value
6144,75,7,339152.63,1,2,4,7,Low Value
6145,39,8,239634.89,3,3,3,9,Low Value
6146,23,8,397190.19,3,3,5,11,Medium Value
6147,34,5,196505.21,3,1,2,6,At Risk
6148,3,11,381139.34,5,5,5,15,High Value
6149,25,9,190652.16999999998,3,4,2,9,Low Value
6150,21,6,187184.95,4,2,2,8,Low Value
6151,83,14,408138.32,1,5,5,11,Medium Value
6152,39,8,288139.11,3,3,3,9,Low Value
6153,74,4,162067.66999999998,1,1,2,4,At Risk
6154,23,10,294228.59,3,4,4,11,Medium Value
6155,62,10,156263.11,2,4,1,7,Low Value
6156,28,12,428269.31,3,5,5,13,High Value
6157,4,8,160655.13,5,3,1,9,Low Value
6158,9,5,84643.75,5,1,1,7,Low Value
6159,30,11,355281.95,3,5,4,12,Medium Value
6160,18,4,268419.56,4,1,3,8,Low Value
6161,40,6,235816.56,3,2,3,8,Low Value
6162,52,7,272140.77,2,2,3,7,Low Value
6163,7,17,384082.88,5,5,5,15,High Value
6164,32,8,412376.9,3,3,5,11,Medium Value
6165,58,7,210165.44,2,2,2,6,At Risk
6166,130,7,234324.15000000002,1,2,3,6,At Risk
6167,99,9,401640.67000000004,1,4,5,10,Medium Value
6168,209,5,122128.36,1,1,1,3,At Risk
6169,1,6,214276.47,5,2,2,9,Low Value
6170,55,12,347307.23,2,5,4,11,Medium Value
6171,72,6,189785.57,1,2,2,5,At Risk
6172,51,13,510130.34,2,5,5,12,Medium Value
6173,94,6,124916.81,1,2,1,4,At Risk
6174,35,9,220189.68,3,4,2,9,Low Value
6175,23,13,413596.79000000004,3,5,5,13,High Value
6176,44,9,257070.14,2,4,3,9,Low Value
6177,6,5,274807.66,5,1,3,9,Low Value
6178,2,5,316170.83999999997,5,1,4,10,Medium Value
6179,21,12,446407.79,4,5,5,14,High Value
6180,80,8,340924.35,1,3,4,8,Low Value
6181,0,12,354119.81,5,5,4,14,High Value
6182,26,13,215459.67,3,5,2,10,Medium Value
6183,7,8,279286.52,5,3,3,11,Medium Value
6184,41,8,175468.28999999998,2,3,2,7,Low Value
6185,86,5,284394.43,1,1,3,5,At Risk
6186,8,10,262414.01,5,4,3,12,Medium Value
6187,62,2,141009.47,2,1,1,4,At Risk
6188,30,7,124560.12,3,2,1,6,At Risk
6189,39,9,173920.11,3,4,2,9,Low Value
6190,15,7,206571.59,4,2,2,8,Low Value
6191,22,8,342764.88,4,3,4,11,Medium Value
6192,23,8,187062.69,3,3,2,8,Low Value
6193,8,10,274810.8,5,4,3,12,Medium Value
6194,29,10,299981.51999999996,3,4,4,11,Medium Value
6195,33,11,324047.46,3,5,4,12,Medium Value
6196,20,3,54264.37,4,1,1,6,At Risk
6197,27,5,121477.86,3,1,1,5,At Risk
6198,12,6,111087.59999999999,4,2,1,7,Low Value
6199,47,7,359303.6,2,2,4,8,Low Value
6200,36,6,141987.40999999997,3,2,1,6,At Risk
6201,55,11,363859.37,2,5,4,11,Medium Value
6202,4,11,347809.45,5,5,4,14,High Value
6203,101,2,26359.239999999998,1,1,1,3,At Risk
6204,5,7,202741.32,5,2,2,9,Low Value
6205,39,11,235753.13,3,5,3,11,Medium Value
6206,24,10,443498.58,3,4,5,12,Medium Value
6207,7,7,210712.83000000002,5,2,2,9,Low Value
6208,12,10,217575.51,4,4,2,10,Medium Value
6209,28,10,454214.33,3,4,5,12,Medium Value
6210,15,9,311440.7,4,4,4,12,Medium Value
6211,9,6,188932.29,5,2,2,9,Low Value
6212,16,6,218592.96000000002,4,2,2,8,Low Value
6213,80,14,484986.07,1,5,5,11,Medium Value
6214,31,6,92771.78,3,2,1,6,At Risk
6215,33,7,124535.85,3,2,1,6,At Risk
6216,28,6,132289.57,3,2,1,6,At Risk
6217,168,5,93411.73,1,1,1,3,At Risk
6218,93,8,165515.61,1,3,2,6,At Risk
6219,16,12,273372.31,4,5,3,12,Medium Value
6220,50,10,349838.85,2,4,4,10,Medium Value
6221,24,14,372583.37,3,5,5,13,High Value
6222,28,7,173607.92,3,2,2,7,Low Value
6223,3,9,227339.18,5,4,3,12,Medium Value
6224,21,9,357080.47000000003,4,4,4,12,Medium Value
6225,127,6,181131.75,1,2,2,5,At Risk
6226,11,12,448422.81,4,5,5,14,High Value
6227,53,5,161627.32,2,1,1,4,At Risk
6228,46,8,339773.18,2,3,4,9,Low Value
6229,30,6,223738.55,3,2,2,7,Low Value
6230,92,12,350338.42,1,5,4,10,Medium Value
6231,52,10,349166.19,2,4,4,10,Medium Value
6232,26,15,497906.1,3,5,5,13,High Value
6233,41,5,174806.06,2,1,2,5,At Risk
6234,10,13,548741.72,4,5,5,14,High Value
6235,88,9,202321.74,1,4,2,7,Low Value
6236,1,5,109229.77,5,1,1,7,Low Value
6237,55,7,136105.47,2,2,1,5,At Risk
6238,14,14,403736.02999999997,4,5,5,14,High Value
6239,26,10,260069.56,3,4,3,10,Medium Value
6240,11,5,56101.82000000001,4,1,1,6,At Risk
6241,12,11,380263.75,4,5,5,14,High Value
6242,30,9,360278.39999999997,3,4,4,11,Medium Value
6243,63,6,189458.81,2,2,2,6,At Risk
6244,1,6,103231.53,5,2,1,8,Low Value
6245,35,8,204077.08,3,3,2,8,Low Value
6246,96,10,237586.77,1,4,3,8,Low Value
6247,33,7,151030.26,3,2,1,6,At Risk
6248,18,8,383653.79,4,3,5,12,Medium Value
6249,24,6,161084.78,3,2,1,6,At Risk
6250,5,7,309259.65,5,2,4,11,Medium Value
6251,51,6,176387.45,2,2,2,6,At Risk
6252,12,8,240017.41999999998,4,3,3,10,Medium Value
6253,36,4,156133.6,3,1,1,5,At Risk
6254,34,5,151224.19,3,1,1,5,At Risk
6255,34,11,324441.49,3,5,4,12,Medium Value
6256,2,7,255758.12,5,2,3,10,Medium Value
6257,87,3,99439.7,1,1,1,3,At Risk
6258,19,7,197163.27,4,2,2,8,Low Value
6259,21,10,389346.76,4,4,5,13,High Value
6260,44,11,269992.5,2,5,3,10,Medium Value
6261,41,5,126067.17,2,1,1,4,At Risk
6262,11,6,186352.28,4,2,2,8,Low Value
6263,17,7,215485.25,4,2,2,8,Low Value
6264,10,8,342932.27,4,3,4,11,Medium Value
6265,48,5,115274.26000000001,2,1,1,4,At Risk
6266,58,5,215361.86000000002,2,1,2,5,At Risk
6267,44,7,177318.01,2,2,2,6,At Risk
6268,5,10,441219.94,5,4,5,14,High Value
6269,10,10,321497.58999999997,4,4,4,12,Medium Value
6270,24,9,216520.16,3,4,2,9,Low Value
6271,41,5,161576.84,2,1,1,4,At Risk
6272,24,6,149291.43,3,2,1,6,At Risk
6273,39,8,235960.75,3,3,3,9,Low Value
6274,49,8,178884.75,2,3,2,7,Low Value
6275,21,10,230714.72,4,4,3,11,Medium Value
6276,14,9,421797.41000000003,4,4,5,13,High Value
6277,53,14,237731.54,2,5,3,10,Medium Value
6278,105,3,75035.47,1,1,1,3,At Risk
6279,217,2,53659.350000000006,1,1,1,3,At Risk
6280,0,8,169552.91,5,3,2,10,Medium Value
6281,57,10,285892.7,2,4,3,9,Low Value
6282,15,12,306023.42,4,5,4,13,High Value
6283,27,8,212896.01,3,3,2,8,Low Value
6284,0,9,230134.91,5,4,3,12,Medium Value
6285,24,11,402753.20999999996,3,5,5,13,High Value
6286,5,6,165996.57,5,2,2,9,Low Value
6287,1,11,216606.92,5,5,2,12,Medium Value
6288,11,8,170366.91,4,3,2,9,Low Value
6289,51,11,229698.68,2,5,3,10,Medium Value
6290,179,4,59506.96000000001,1,1,1,3,At Risk
6291,74,7,308894.77,1,2,4,7,Low Value
6292,36,5,75014.35,3,1,1,5,At Risk
6293,16,8,152362.62,4,3,1,8,Low Value
6294,4,10,197742.65,5,4,2,11,Medium Value
6295,52,6,67876.29,2,2,1,5,At Risk
6296,17,11,374014.15,4,5,5,14,High Value
6297,152,5,187921.84,1,1,2,4,At Risk
6298,0,9,345102.24,5,4,4,13,High Value
6299,80,7,183484.59,1,2,2,5,At Risk
6300,10,7,161684.52,4,2,1,7,Low Value
6301,5,7,108971.1,5,2,1,8,Low Value
6302,34,9,151820.09,3,4,1,8,Low Value
6303,0,13,647496.54,5,5,5,15,High Value
6304,32,11,492001.06,3,5,5,13,High Value
6305,97,7,205165.07,1,2,2,5,At Risk
6306,14,5,165945.52000000002,4,1,2,7,Low Value
6307,44,7,266690.94,2,2,3,7,Low Value
6308,0,7,163205.57,5,2,2,9,Low Value
6309,42,6,198819.47999999998,2,2,2,6,At Risk
6310,8,12,432601.65,5,5,5,15,High Value
6311,54,5,184464.09,2,1,2,5,At Risk
6312,52,15,593512.35,2,5,5,12,Medium Value
6313,1,10,225626.83000000002,5,4,3,12,Medium Value
6314,42,8,326994.42,2,3,4,9,Low Value
6315,42,2,68790.52,2,1,1,4,At Risk
6316,188,3,130897.72,1,1,1,3,At Risk
6317,50,15,499597.38,2,5,5,12,Medium Value
6318,12,10,144888.06,4,4,1,9,Low Value
6319,8,11,355360.34,5,5,4,14,High Value
6320,31,11,345017.65,3,5,4,12,Medium Value
6321,6,8,212785.62,5,3,2,10,Medium Value
6322,2,11,328096.06,5,5,4,14,High Value
6323,83,11,346529.57,1,5,4,10,Medium Value
6324,64,9,202924.84999999998,2,4,2,8,Low Value
6325,45,11,292016.6,2,5,4,11,Medium Value
6326,38,9,489151.63,3,4,5,12,Medium Value
6327,6,8,212843.3,5,3,2,10,Medium Value
6328,45,9,295054.76,2,4,4,10,Medium Value
6329,8,14,495657.26,5,5,5,15,High Value
6330,36,9,207611.05000000002,3,4,2,9,Low Value
6331,2,6,234468.21,5,2,3,10,Medium Value
6332,8,9,300984.62,5,4,4,13,High Value
6333,74,8,378279.07,1,3,5,9,Low Value
6334,1,9,366830.62,5,4,4,13,High Value
6335,117,6,212037.24,1,2,2,5,At Risk
6336,5,8,218946.23,5,3,2,10,Medium Value
6337,7,5,123683.34999999999,5,1,1,7,Low Value
6338,35,10,561956.88,3,4,5,12,Medium Value
6339,6,7,175871.04,5,2,2,9,Low Value
6340,23,3,57393.530000000006,3,1,1,5,At Risk
6341,42,9,292287.23,2,4,4,10,Medium Value
6342,100,5,92131.23999999999,1,1,1,3,At Risk
6343,4,7,205492.66999999998,5,2,2,9,Low Value
6344,8,6,229735.76,5,2,3,10,Medium Value
6345,31,9,294887.22000000003,3,4,4,11,Medium Value
6346,312,1,71829.31,1,1,1,3,At Risk
6347,42,14,451581.71,2,5,5,12,Medium Value
6348,18,4,103082.45,4,1,1,6,At Risk
6349,26,11,612691.9,3,5,5,13,High Value
6350,22,9,378143.21,4,4,5,13,High Value
6351,27,6,189406.4,3,2,2,7,Low Value
6352,19,7,108570.5,4,2,1,7,Low Value
6353,7,10,388572.36,5,4,5,14,High Value
6354,72,12,452216.24,1,5,5,11,Medium Value
6355,38,7,184386.61,3,2,2,7,Low Value
6356,273,4,147322.19,1,1,1,3,At Risk
6357,21,4,87569.51999999999,4,1,1,6,At Risk
6358,57,10,293875.07,2,4,4,10,Medium Value
6359,46,14,437848.52999999997,2,5,5,12,Medium Value
6360,5,9,227360.99000000002,5,4,3,12,Medium Value
6361,12,10,276263.52,4,4,3,11,Medium Value
6362,34,9,255343.32,3,4,3,10,Medium Value
6363,24,9,369754.72000000003,3,4,5,12,Medium Value
6364,8,7,187782.01,5,2,2,9,Low Value
6365,110,3,66533.22,1,1,1,3,At Risk
6366,10,11,262332.08,4,5,3,12,Medium Value
6367,20,9,298638.33,4,4,4,12,Medium Value
6368,15,5,84683.47,4,1,1,6,At Risk
6369,9,9,249026.13999999998,5,4,3,12,Medium Value
6370,7,7,258448.0,5,2,3,10,Medium Value
6371,39,6,212902.86,3,2,2,7,Low Value
6372,14,11,442445.06,4,5,5,14,High Value
6373,13,10,316340.48,4,4,4,12,Medium Value
6374,0,13,534992.74,5,5,5,15,High Value
6375,18,9,277086.45,4,4,3,11,Medium Value
6376,11,6,308088.78,4,2,4,10,Medium Value
6377,29,7,94661.15,3,2,1,6,At Risk
6378,23,8,234257.22999999998,3,3,3,9,Low Value
6379,57,12,311944.69,2,5,4,11,Medium Value
6380,5,11,312487.29,5,5,4,14,High Value
6381,9,4,72412.28,5,1,1,7,Low Value
6382,31,10,290967.47,3,4,4,11,Medium Value
6383,23,5,92836.98,3,1,1,5,At Risk
6384,75,5,108494.70999999999,1,1,1,3,At Risk
6385,75,6,225570.33000000002,1,2,3,6,At Risk
6386,51,6,236578.34,2,2,3,7,Low Value
6387,14,12,432865.08,4,5,5,14,High Value
6388,150,5,109732.76,1,1,1,3,At Risk
6389,21,11,278574.3,4,5,3,12,Medium Value
6390,159,4,174744.07,1,1,2,4,At Risk
6391,43,12,532819.12,2,5,5,12,Medium Value
6392,156,5,174615.51,1,1,2,4,At Risk
6393,6,13,243329.82,5,5,3,13,High Value
6394,29,7,169180.23,3,2,2,7,Low Value
6395,16,7,177896.09,4,2,2,8,Low Value
6396,14,7,83104.05,4,2,1,7,Low Value
6397,88,4,149313.55,1,1,1,3,At Risk
6398,30,9,254668.41,3,4,3,10,Medium Value
6399,26,12,411421.02999999997,3,5,5,13,High Value
6400,10,7,197333.99000000002,4,2,2,8,Low Value
6401,21,7,154586.24,4,2,1,7,Low Value
6402,56,11,324229.69,2,5,4,11,Medium Value
6403,56,3,35094.37,2,1,1,4,At Risk
6404,39,11,162654.37,3,5,2,10,Medium Value
6405,74,10,372427.1,1,4,5,10,Medium Value
6406,26,14,475651.87,3,5,5,13,High Value
6407,27,8,118436.32,3,3,1,7,Low Value
6408,12,5,98147.09,4,1,1,6,At Risk
6409,25,5,153880.99000000002,3,1,1,5,At Risk
6410,12,8,422385.67000000004,4,3,5,12,Medium Value
6411,31,10,250044.77,3,4,3,10,Medium Value
6412,84,4,107078.45000000001,1,1,1,3,At Risk
6413,1,6,139484.65,5,2,1,8,Low Value
6414,144,6,155356.52000000002,1,2,1,4,At Risk
6415,16,9,429319.58999999997,4,4,5,13,High Value
6416,46,6,150162.65,2,2,1,5,At Risk
6417,77,14,394619.57,1,5,5,11,Medium Value
6418,9,12,480318.02999999997,5,5,5,15,High Value
6419,71,5,175485.99,2,1,2,5,At Risk
6420,38,6,86051.3,3,2,1,6,At Risk
6421,28,15,528073.32,3,5,5,13,High Value
6422,44,8,176351.9,2,3,2,7,Low Value
6423,47,8,237003.7,2,3,3,8,Low Value
6424,10,6,197128.57,4,2,2,8,Low Value
6425,68,8,226315.72,2,3,3,8,Low Value
6426,14,7,274190.09,4,2,3,9,Low Value
6427,16,8,248007.34,4,3,3,10,Medium Value
6428,35,10,269832.8,3,4,3,10,Medium Value
6429,0,13,445684.86,5,5,5,15,High Value
6430,35,11,359784.58,3,5,4,12,Medium Value
6431,16,11,284444.35,4,5,3,12,Medium Value
6432,5,8,130702.58,5,3,1,9,Low Value
6433,13,8,259488.8,4,3,3,10,Medium Value
6434,30,8,360779.17,3,3,4,10,Medium Value
6435,23,13,351050.79,3,5,4,12,Medium Value
6436,7,8,272699.65,5,3,3,11,Medium Value
6437,7,5,206564.07,5,1,2,8,Low Value
6438,4,10,474910.39,5,4,5,14,High Value
6439,74,9,218103.28,1,4,2,7,Low Value
6440,83,12,518815.3,1,5,5,11,Medium Value
6441,56,9,168212.46,2,4,2,8,Low Value
6442,41,5,85032.76,2,1,1,4,At Risk
6443,18,11,183451.93,4,5,2,11,Medium Value
6444,64,11,340061.49,2,5,4,11,Medium Value
6445,1,9,143785.95,5,4,1,10,Medium Value
6446,26,9,416739.88,3,4,5,12,Medium Value
6447,70,7,227814.44999999998,2,2,3,7,Low Value
6448,20,8,145739.56,4,3,1,8,Low Value
6449,5,9,327270.27,5,4,4,13,High Value
6450,4,7,177053.84000000003,5,2,2,9,Low Value
6451,62,5,207896.16999999998,2,1,2,5,At Risk
6452,20,7,164916.78,4,2,2,8,Low Value
6453,3,5,176092.04,5,1,2,8,Low Value
6454,19,8,277003.0,4,3,3,10,Medium Value
6455,33,7,325194.22,3,2,4,9,Low Value
6456,64,9,315780.75,2,4,4,10,Medium Value
6457,31,6,144144.59,3,2,1,6,At Risk
6458,26,9,298852.9,3,4,4,11,Medium Value
6459,26,13,375336.05,3,5,5,13,High Value
6460,132,4,152467.54,1,1,1,3,At Risk
6461,18,11,273178.73,4,5,3,12,Medium Value
6462,13,10,179440.65,4,4,2,10,Medium Value
6463,56,9,463209.08,2,4,5,11,Medium Value
6464,3,11,361708.35,5,5,4,14,High Value
6465,28,8,322716.66,3,3,4,10,Medium Value
6466,29,10,223931.22,3,4,2,9,Low Value
6467,34,12,419376.47,3,5,5,13,High Value
6468,50,13,309500.36,2,5,4,11,Medium Value
6469,64,10,222385.37,2,4,2,8,Low Value
6470,0,5,152030.77,5,1,1,7,Low Value
6471,79,6,243681.38,1,2,3,6,At Risk
6472,27,7,211532.1,3,2,2,7,Low Value
6473,20,7,163513.68,4,2,2,8,Low Value
6474,23,10,394590.8,3,4,5,12,Medium Value
6475,102,5,96880.39,1,1,1,3,At Risk
6476,47,7,388483.2,2,2,5,9,Low Value
6477,12,7,159493.14,4,2,1,7,Low Value
6478,37,3,97727.3,3,1,1,5,At Risk
6479,27,10,372604.96,3,4,5,12,Medium Value
6480,18,8,242834.33,4,3,3,10,Medium Value
6481,24,4,92484.54999999999,3,1,1,5,At Risk
6482,24,12,511812.87,3,5,5,13,High Value
6483,16,11,398562.56,4,5,5,14,High Value
6484,4,6,118252.13,5,2,1,8,Low Value
6485,199,5,166114.19,1,1,2,4,At Risk
6486,39,6,230160.95,3,2,3,8,Low Value
6487,9,8,238972.74,5,3,3,11,Medium Value
6488,72,5,226665.78,1,1,3,5,At Risk
6489,150,5,182413.84,1,1,2,4,At Risk
6490,27,10,523505.99000000005,3,4,5,12,Medium Value
6491,2,11,371986.23,5,5,5,15,High Value
6492,134,4,139379.59,1,1,1,3,At Risk
6493,34,11,353159.29000000004,3,5,4,12,Medium Value
6494,2,9,153907.6,5,4,1,10,Medium Value
6495,2,11,437757.58,5,5,5,15,High Value
6496,64,6,193161.6,2,2,2,6,At Risk
6497,79,7,296148.86,1,2,4,7,Low Value
6498,87,10,326116.41,1,4,4,9,Low Value
6499,58,12,412046.17,2,5,5,12,Medium Value
6500,19,11,253205.73,4,5,3,12,Medium Value
6501,14,5,227697.07,4,1,3,8,Low Value
6502,20,8,325305.27,4,3,4,11,Medium Value
6503,58,8,239124.19,2,3,3,8,Low Value
6504,70,5,93718.0,2,1,1,4,At Risk
6505,6,11,309461.76999999996,5,5,4,14,High Value
6506,143,7,264163.24,1,2,3,6,At Risk
6507,5,13,518757.83,5,5,5,15,High Value
6508,44,8,227143.44,2,3,3,8,Low Value
6509,31,10,291808.19,3,4,4,11,Medium Value
6510,35,5,106427.82999999999,3,1,1,5,At Risk
6511,66,9,107630.92,2,4,1,7,Low Value
6512,99,4,167333.62,1,1,2,4,At Risk
6513,7,9,223065.90999999997,5,4,2,11,Medium Value
6514,40,9,208139.31,3,4,2,9,Low Value
6515,113,7,219155.98,1,2,2,5,At Risk
6516,19,6,113205.88,4,2,1,7,Low Value
6517,38,6,261191.92,3,2,3,8,Low Value
6518,31,4,113209.23,3,1,1,5,At Risk
6519,3,17,542063.25,5,5,5,15,High Value
6520,43,10,346250.45,2,4,4,10,Medium Value
6521,10,10,420476.25,4,4,5,13,High Value
6522,104,10,361943.88,1,4,4,9,Low Value
6523,28,6,166552.38,3,2,2,7,Low Value
6524,127,6,302098.83,1,2,4,7,Low Value
6525,16,10,336327.29,4,4,4,12,Medium Value
6526,60,11,345604.37,2,5,4,11,Medium Value
6527,33,5,257497.66,3,1,3,7,Low Value
6528,30,6,298415.83,3,2,4,9,Low Value
6529,13,9,348680.89,4,4,4,12,Medium Value
6530,28,9,322430.98,3,4,4,11,Medium Value
6531,61,6,190214.04,2,2,2,6,At Risk
6532,74,7,287418.60000000003,1,2,3,6,At Risk
6533,10,8,172233.44,4,3,2,9,Low Value
6534,17,11,334364.52,4,5,4,13,High Value
6535,25,7,269008.83,3,2,3,8,Low Value
6536,13,12,491927.07,4,5,5,14,High Value
6537,29,8,156173.68,3,3,1,7,Low Value
6538,48,7,217751.46,2,2,2,6,At Risk
6539,5,10,403766.33,5,4,5,14,High Value
6540,48,13,322891.13,2,5,4,11,Medium Value
6541,45,6,225714.39,2,2,3,7,Low Value
6542,18,10,267630.96,4,4,3,11,Medium Value
6543,8,11,522272.77,5,5,5,15,High Value
6544,11,11,382748.05,4,5,5,14,High Value
6545,56,10,296438.41,2,4,4,10,Medium Value
6546,48,5,157425.85,2,1,1,4,At Risk
6547,118,7,193909.16,1,2,2,5,At Risk
6548,24,12,289714.42,3,5,4,12,Medium Value
6549,22,8,250396.7,3,3,3,9,Low Value
6550,26,14,418744.08,3,5,5,13,High Value
6551,10,10,205021.03,4,4,2,10,Medium Value
6552,66,5,225799.46,2,1,3,6,At Risk
6553,19,7,97911.86,4,2,1,7,Low Value
6554,6,13,494298.95,5,5,5,15,High Value
6555,9,8,221760.28999999998,5,3,2,10,Medium Value
6556,27,9,222070.03,3,4,2,9,Low Value
6557,49,10,334210.64,2,4,4,10,Medium Value
6558,64,6,212706.86,2,2,2,6,At Risk
6559,19,8,365943.45999999996,4,3,4,11,Medium Value
6560,39,9,208869.75,3,4,2,9,Low Value
6561,23,9,198285.31,3,4,2,9,Low Value
6562,4,7,210876.87,5,2,2,9,Low Value
6563,20,8,346838.73,4,3,4,11,Medium Value
6564,1,8,282056.75,5,3,3,11,Medium Value
6565,11,11,391089.29,4,5,5,14,High Value
6566,118,7,409229.52,1,2,5,8,Low Value
6567,50,13,407504.5,2,5,5,12,Medium Value
6568,36,13,331532.67,3,5,4,12,Medium Value
6569,27,10,202546.05000000002,3,4,2,9,Low Value
6570,67,3,111652.01000000001,2,1,1,4,At Risk
6571,41,10,244022.15000000002,2,4,3,9,Low Value
6572,18,7,110428.63,4,2,1,7,Low Value
6573,9,9,279139.11,5,4,3,12,Medium Value
6574,2,13,547069.18,5,5,5,15,High Value
6575,63,9,264100.68,2,4,3,9,Low Value
6576,2,7,280351.84,5,2,3,10,Medium Value
6577,57,8,314932.24,2,3,4,9,Low Value
6578,94,9,414251.82,1,4,5,10,Medium Value
6579,19,8,372671.79000000004,4,3,5,12,Medium Value
6580,12,5,148132.03999999998,4,1,1,6,At Risk
6581,84,5,115274.13,1,1,1,3,At Risk
6582,89,6,328883.83,1,2,4,7,Low Value
6583,43,8,174255.75,2,3,2,7,Low Value
6584,30,12,293270.21,3,5,4,12,Medium Value
6585,86,11,328361.45999999996,1,5,4,10,Medium Value
6586,51,6,125609.14,2,2,1,5,At Risk
6587,84,9,223274.7,1,4,2,7,Low Value
6588,42,11,282111.94,2,5,3,10,Medium Value
6589,14,17,612827.0499999999,4,5,5,14,High Value
6590,23,5,180043.25,3,1,2,6,At Risk
6591,6,7,183430.51,5,2,2,9,Low Value
6592,60,9,346316.95999999996,2,4,4,10,Medium Value
6593,95,8,148466.14,1,3,1,5,At Risk
6594,41,6,349329.05000000005,2,2,4,8,Low Value
6595,30,9,250785.24,3,4,3,10,Medium Value
6596,154,8,265831.49,1,3,3,7,Low Value
6597,37,11,268432.05,3,5,3,11,Medium Value
6598,25,3,129484.64,3,1,1,5,At Risk
6599,66,10,323328.43,2,4,4,10,Medium Value
6600,24,7,281811.38,3,2,3,8,Low Value
6601,25,8,335300.93,3,3,4,10,Medium Value
6602,27,9,261990.35,3,4,3,10,Medium Value
6603,23,10,362972.89,3,4,4,11,Medium Value
6604,0,5,50715.46000000001,5,1,1,7,Low Value
6605,76,6,162552.43,1,2,2,5,At Risk
6606,60,6,330740.25,2,2,4,8,Low Value
6607,59,3,45892.25,2,1,1,4,At Risk
6608,19,15,528803.54,4,5,5,14,High Value
6609,28,7,328777.61,3,2,4,9,Low Value
6610,51,10,331330.98,2,4,4,10,Medium Value
6611,33,6,234813.47,3,2,3,8,Low Value
6612,74,7,198442.15,1,2,2,5,At Risk
6613,40,9,221834.0,3,4,2,9,Low Value
6614,25,10,330248.36,3,4,4,11,Medium Value
6615,21,11,483767.21,4,5,5,14,High Value
6616,1,13,487743.3,5,5,5,15,High Value
6617,10,11,391560.97000000003,4,5,5,14,High Value
6618,9,9,337928.82,5,4,4,13,High Value
6619,48,5,102142.44,2,1,1,4,At Risk
6620,87,5,169518.36000000002,1,1,2,4,At Risk
6621,18,7,141383.53,4,2,1,7,Low Value
6622,8,6,101388.02,5,2,1,8,Low Value
6623,28,8,319979.70999999996,3,3,4,10,Medium Value
6624,31,13,254908.25,3,5,3,11,Medium Value
6625,1,11,424019.81,5,5,5,15,High Value
6626,2,10,197065.2,5,4,2,11,Medium Value
6627,22,10,282129.01,3,4,3,10,Medium Value
6628,12,8,222956.27,4,3,2,9,Low Value
6629,1,12,317915.21,5,5,4,14,High Value
6630,13,7,206488.25,4,2,2,8,Low Value
6631,121,5,101734.98,1,1,1,3,At Risk
6632,69,8,198710.47999999998,2,3,2,7,Low Value
6633,39,8,272508.86,3,3,3,9,Low Value
6634,1,8,397678.16000000003,5,3,5,13,High Value
6635,31,10,291385.03,3,4,4,11,Medium Value
6636,22,11,416247.65,3,5,5,13,High Value
6637,9,10,298948.88,5,4,4,13,High Value
6638,52,8,206373.6,2,3,2,7,Low Value
6639,189,7,254008.32,1,2,3,6,At Risk
6640,67,5,125148.95,2,1,1,4,At Risk
6641,20,11,483464.73,4,5,5,14,High Value
6642,90,8,139324.02,1,3,1,5,At Risk
6643,41,5,283052.02,2,1,3,6,At Risk
6644,1,10,294304.11,5,4,4,13,High Value
6645,31,7,181599.93,3,2,2,7,Low Value
6646,17,7,409340.89,4,2,5,11,Medium Value
6647,34,4,163929.4,3,1,2,6,At Risk
6648,74,10,267987.57,1,4,3,8,Low Value
6649,6,14,544882.5,5,5,5,15,High Value
6650,47,10,432885.23,2,4,5,11,Medium Value
6651,4,7,181604.49,5,2,2,9,Low Value
6652,68,10,346544.05,2,4,4,10,Medium Value
6653,3,15,705226.14,5,5,5,15,High Value
6654,45,4,133518.27,2,1,1,4,At Risk
6655,42,9,229083.12,2,4,3,9,Low Value
6656,82,6,157549.58000000002,1,2,1,4,At Risk
6657,16,8,141095.63,4,3,1,8,Low Value
6658,112,2,72932.72,1,1,1,3,At Risk
6659,23,10,217801.71000000002,3,4,2,9,Low Value
6660,0,14,249242.75,5,5,3,13,High Value
6661,22,5,68131.19,3,1,1,5,At Risk
6662,1,10,326513.92000000004,5,4,4,13,High Value
6663,3,9,386653.61,5,4,5,14,High Value
6664,21,8,157892.98,4,3,1,8,Low Value
6665,59,8,264163.61,2,3,3,8,Low Value
6666,47,12,232585.94,2,5,3,10,Medium Value
6667,1,11,274939.18,5,5,3,13,High Value
6668,20,6,253292.18999999997,4,2,3,9,Low Value
6669,11,10,252756.72,4,4,3,11,Medium Value
6670,5,7,161378.13,5,2,1,8,Low Value
6671,27,8,351043.51,3,3,4,10,Medium Value
6672,45,11,297878.68,2,5,4,11,Medium Value
6673,80,6,278067.52,1,2,3,6,At Risk
6674,25,4,49675.049999999996,3,1,1,5,At Risk
6675,26,8,210434.59000000003,3,3,2,8,Low Value
6676,56,7,262188.58999999997,2,2,3,7,Low Value
6677,63,5,182692.43,2,1,2,5,At Risk
6678,60,9,201209.88999999998,2,4,2,8,Low Value
6679,50,10,301038.84,2,4,4,10,Medium Value
6680,81,9,235486.21,1,4,3,8,Low Value
6681,22,10,366322.04,3,4,4,11,Medium Value
6682,4,8,368238.11,5,3,4,12,Medium Value
6683,26,12,413662.89,3,5,5,13,High Value
6684,18,11,472543.72,4,5,5,14,High Value
6685,74,10,388082.94,1,4,5,10,Medium Value
6686,26,11,447210.51,3,5,5,13,High Value
6687,251,6,213897.58,1,2,2,5,At Risk
6688,10,12,403975.95999999996,4,5,5,14,High Value
6689,36,12,394690.69,3,5,5,13,High Value
6690,11,9,424772.03,4,4,5,13,High Value
6691,45,12,421631.83,2,5,5,12,Medium Value
6692,5,8,229608.98,5,3,3,11,Medium Value
6693,25,15,410204.75,3,5,5,13,High Value
6694,128,3,91889.20999999999,1,1,1,3,At Risk
6695,56,9,203306.88,2,4,2,8,Low Value
6696,9,10,299175.23,5,4,4,13,High Value
6697,99,8,366698.68,1,3,4,8,Low Value
6698,4,9,149224.04,5,4,1,10,Medium Value
6699,6,10,461453.79,5,4,5,14,High Value
6700,1,11,523544.67,5,5,5,15,High Value
6701,57,10,385854.15,2,4,5,11,Medium Value
6702,87,7,235507.27,1,2,3,6,At Risk
6703,41,7,236604.66,2,2,3,7,Low Value
6704,38,9,226900.21000000002,3,4,3,10,Medium Value
6705,88,5,286119.86,1,1,3,5,At Risk
6706,47,8,186922.21,2,3,2,7,Low Value
6707,111,4,113251.29000000001,1,1,1,3,At Risk
6708,41,8,165042.91,2,3,2,7,Low Value
6709,4,8,371759.49,5,3,5,13,High Value
6710,1,9,246838.38,5,4,3,12,Medium Value
6711,37,7,278195.75,3,2,3,8,Low Value
6712,34,8,151466.25,3,3,1,7,Low Value
6713,55,7,353462.91000000003,2,2,4,8,Low Value
6714,21,17,512399.23,4,5,5,14,High Value
6715,12,7,192877.71,4,2,2,8,Low Value
6716,3,12,340674.78,5,5,4,14,High Value
6717,31,7,173463.24,3,2,2,7,Low Value
6718,18,12,321985.61,4,5,4,13,High Value
6719,9,11,376383.47,5,5,5,15,High Value
6720,21,15,729968.12,4,5,5,14,High Value
6721,18,12,331342.55,4,5,4,13,High Value
6722,31,10,273430.17,3,4,3,10,Medium Value
6723,11,14,333477.37,4,5,4,13,High Value
6724,14,9,231568.72,4,4,3,11,Medium Value
6725,54,7,214626.95,2,2,2,6,At Risk
6726,1,7,268015.37,5,2,3,10,Medium Value
6727,76,7,253867.04,1,2,3,6,At Risk
6728,83,5,126232.08,1,1,1,3,At Risk
6729,163,6,172838.94,1,2,2,5,At Risk
6730,26,9,154759.63,3,4,1,8,Low Value
6731,109,5,123690.14,1,1,1,3,At Risk
6732,38,9,351775.94,3,4,4,11,Medium Value
6733,46,10,230982.24,2,4,3,9,Low Value
6734,48,8,504716.01,2,3,5,10,Medium Value
6735,35,13,295649.47,3,5,4,12,Medium Value
6736,12,7,389626.38,4,2,5,11,Medium Value
6737,92,5,193167.21,1,1,2,4,At Risk
6738,10,9,222364.98,4,4,2,10,Medium Value
6739,16,4,85716.81,4,1,1,6,At Risk
6740,77,10,140660.21,1,4,1,6,At Risk
6741,63,9,176716.17,2,4,2,8,Low Value
6742,144,7,203122.71,1,2,2,5,At Risk
6743,74,9,268855.27999999997,1,4,3,8,Low Value
6744,33,8,255394.98,3,3,3,9,Low Value
6745,25,4,126990.65000000001,3,1,1,5,At Risk
6746,13,6,255218.2,4,2,3,9,Low Value
6747,70,5,67906.17,2,1,1,4,At Risk
6748,29,6,117389.64,3,2,1,6,At Risk
6749,10,5,162403.84,4,1,2,7,Low Value
6750,62,9,218607.25,2,4,2,8,Low Value
6751,44,7,202173.36000000002,2,2,2,6,At Risk
6752,85,9,260463.56,1,4,3,8,Low Value
6753,16,9,238285.41999999998,4,4,3,11,Medium Value
6754,8,8,389651.4,5,3,5,13,High Value
6755,30,8,178051.02000000002,3,3,2,8,Low Value
6756,1,8,220323.47999999998,5,3,2,10,Medium Value
6757,18,8,394511.56999999995,4,3,5,12,Medium Value
6758,69,8,288788.26,2,3,3,8,Low Value
6759,29,8,270513.81,3,3,3,9,Low Value
6760,5,7,339936.71,5,2,4,11,Medium Value
6761,3,9,320437.3,5,4,4,13,High Value
6762,78,3,127889.34999999999,1,1,1,3,At Risk
6763,11,16,392731.11,4,5,5,14,High Value
6764,25,3,175346.15,3,1,2,6,At Risk
6765,19,11,433075.03,4,5,5,14,High Value
6766,10,9,208207.96,4,4,2,10,Medium Value
6767,93,7,231188.53,1,2,3,6,At Risk
6768,2,7,400249.31,5,2,5,12,Medium Value
6769,7,11,522034.73,5,5,5,15,High Value
6770,104,6,233464.58,1,2,3,6,At Risk
6771,6,11,332252.95,5,5,4,14,High Value
6772,1,7,190304.22,5,2,2,9,Low Value
6773,4,15,550861.9,5,5,5,15,High Value
6774,62,7,172353.03,2,2,2,6,At Risk
6775,3,11,420623.77,5,5,5,15,High Value
6776,166,9,206331.25,1,4,2,7,Low Value
6777,145,8,215520.09,1,3,2,6,At Risk
6778,54,10,386346.19999999995,2,4,5,11,Medium Value
6779,139,8,191210.98,1,3,2,6,At Risk
6780,25,12,206986.94,3,5,2,10,Medium Value
6781,25,8,219786.94,3,3,2,8,Low Value
6782,25,5,228200.45,3,1,3,7,Low Value
6783,28,12,290380.30000000005,3,5,4,12,Medium Value
6784,23,10,369082.17,3,4,4,11,Medium Value
6785,124,3,38649.729999999996,1,1,1,3,At Risk
6786,5,14,474696.81,5,5,5,15,High Value
6787,8,12,445370.09,5,5,5,15,High Value
6788,3,6,307067.88,5,2,4,11,Medium Value
6789,2,11,257080.84,5,5,3,13,High Value
6790,72,11,393021.51,1,5,5,11,Medium Value
6791,35,15,607366.49,3,5,5,13,High Value
6792,45,6,285344.96,2,2,3,7,Low Value
6793,73,6,211896.17,1,2,2,5,At Risk
6794,1,6,134409.15,5,2,1,8,Low Value
6795,20,6,199454.72,4,2,2,8,Low Value
6796,32,11,339953.70999999996,3,5,4,12,Medium Value
6797,8,9,222833.98,5,4,2,11,Medium Value
6798,144,10,189371.06,1,4,2,7,Low Value
6799,15,10,423437.81,4,4,5,13,High Value
6800,65,6,203568.15,2,2,2,6,At Risk
6801,61,4,89095.75,2,1,1,4,At Risk
6802,15,9,191787.07,4,4,2,10,Medium Value
6803,35,12,559669.72,3,5,5,13,High Value
6804,22,8,211681.0,3,3,2,8,Low Value
6805,36,2,59765.27,3,1,1,5,At Risk
6806,25,8,320549.33,3,3,4,10,Medium Value
6807,24,6,191875.05000000002,3,2,2,7,Low Value
6808,88,8,272133.7,1,3,3,7,Low Value
6809,72,5,179586.23,1,1,2,4,At Risk
6810,0,8,209240.08,5,3,2,10,Medium Value
6811,20,13,287742.23,4,5,3,12,Medium Value
6812,10,10,334888.02999999997,4,4,4,12,Medium Value
6813,29,9,284652.13,3,4,3,10,Medium Value
6814,92,4,73065.99,1,1,1,3,At Risk
6815,23,12,358192.87,3,5,4,12,Medium Value
6816,86,11,505644.9,1,5,5,11,Medium Value
6817,4,14,306544.39,5,5,4,14,High Value
6818,7,9,279165.2,5,4,3,12,Medium Value
6819,103,3,105208.48,1,1,1,3,At Risk
6820,16,6,269864.14,4,2,3,9,Low Value
6821,12,14,418867.29,4,5,5,14,High Value
6822,1,9,340908.39,5,4,4,13,High Value
6823,14,12,511558.47,4,5,5,14,High Value
6824,26,6,199866.37,3,2,2,7,Low Value
6825,20,8,198726.15,4,3,2,9,Low Value
6826,39,6,105900.76999999999,3,2,1,6,At Risk
6827,222,4,110928.32999999999,1,1,1,3,At Risk
6828,5,3,91773.94,5,1,1,7,Low Value
6829,37,8,341901.24,3,3,4,10,Medium Value
6830,78,5,468502.5,1,1,5,7,Low Value
6831,118,8,199570.57,1,3,2,6,At Risk
6832,25,10,335023.67,3,4,4,11,Medium Value
6833,6,11,268535.32,5,5,3,13,High Value
6834,14,13,411273.02999999997,4,5,5,14,High Value
6835,2,10,382577.94,5,4,5,14,High Value
6836,2,9,342830.14,5,4,4,13,High Value
6837,30,7,186835.25,3,2,2,7,Low Value
6838,165,8,325326.08999999997,1,3,4,8,Low Value
6839,21,13,284765.73,4,5,3,12,Medium Value
6840,132,9,197565.28,1,4,2,7,Low Value
6841,0,6,313147.83,5,2,4,11,Medium Value
6842,4,11,413445.4,5,5,5,15,High Value
6843,22,11,360513.24,3,5,4,12,Medium Value
6844,85,6,131207.81,1,2,1,4,At Risk
6845,7,9,189887.13999999998,5,4,2,11,Medium Value
6846,36,9,451806.72000000003,3,4,5,12,Medium Value
6847,14,11,240014.28,4,5,3,12,Medium Value
6848,41,5,318315.57,2,1,4,7,Low Value
6849,72,7,82476.06,1,2,1,4,At Risk
6850,24,8,282432.11,3,3,3,9,Low Value
6851,17,8,460992.49,4,3,5,12,Medium Value
6852,86,5,157950.28999999998,1,1,1,3,At Risk
6853,133,4,134308.13,1,1,1,3,At Risk
6854,88,7,243366.56999999998,1,2,3,6,At Risk
6855,19,6,257361.01,4,2,3,9,Low Value
6856,2,6,206633.50999999998,5,2,2,9,Low Value
6857,151,9,332028.66000000003,1,4,4,9,Low Value
6858,2,15,448588.43,5,5,5,15,High Value
6859,3,12,385824.51,5,5,5,15,High Value
6860,72,13,640034.39,1,5,5,11,Medium Value
6861,11,6,120182.97,4,2,1,7,Low Value
6862,13,7,205952.99,4,2,2,8,Low Value
6863,16,9,340828.5,4,4,4,12,Medium Value
6864,131,11,402663.51,1,5,5,11,Medium Value
6865,28,9,186113.97,3,4,2,9,Low Value
6866,42,8,270933.77,2,3,3,8,Low Value
6867,18,6,133417.81,4,2,1,7,Low Value
6868,118,6,125011.38,1,2,1,4,At Risk
6869,18,9,292638.96,4,4,4,12,Medium Value
6870,36,6,164114.49,3,2,2,7,Low Value
6871,7,8,268428.47,5,3,3,11,Medium Value
6872,8,10,363705.57,5,4,4,13,High Value
6873,47,8,223012.95,2,3,2,7,Low Value
6874,17,8,227447.88999999998,4,3,3,10,Medium Value
6875,2,7,214925.80000000002,5,2,2,9,Low Value
6876,15,6,167667.33000000002,4,2,2,8,Low Value
6877,0,10,295574.21,5,4,4,13,High Value
6878,27,11,523022.29,3,5,5,13,High Value
6879,17,7,131502.77,4,2,1,7,Low Value
6880,24,8,213128.79,3,3,2,8,Low Value
6881,41,6,134360.68,2,2,1,5,At Risk
6882,118,9,560102.37,1,4,5,10,Medium Value
6883,28,8,183278.44999999998,3,3,2,8,Low Value
6884,82,10,215833.87,1,4,2,7,Low Value
6885,44,11,436074.5,2,5,5,12,Medium Value
6886,42,12,376818.41000000003,2,5,5,12,Medium Value
6887,41,8,243561.47,2,3,3,8,Low Value
6888,101,9,209647.51,1,4,2,7,Low Value
6889,78,11,338134.42,1,5,4,10,Medium Value
6890,120,4,43915.88,1,1,1,3,At Risk
6891,77,7,176849.9,1,2,2,5,At Risk
6892,17,8,218184.15999999997,4,3,2,9,Low Value
6893,87,8,302172.34,1,3,4,8,Low Value
6894,11,12,354130.91000000003,4,5,4,13,High Value
6895,31,11,408613.13,3,5,5,13,High Value
6896,38,9,400410.06,3,4,5,12,Medium Value
6897,125,5,72063.98999999999,1,1,1,3,At Risk
6898,83,10,369502.72000000003,1,4,5,10,Medium Value
6899,79,10,382818.07,1,4,5,10,Medium Value
6900,4,5,69354.67,5,1,1,7,Low Value
6901,9,12,478785.89999999997,5,5,5,15,High Value
6902,15,10,304526.92,4,4,4,12,Medium Value
6903,0,5,230633.64,5,1,3,9,Low Value
6904,40,9,265102.78,3,4,3,10,Medium Value
6905,1,5,168862.03,5,1,2,8,Low Value
6906,74,2,120599.85999999999,1,1,1,3,At Risk
6907,93,12,371856.81,1,5,5,11,Medium Value
6908,5,9,280831.18,5,4,3,12,Medium Value
6909,112,4,48039.85,1,1,1,3,At Risk
6910,34,7,146736.59,3,2,1,6,At Risk
6911,43,9,231694.44,2,4,3,9,Low Value
6912,6,10,216307.43,5,4,2,11,Medium Value
6913,45,8,268599.23,2,3,3,8,Low Value
6914,45,8,374104.64,2,3,5,10,Medium Value
6915,91,11,229520.84,1,5,3,9,Low Value
6916,52,10,375932.73,2,4,5,11,Medium Value
6917,5,6,99538.62000000001,5,2,1,8,Low Value
6918,0,6,88044.09,5,2,1,8,Low Value
6919,31,6,351653.91000000003,3,2,4,9,Low Value
6920,51,10,432425.19,2,4,5,11,Medium Value
6921,9,11,531011.02,5,5,5,15,High Value
6922,40,5,157857.29,3,1,1,5,At Risk
6923,1,11,371518.25,5,5,5,15,High Value
6924,53,5,209282.01,2,1,2,5,At Risk
6925,27,10,199931.12,3,4,2,9,Low Value
6926,148,6,146235.05000000002,1,2,1,4,At Risk
6927,75,7,139969.57,1,2,1,4,At Risk
6928,4,16,503174.47000000003,5,5,5,15,High Value
6929,144,10,348112.47000000003,1,4,4,9,Low Value
6930,1,9,422529.02,5,4,5,14,High Value
6931,86,6,84660.55,1,2,1,4,At Risk
6932,7,5,167653.13999999998,5,1,2,8,Low Value
6933,10,7,288051.83,4,2,3,9,Low Value
6934,9,6,149657.53,5,2,1,8,Low Value
6935,2,7,233245.73,5,2,3,10,Medium Value
6936,55,10,515310.36,2,4,5,11,Medium Value
6937,71,9,194007.76,2,4,2,8,Low Value
6938,10,11,306205.61,4,5,4,13,High Value
6939,12,12,379653.49,4,5,5,14,High Value
6940,42,7,188718.89,2,2,2,6,At Risk
6941,0,6,65515.29,5,2,1,8,Low Value
6942,13,6,197282.14,4,2,2,8,Low Value
6943,20,8,285379.79,4,3,3,10,Medium Value
6944,1,7,269976.58,5,2,3,10,Medium Value
6945,111,7,245661.02999999997,1,2,3,6,At Risk
6946,14,12,322692.70999999996,4,5,4,13,High Value
6947,81,10,214476.49,1,4,2,7,Low Value
6948,115,4,229325.05,1,1,3,5,At Risk
6949,29,18,496583.60000000003,3,5,5,13,High Value
6950,66,7,174894.87,2,2,2,6,At Risk
6951,60,9,229777.6,2,4,3,9,Low Value
6952,43,8,303021.31,2,3,4,9,Low Value
6953,44,7,410794.39999999997,2,2,5,9,Low Value
6954,75,8,270562.24,1,3,3,7,Low Value
6955,12,6,204594.82,4,2,2,8,Low Value
6956,20,8,251509.58,4,3,3,10,Medium Value
6957,83,8,327508.54000000004,1,3,4,8,Low Value
6958,114,8,371901.07,1,3,5,9,Low Value
6959,68,10,394826.64,2,4,5,11,Medium Value
6960,92,7,174164.13,1,2,2,5,At Risk
6961,95,13,523853.44,1,5,5,11,Medium Value
6962,2,15,509814.33,5,5,5,15,High Value
6963,8,16,642182.8300000001,5,5,5,15,High Value
6964,7,9,259522.68,5,4,3,12,Medium Value
6965,63,11,403668.93,2,5,5,12,Medium Value
6966,46,8,212843.95,2,3,2,7,Low Value
6967,164,6,191138.4,1,2,2,5,At Risk
6968,6,10,287761.31,5,4,3,12,Medium Value
6969,8,13,501016.72,5,5,5,15,High Value
6970,35,15,568835.9400000001,3,5,5,13,High Value
6971,73,12,336213.11,1,5,4,10,Medium Value
6972,79,6,259261.68,1,2,3,6,At Risk
6973,4,10,401015.56,5,4,5,14,High Value
6974,116,6,174328.23,1,2,2,5,At Risk
6975,35,3,45161.34,3,1,1,5,At Risk
6976,147,3,82682.84999999999,1,1,1,3,At Risk
6977,0,11,466302.55,5,5,5,15,High Value
6978,8,7,147438.25,5,2,1,8,Low Value
6979,10,5,104005.28,4,1,1,6,At Risk
6980,72,5,191475.11,1,1,2,4,At Risk
6981,9,5,150473.46000000002,5,1,1,7,Low Value
6982,39,5,350388.79,3,1,4,8,Low Value
6983,14,10,205593.79,4,4,2,10,Medium Value
6984,73,7,247876.67,1,2,3,6,At Risk
6985,161,7,260229.69999999998,1,2,3,6,At Risk
6986,36,3,119742.95000000001,3,1,1,5,At Risk
6987,1,11,527391.37,5,5,5,15,High Value
6988,143,6,102851.84,1,2,1,4,At Risk
6989,68,11,309257.1,2,5,4,11,Medium Value
6990,20,7,206678.9,4,2,2,8,Low Value
6991,23,15,731324.52,3,5,5,13,High Value
6992,17,8,267705.72,4,3,3,10,Medium Value
6993,0,10,382517.7,5,4,5,14,High Value
6994,71,11,344575.77999999997,2,5,4,11,Medium Value
6995,28,13,433814.77999999997,3,5,5,13,High Value
6996,54,11,217111.47,2,5,2,9,Low Value
6997,6,8,340204.78,5,3,4,12,Medium Value
6998,69,1,51947.14,2,1,1,4,At Risk
6999,112,7,247790.96000000002,1,2,3,6,At Risk
7000,7,10,355131.53,5,4,4,13,High Value
7001,17,7,113317.78,4,2,1,7,Low Value
7002,10,7,342331.27,4,2,4,10,Medium Value
7003,38,10,412110.79000000004,3,4,5,12,Medium Value
7004,2,9,266216.38,5,4,3,12,Medium Value
7005,7,12,616411.9199999999,5,5,5,15,High Value
7006,50,6,163758.33,2,2,2,6,At Risk
7007,78,9,294728.11,1,4,4,9,Low Value
7008,32,6,169917.59,3,2,2,7,Low Value
7009,34,4,40996.69,3,1,1,5,At Risk
7010,8,6,278899.64,5,2,3,10,Medium Value
7011,55,9,265353.49,2,4,3,9,Low Value
7012,4,3,66131.29999999999,5,1,1,7,Low Value
7013,112,11,429430.77999999997,1,5,5,11,Medium Value
7014,19,10,431387.86,4,4,5,13,High Value
7015,65,9,262158.96,2,4,3,9,Low Value
7016,6,11,240629.86,5,5,3,13,High Value
7017,20,5,312863.98,4,1,4,9,Low Value
7018,17,8,355597.19999999995,4,3,4,11,Medium Value
7019,44,10,340586.98,2,4,4,10,Medium Value
7020,8,13,445812.24,5,5,5,15,High Value
7021,56,4,119054.03,2,1,1,4,At Risk
7022,48,8,233233.26,2,3,3,8,Low Value
7023,69,12,336922.34,2,5,4,11,Medium Value
7024,109,9,138371.71,1,4,1,6,At Risk
7025,28,7,206284.02000000002,3,2,2,7,Low Value
7026,92,12,445558.81,1,5,5,11,Medium Value
7027,6,8,155724.09,5,3,1,9,Low Value
7028,13,7,193038.79,4,2,2,8,Low Value
7029,19,8,238961.66,4,3,3,10,Medium Value
7030,20,13,342854.26,4,5,4,13,High Value
7031,7,12,505207.24,5,5,5,15,High Value
7032,132,8,246323.84,1,3,3,7,Low Value
7033,0,6,182745.19,5,2,2,9,Low Value
7034,253,2,23544.21,1,1,1,3,At Risk
7035,68,6,183448.0,2,2,2,6,At Risk
7036,9,7,261228.05,5,2,3,10,Medium Value
7037,5,6,219197.73,5,2,2,9,Low Value
7038,96,7,232964.75,1,2,3,6,At Risk
7039,135,5,209274.95,1,1,2,4,At Risk
7040,34,11,236927.75,3,5,3,11,Medium Value
7041,47,8,409097.95,2,3,5,10,Medium Value
7042,82,4,54309.16,1,1,1,3,At Risk
7043,26,7,141941.91,3,2,1,6,At Risk
7044,17,11,331500.35,4,5,4,13,High Value
7045,97,4,218321.83000000002,1,1,2,4,At Risk
7046,200,6,136028.53,1,2,1,4,At Risk
7047,50,8,304769.97000000003,2,3,4,9,Low Value
7048,79,5,137796.93,1,1,1,3,At Risk
7049,4,10,379238.75,5,4,5,14,High Value
7050,40,9,250232.44,3,4,3,10,Medium Value
7051,2,8,296127.08,5,3,4,12,Medium Value
7052,4,10,325298.28,5,4,4,13,High Value
7053,95,6,140194.78999999998,1,2,1,4,At Risk
7054,52,5,167899.97999999998,2,1,2,5,At Risk
7055,35,8,309025.95,3,3,4,10,Medium Value
7056,96,8,293242.22,1,3,4,8,Low Value
7057,61,10,327085.57,2,4,4,10,Medium Value
7058,123,9,314443.27999999997,1,4,4,9,Low Value
7059,81,6,205856.22,1,2,2,5,At Risk
7060,45,6,265529.27999999997,2,2,3,7,Low Value
7061,96,4,204488.34,1,1,2,4,At Risk
7062,19,11,334042.58,4,5,4,13,High Value
7063,24,7,142761.5,3,2,1,6,At Risk
7064,92,9,242943.37,1,4,3,8,Low Value
7065,50,6,320046.79,2,2,4,8,Low Value
7066,4,5,166409.65,5,1,2,8,Low Value
7067,69,8,348335.52,2,3,4,9,Low Value
7068,45,6,304905.66,2,2,4,8,Low Value
7069,76,10,433525.18,1,4,5,10,Medium Value
7070,76,8,312776.8,1,3,4,8,Low Value
7071,84,12,257172.21000000002,1,5,3,9,Low Value
7072,45,7,151310.82,2,2,1,5,At Risk
7073,15,8,222758.5,4,3,2,9,Low Value
7074,7,6,201073.45,5,2,2,9,Low Value
7075,28,10,428368.98000000004,3,4,5,12,Medium Value
7076,54,10,255661.53,2,4,3,9,Low Value
7077,119,6,144384.08,1,2,1,4,At Risk
7078,325,1,100495.22,1,1,1,3,At Risk
7079,17,10,334873.68,4,4,4,12,Medium Value
7080,5,10,446383.66,5,4,5,14,High Value
7081,130,4,154111.66999999998,1,1,1,3,At Risk
7082,4,7,125111.56,5,2,1,8,Low Value
7083,2,12,332782.16000000003,5,5,4,14,High Value
7084,57,8,385757.97,2,3,5,10,Medium Value
7085,42,10,236328.44,2,4,3,9,Low Value
7086,58,7,235417.66999999998,2,2,3,7,Low Value
7087,61,9,270442.13,2,4,3,9,Low Value
7088,63,5,266179.46,2,1,3,6,At Risk
7089,21,9,321456.20999999996,4,4,4,12,Medium Value
7090,38,4,54888.3,3,1,1,5,At Risk
7091,29,7,324966.66,3,2,4,9,Low Value
7092,63,8,179031.24,2,3,2,7,Low Value
7093,0,11,316508.14999999997,5,5,4,14,High Value
7094,50,12,408163.46,2,5,5,12,Medium Value
7095,58,6,235050.57,2,2,3,7,Low Value
7096,238,4,86375.86,1,1,1,3,At Risk
7097,49,4,194143.51,2,1,2,5,At Risk
7098,132,7,171626.7,1,2,2,5,At Risk
7099,31,10,226609.03,3,4,3,10,Medium Value
7100,78,12,415946.19,1,5,5,11,Medium Value
7101,12,7,279773.87,4,2,3,9,Low Value
7102,37,7,269851.95999999996,3,2,3,8,Low Value
7103,115,5,82935.59,1,1,1,3,At Risk
7104,70,7,164596.2,2,2,2,6,At Risk
7105,58,6,265946.16000000003,2,2,3,7,Low Value
7106,70,11,230040.71,2,5,3,10,Medium Value
7107,4,12,463040.11,5,5,5,15,High Value
7108,10,7,151419.64,4,2,1,7,Low Value
7109,52,9,240570.68000000002,2,4,3,9,Low Value
7110,237,3,73305.84,1,1,1,3,At Risk
7111,80,8,223621.17,1,3,2,6,At Risk
7112,6,6,122064.95,5,2,1,8,Low Value
7113,146,4,177296.65,1,1,2,4,At Risk
7114,91,7,163850.84,1,2,2,5,At Risk
7115,49,9,188328.58000000002,2,4,2,8,Low Value
7116,69,10,229678.87,2,4,3,9,Low Value
7117,9,12,417755.21,5,5,5,15,High Value
7118,8,6,262889.4,5,2,3,10,Medium Value
7119,2,10,235668.88999999998,5,4,3,12,Medium Value
7120,26,9,321340.82,3,4,4,11,Medium Value
7121,72,4,46298.88,1,1,1,3,At Risk
7122,62,9,246680.38,2,4,3,9,Low Value
7123,2,12,557680.72,5,5,5,15,High Value
7124,67,11,462263.26,2,5,5,12,Medium Value
7125,36,9,235514.84,3,4,3,10,Medium Value
7126,1,10,225157.36000000002,5,4,3,12,Medium Value
7127,12,8,303641.13,4,3,4,11,Medium Value
7128,14,8,148296.58000000002,4,3,1,8,Low Value
7129,286,5,138061.45,1,1,1,3,At Risk
7130,47,8,203762.83000000002,2,3,2,7,Low Value
7131,9,4,179591.23,5,1,2,8,Low Value
7132,24,9,236865.69,3,4,3,10,Medium Value
7133,38,9,315493.21,3,4,4,11,Medium Value
7134,5,12,510604.2,5,5,5,15,High Value
7135,8,12,587762.66,5,5,5,15,High Value
7136,15,7,190528.27000000002,4,2,2,8,Low Value
7137,74,8,285321.06,1,3,3,7,Low Value
7138,177,5,119061.52,1,1,1,3,At Risk
7139,82,4,79997.32,1,1,1,3,At Risk
7140,2,6,206213.18,5,2,2,9,Low Value
7141,0,6,218557.18,5,2,2,9,Low Value
7142,58,5,126661.31000000001,2,1,1,4,At Risk
7143,20,2,36599.09,4,1,1,6,At Risk
7144,11,5,261548.24999999997,4,1,3,8,Low Value
7145,11,8,224784.02,4,3,2,9,Low Value
7146,4,12,405797.7,5,5,5,15,High Value
7147,22,11,416942.58,3,5,5,13,High Value
7148,51,11,298636.4,2,5,4,11,Medium Value
7149,32,11,300405.3,3,5,4,12,Medium Value
7150,123,8,228263.75,1,3,3,7,Low Value
7151,129,4,216232.33,1,1,2,4,At Risk
7152,2,9,333776.53,5,4,4,13,High Value
7153,42,8,220973.36,2,3,2,7,Low Value
7154,75,7,245662.46,1,2,3,6,At Risk
7155,34,9,366129.23,3,4,4,11,Medium Value
7156,55,4,146330.72,2,1,1,4,At Risk
7157,11,12,527568.65,4,5,5,14,High Value
7158,6,6,289328.77999999997,5,2,4,11,Medium Value
7159,14,13,332215.06,4,5,4,13,High Value
7160,162,8,370575.62,1,3,5,9,Low Value
7161,77,5,143402.28,1,1,1,3,At Risk
7162,0,6,224489.83,5,2,2,9,Low Value
7163,45,10,279179.35,2,4,3,9,Low Value
7164,11,8,336562.06,4,3,4,11,Medium Value
7165,42,4,145546.81,2,1,1,4,At Risk
7166,26,13,486709.92,3,5,5,13,High Value
7167,42,7,114804.93000000001,2,2,1,5,At Risk
7168,25,9,246218.18,3,4,3,10,Medium Value
7169,33,6,236441.16999999998,3,2,3,8,Low Value
7170,61,8,359227.54000000004,2,3,4,9,Low Value
7171,72,5,137550.94,1,1,1,3,At Risk
7172,1,9,302878.57,5,4,4,13,High Value
7173,61,9,249306.22999999998,2,4,3,9,Low Value
7174,40,9,216615.97999999998,3,4,2,9,Low Value
7175,5,6,251045.25,5,2,3,10,Medium Value
7176,64,6,110643.38,2,2,1,5,At Risk
7177,5,8,203027.47,5,3,2,10,Medium Value
7178,48,9,316149.97,2,4,4,10,Medium Value
7179,2,11,331521.51,5,5,4,14,High Value
7180,45,11,300070.66,2,5,4,11,Medium Value
7181,0,9,270537.58,5,4,3,12,Medium Value
7182,85,6,148733.27,1,2,1,4,At Risk
7183,110,6,165240.98,1,2,2,5,At Risk
7184,143,8,202277.3,1,3,2,6,At Risk
7185,83,10,340371.73,1,4,4,9,Low Value
7186,68,7,159037.62,2,2,1,5,At Risk
7187,205,3,49548.51,1,1,1,3,At Risk
7188,5,6,197947.15,5,2,2,9,Low Value
7189,40,6,231692.63,3,2,3,8,Low Value
7190,29,5,221619.28999999998,3,1,2,6,At Risk
7191,14,14,594661.72,4,5,5,14,High Value
7192,34,11,249188.64,3,5,3,11,Medium Value
7193,71,8,120996.27,2,3,1,6,At Risk
7194,23,12,395409.56,3,5,5,13,High Value
7195,30,6,102603.93999999999,3,2,1,6,At Risk
7196,88,5,164749.58,1,1,2,4,At Risk
7197,28,18,571324.51,3,5,5,13,High Value
7198,20,8,215680.31,4,3,2,9,Low Value
7199,6,6,128023.31999999999,5,2,1,8,Low Value
7200,43,7,217510.93,2,2,2,6,At Risk
7201,85,10,383461.03,1,4,5,10,Medium Value
7202,32,7,424914.57,3,2,5,10,Medium Value
7203,12,12,297151.68,4,5,4,13,High Value
7204,23,6,236279.0,3,2,3,8,Low Value
7205,19,8,164938.97,4,3,2,9,Low Value
7206,3,10,237102.19,5,4,3,12,Medium Value
7207,145,7,110629.56,1,2,1,4,At Risk
7208,136,7,104916.19,1,2,1,4,At Risk
7209,10,6,228970.01,4,2,3,9,Low Value
7210,16,9,389168.42,4,4,5,13,High Value
7211,72,7,192449.08000000002,1,2,2,5,At Risk
7212,57,19,701157.11,2,5,5,12,Medium Value
7213,143,4,81345.48,1,1,1,3,At Risk
7214,3,17,558325.65,5,5,5,15,High Value
7215,98,5,144006.25,1,1,1,3,At Risk
7216,67,6,190613.67,2,2,2,6,At Risk
7217,27,8,292936.14,3,3,4,10,Medium Value
7218,13,11,244726.29,4,5,3,12,Medium Value
7219,5,13,452183.37,5,5,5,15,High Value
7220,171,5,89083.46999999999,1,1,1,3,At Risk
7221,23,7,279374.85000000003,3,2,3,8,Low Value
7222,3,5,143337.64,5,1,1,7,Low Value
7223,5,7,151610.64,5,2,1,8,Low Value
7224,33,7,283441.21,3,2,3,8,Low Value
7225,3,7,315474.02,5,2,4,11,Medium Value
7226,31,7,175733.18,3,2,2,7,Low Value
7227,12,9,190254.38,4,4,2,10,Medium Value
7228,9,10,317529.19,5,4,4,13,High Value
7229,20,10,316859.65,4,4,4,12,Medium Value
7230,58,11,313217.76,2,5,4,11,Medium Value
7231,23,6,156622.84,3,2,1,6,At Risk
7232,11,8,292313.65,4,3,4,11,Medium Value
7233,53,11,227127.83000000002,2,5,3,10,Medium Value
7234,52,11,332253.24,2,5,4,11,Medium Value
7235,6,11,201567.4,5,5,2,12,Medium Value
7236,17,9,323361.74,4,4,4,12,Medium Value
7237,17,16,433525.20999999996,4,5,5,14,High Value
7238,52,9,372063.35000000003,2,4,5,11,Medium Value
7239,56,7,301750.2,2,2,4,8,Low Value
7240,16,8,277566.55,4,3,3,10,Medium Value
7241,32,3,81006.4,3,1,1,5,At Risk
7242,34,12,307413.24,3,5,4,12,Medium Value
7243,32,7,200891.19,3,2,2,7,Low Value
7244,71,9,231528.2,2,4,3,9,Low Value
7245,1,3,37726.95,5,1,1,7,Low Value
7246,9,13,537031.59,5,5,5,15,High Value
7247,57,11,277021.96,2,5,3,10,Medium Value
7248,54,8,460933.18,2,3,5,10,Medium Value
7249,8,9,273527.94,5,4,3,12,Medium Value
7250,23,6,132321.2,3,2,1,6,At Risk
7251,285,6,241088.77,1,2,3,6,At Risk
7252,127,6,162189.3,1,2,2,5,At Risk
7253,14,9,424247.83,4,4,5,13,High Value
7254,2,12,320783.7,5,5,4,14,High Value
7255,55,10,306299.51,2,4,4,10,Medium Value
7256,25,7,257043.77000000002,3,2,3,8,Low Value
7257,27,12,453095.8,3,5,5,13,High Value
7258,79,11,333831.4,1,5,4,10,Medium Value
7259,37,7,353625.96,3,2,4,9,Low Value
7260,19,7,154939.24,4,2,1,7,Low Value
7261,16,6,208097.81,4,2,2,8,Low Value
7262,0,8,284156.27999999997,5,3,3,11,Medium Value
7263,37,7,203186.55,3,2,2,7,Low Value
7264,131,5,236315.71,1,1,3,5,At Risk
7265,6,8,268921.43,5,3,3,11,Medium Value
7266,55,10,257071.26,2,4,3,9,Low Value
7267,65,5,170305.44,2,1,2,5,At Risk
7268,95,5,229926.21999999997,1,1,3,5,At Risk
7269,114,4,38500.23,1,1,1,3,At Risk
7270,23,8,396492.45,3,3,5,11,Medium Value
7271,14,8,338658.96,4,3,4,11,Medium Value
7272,24,4,93008.24,3,1,1,5,At Risk
7273,9,10,266087.8,5,4,3,12,Medium Value
7274,91,5,139849.36,1,1,1,3,At Risk
7275,62,5,131953.13,2,1,1,4,At Risk
7276,18,11,411368.58999999997,4,5,5,14,High Value
7277,22,9,231177.07,3,4,3,10,Medium Value
7278,63,6,113144.15,2,2,1,5,At Risk
7279,32,12,420202.53,3,5,5,13,High Value
7280,32,4,47384.82000000001,3,1,1,5,At Risk
7281,31,7,252302.40999999997,3,2,3,8,Low Value
7282,88,9,274969.64,1,4,3,8,Low Value
7283,0,13,440491.84,5,5,5,15,High Value
7284,13,8,228419.59,4,3,3,10,Medium Value
7285,3,8,325555.73,5,3,4,12,Medium Value
7286,156,6,181548.82,1,2,2,5,At Risk
7287,17,13,374957.69,4,5,5,14,High Value
7288,29,8,166985.66,3,3,2,8,Low Value
7289,78,6,198955.54,1,2,2,5,At Risk
7290,49,7,218442.72,2,2,2,6,At Risk
7291,20,13,286972.88,4,5,3,12,Medium Value
7292,7,11,350838.95,5,5,4,14,High Value
7293,21,6,152625.12,4,2,1,7,Low Value
7294,45,6,114506.62,2,2,1,5,At Risk
7295,6,7,407995.42,5,2,5,12,Medium Value
7296,72,7,320138.61,1,2,4,7,Low Value
7297,18,16,479205.89,4,5,5,14,High Value
7298,52,4,26331.91,2,1,1,4,At Risk
7299,87,5,201248.2,1,1,2,4,At Risk
7300,102,4,105757.93999999999,1,1,1,3,At Risk
7301,16,10,217840.67,4,4,2,10,Medium Value
7302,19,7,287389.03,4,2,3,9,Low Value
7303,23,10,337305.24,3,4,4,11,Medium Value
7304,118,5,222639.13,1,1,2,4,At Risk
7305,24,7,212052.29,3,2,2,7,Low Value
7306,110,4,238737.55000000002,1,1,3,5,At Risk
7307,57,10,340999.94999999995,2,4,4,10,Medium Value
7308,56,9,260665.46000000002,2,4,3,9,Low Value
7309,8,6,106968.42,5,2,1,8,Low Value
7310,24,13,489398.51,3,5,5,13,High Value
7311,19,8,249665.59,4,3,3,10,Medium Value
7312,94,6,229407.15,1,2,3,6,At Risk
7313,4,9,211455.5,5,4,2,11,Medium Value
7314,3,7,268797.59,5,2,3,10,Medium Value
7315,111,1,20401.69,1,1,1,3,At Risk
7316,16,13,526335.33,4,5,5,14,High Value
7317,137,11,476548.11,1,5,5,11,Medium Value
7318,35,12,273147.64,3,5,3,11,Medium Value
7319,36,12,350616.53,3,5,4,12,Medium Value
7320,139,6,289878.73,1,2,4,7,Low Value
7321,42,6,187091.54,2,2,2,6,At Risk
7322,40,4,60370.1,3,1,1,5,At Risk
7323,106,5,123367.5,1,1,1,3,At Risk
7324,18,5,122731.01,4,1,1,6,At Risk
7325,51,4,216825.0,2,1,2,5,At Risk
7326,50,11,477245.44,2,5,5,12,Medium Value
7327,144,5,118114.97,1,1,1,3,At Risk
7328,3,9,199244.72,5,4,2,11,Medium Value
7329,0,14,300661.34,5,5,4,14,High Value
7330,80,7,262075.46,1,2,3,6,At Risk
7331,44,12,309005.91000000003,2,5,4,11,Medium Value
7332,44,4,150573.22999999998,2,1,1,4,At Risk
7333,16,7,309246.85,4,2,4,10,Medium Value
7334,26,11,427240.79,3,5,5,13,High Value
7335,13,15,382377.30000000005,4,5,5,14,High Value
7336,47,5,171416.59000000003,2,1,2,5,At Risk
7337,38,7,253180.81,3,2,3,8,Low Value
7338,51,5,158254.42,2,1,1,4,At Risk
7339,14,10,241003.17,4,4,3,11,Medium Value
7340,71,5,52616.69,2,1,1,4,At Risk
7341,61,5,121962.45000000001,2,1,1,4,At Risk
7342,72,7,312322.65,1,2,4,7,Low Value
7343,3,8,290067.39,5,3,4,12,Medium Value
7344,57,10,226766.75,2,4,3,9,Low Value
7345,18,8,183289.67,4,3,2,9,Low Value
7346,19,14,421974.79000000004,4,5,5,14,High Value
7347,81,5,46165.25,1,1,1,3,At Risk
7348,125,9,350966.06,1,4,4,9,Low Value
7349,56,7,200059.36000000002,2,2,2,6,At Risk
7350,8,8,179009.34,5,3,2,10,Medium Value
7351,45,11,263956.56,2,5,3,10,Medium Value
7352,8,8,203822.81,5,3,2,10,Medium Value
7353,41,9,329273.72,2,4,4,10,Medium Value
7354,4,14,425661.22000000003,5,5,5,15,High Value
7355,89,9,247561.92,1,4,3,8,Low Value
7356,111,5,96732.45,1,1,1,3,At Risk
7357,72,13,364089.58,1,5,4,10,Medium Value
7358,8,7,244201.05,5,2,3,10,Medium Value
7359,67,14,505649.27999999997,2,5,5,12,Medium Value
7360,70,5,63737.26,2,1,1,4,At Risk
7361,33,10,276724.82,3,4,3,10,Medium Value
7362,61,8,237930.46,2,3,3,8,Low Value
7363,21,10,302787.19,4,4,4,12,Medium Value
7364,2,13,380186.98,5,5,5,15,High Value
7365,14,11,285560.33999999997,4,5,3,12,Medium Value
7366,62,8,166876.26,2,3,2,7,Low Value
7367,28,5,159815.68,3,1,1,5,At Risk
7368,0,6,181101.61,5,2,2,9,Low Value
7369,5,12,371357.55,5,5,5,15,High Value
7370,20,8,271619.37,4,3,3,10,Medium Value
7371,35,9,263698.59,3,4,3,10,Medium Value
7372,21,12,406113.66000000003,4,5,5,14,High Value
7373,13,10,475122.05,4,4,5,13,High Value
7374,22,8,207782.38,3,3,2,8,Low Value
7375,53,6,205974.79,2,2,2,6,At Risk
7376,13,13,493427.86,4,5,5,14,High Value
7377,73,5,138741.16,1,1,1,3,At Risk
7378,21,11,360601.75,4,5,4,13,High Value
7379,4,10,349786.77,5,4,4,13,High Value
7380,6,6,252974.26,5,2,3,10,Medium Value
7381,59,9,198140.14,2,4,2,8,Low Value
7382,45,7,237397.36000000002,2,2,3,7,Low Value
7383,80,10,358698.12,1,4,4,9,Low Value
7384,22,3,85589.09,3,1,1,5,At Risk
7385,5,5,46826.82,5,1,1,7,Low Value
7386,32,13,443073.6,3,5,5,13,High Value
7387,46,6,165217.66,2,2,2,6,At Risk
7388,96,6,185450.56,1,2,2,5,At Risk
7389,2,9,275732.12,5,4,3,12,Medium Value
7390,51,9,262699.23,2,4,3,9,Low Value
7391,8,9,439462.02999999997,5,4,5,14,High Value
7392,11,7,171127.78,4,2,2,8,Low Value
7393,9,12,493920.74,5,5,5,15,High Value
7394,43,14,424516.24,2,5,5,12,Medium Value
7395,17,10,224148.89,4,4,2,10,Medium Value
7396,105,5,185818.59,1,1,2,4,At Risk
7397,161,6,161190.08000000002,1,2,1,4,At Risk
7398,14,8,85641.70999999999,4,3,1,8,Low Value
7399,90,2,91050.66,1,1,1,3,At Risk
7400,35,5,269646.94,3,1,3,7,Low Value
7401,9,9,223590.71,5,4,2,11,Medium Value
7402,7,11,318508.06,5,5,4,14,High Value
7403,83,8,393896.99,1,3,5,9,Low Value
7404,101,7,260007.59,1,2,3,6,At Risk
7405,86,11,397755.48,1,5,5,11,Medium Value
7406,37,11,401347.82,3,5,5,13,High Value
7407,7,10,238969.51,5,4,3,12,Medium Value
7408,50,8,275388.93,2,3,3,8,Low Value
7409,19,10,295259.26,4,4,4,12,Medium Value
7410,7,14,509342.23000000004,5,5,5,15,High Value
7411,0,11,350970.47000000003,5,5,4,14,High Value
7412,4,13,264791.08,5,5,3,13,High Value
7413,30,8,262203.74,3,3,3,9,Low Value
7414,17,5,161192.69,4,1,1,6,At Risk
7415,15,9,496102.97,4,4,5,13,High Value
7416,12,9,366932.76999999996,4,4,4,12,Medium Value
7417,16,8,209151.19,4,3,2,9,Low Value
7418,9,8,291696.3,5,3,4,12,Medium Value
7419,22,8,157726.26,3,3,1,7,Low Value
7420,80,5,176973.35,1,1,2,4,At Risk
7421,5,6,110427.51,5,2,1,8,Low Value
7422,38,10,218339.83,3,4,2,9,Low Value
7423,7,6,221667.75,5,2,2,9,Low Value
7424,166,6,411174.62,1,2,5,8,Low Value
7425,52,8,261203.29,2,3,3,8,Low Value
7426,1,12,602898.72,5,5,5,15,High Value
7427,33,7,163084.25,3,2,2,7,Low Value
7428,3,12,560494.37,5,5,5,15,High Value
7429,21,9,351724.38,4,4,4,12,Medium Value
7430,31,11,338762.81,3,5,4,12,Medium Value
7431,31,11,436694.28,3,5,5,13,High Value
7432,40,6,252699.68,3,2,3,8,Low Value
7433,20,11,232307.65,4,5,3,12,Medium Value
7434,98,4,131449.84,1,1,1,3,At Risk
7435,89,4,156517.71,1,1,1,3,At Risk
7436,3,9,350633.08999999997,5,4,4,13,High Value
7437,3,8,406145.48,5,3,5,13,High Value
7438,58,11,478758.98,2,5,5,12,Medium Value
7439,176,4,61197.05,1,1,1,3,At Risk
7440,27,8,234297.32,3,3,3,9,Low Value
7441,100,9,273892.38,1,4,3,8,Low Value
7442,41,9,366577.69,2,4,4,10,Medium Value
7443,9,5,292816.08999999997,5,1,4,10,Medium Value
7444,84,8,310127.08999999997,1,3,4,8,Low Value
7445,21,10,411434.09,4,4,5,13,High Value
7446,26,6,89165.95999999999,3,2,1,6,At Risk
7447,3,4,33822.29,5,1,1,7,Low Value
7448,89,9,197512.44,1,4,2,7,Low Value
7449,9,8,194110.67,5,3,2,10,Medium Value
7450,43,4,101819.54000000001,2,1,1,4,At Risk
7451,7,9,211347.68,5,4,2,11,Medium Value
7452,36,8,177695.94,3,3,2,8,Low Value
7453,56,9,386357.14,2,4,5,11,Medium Value
7454,4,11,332658.91,5,5,4,14,High Value
7455,108,9,230461.33,1,4,3,8,Low Value
7456,23,8,192908.18,3,3,2,8,Low Value
7457,43,8,266741.94,2,3,3,8,Low Value
7458,153,8,278456.53,1,3,3,7,Low Value
7459,51,6,225170.32,2,2,3,7,Low Value
7460,2,7,189411.2,5,2,2,9,Low Value
7461,26,8,241250.65,3,3,3,9,Low Value
7462,2,7,219494.27,5,2,2,9,Low Value
7463,83,8,239821.32,1,3,3,7,Low Value
7464,12,13,455577.12,4,5,5,14,High Value
7465,80,5,142251.9,1,1,1,3,At Risk
7466,5,13,390268.23,5,5,5,15,High Value
7467,24,7,259782.49,3,2,3,8,Low Value
7468,13,10,355702.78,4,4,4,12,Medium Value
7469,50,9,263270.37,2,4,3,9,Low Value
7470,1,5,159979.52,5,1,1,7,Low Value
7471,43,7,263244.98,2,2,3,7,Low Value
7472,43,4,80903.09,2,1,1,4,At Risk
7473,61,6,143744.35,2,2,1,5,At Risk
7474,0,5,173256.87,5,1,2,8,Low Value
7475,1,9,185704.22,5,4,2,11,Medium Value
7476,15,9,448265.39,4,4,5,13,High Value
7477,21,9,254459.04,4,4,3,11,Medium Value
7478,43,6,201822.03,2,2,2,6,At Risk
7479,15,13,332700.95,4,5,4,13,High Value
7480,22,10,351380.63,3,4,4,11,Medium Value
7481,75,9,337369.09,1,4,4,9,Low Value
7482,23,10,310972.38999999996,3,4,4,11,Medium Value
7483,90,5,188936.66999999998,1,1,2,4,At Risk
7484,0,12,446950.7,5,5,5,15,High Value
7485,57,7,209941.55,2,2,2,6,At Risk
7486,9,7,165619.48,5,2,2,9,Low Value
7487,58,7,314958.82,2,2,4,8,Low Value
7488,13,8,193297.6,4,3,2,9,Low Value
7489,2,7,289114.79,5,2,4,11,Medium Value
7490,106,4,65396.11,1,1,1,3,At Risk
7491,30,7,216064.1,3,2,2,7,Low Value
7492,13,13,386613.31,4,5,5,14,High Value
7493,74,8,329601.73,1,3,4,8,Low Value
7494,230,4,231920.58,1,1,3,5,At Risk
7495,77,7,164249.58,1,2,2,5,At Risk
7496,42,9,173141.19,2,4,2,8,Low Value
7497,10,11,168689.78,4,5,2,11,Medium Value
7498,91,9,128458.51000000001,1,4,1,6,At Risk
7499,129,7,298944.52,1,2,4,7,Low Value
7500,0,10,237180.37,5,4,3,12,Medium Value
7501,75,7,156696.46,1,2,1,4,At Risk
7502,6,5,152977.8,5,1,1,7,Low Value
7503,121,4,112538.27999999998,1,1,1,3,At Risk
7504,38,9,136878.09,3,4,1,8,Low Value
7505,52,6,239015.65,2,2,3,7,Low Value
7506,50,11,316713.08999999997,2,5,4,11,Medium Value
7507,60,7,122765.02,2,2,1,5,At Risk
7508,26,7,371149.37,3,2,5,10,Medium Value
7509,35,9,234932.21,3,4,3,10,Medium Value
7510,133,8,307114.41000000003,1,3,4,8,Low Value
7511,8,7,227961.52000000002,5,2,3,10,Medium Value
7512,21,5,159418.98,4,1,1,6,At Risk
7513,82,11,370139.36,1,5,5,11,Medium Value
7514,117,10,331145.25,1,4,4,9,Low Value
7515,0,11,254672.22,5,5,3,13,High Value
7516,43,7,327132.53,2,2,4,8,Low Value
7517,38,7,187428.74,3,2,2,7,Low Value
7518,33,6,216382.47,3,2,2,7,Low Value
7519,2,13,361723.27,5,5,4,14,High Value
7520,132,5,119636.51,1,1,1,3,At Risk
7521,15,12,238010.37,4,5,3,12,Medium Value
7522,4,10,423498.16000000003,5,4,5,14,High Value
7523,12,11,331587.27999999997,4,5,4,13,High Value
7524,26,8,239678.25999999998,3,3,3,9,Low Value
7525,243,3,47231.490000000005,1,1,1,3,At Risk
7526,15,8,281274.9,4,3,3,10,Medium Value
7527,61,6,174149.9,2,2,2,6,At Risk
7528,33,6,170141.34,3,2,2,7,Low Value
7529,7,7,169586.33000000002,5,2,2,9,Low Value
7530,38,12,252902.46,3,5,3,11,Medium Value
7531,123,7,256370.44999999998,1,2,3,6,At Risk
7532,120,8,181560.24,1,3,2,6,At Risk
7533,12,8,295570.38,4,3,4,11,Medium Value
7534,6,10,272127.76,5,4,3,12,Medium Value
7535,8,6,258059.66999999998,5,2,3,10,Medium Value
7536,15,9,372121.81,4,4,5,13,High Value
7537,49,5,145511.64,2,1,1,4,At Risk
7538,16,16,614036.74,4,5,5,14,High Value
7539,16,14,468905.01,4,5,5,14,High Value
7540,17,13,525741.71,4,5,5,14,High Value
7541,49,9,555219.88,2,4,5,11,Medium Value
7542,43,8,328723.15,2,3,4,9,Low Value
7543,54,5,211254.1,2,1,2,5,At Risk
7544,105,8,208287.84,1,3,2,6,At Risk
7545,52,10,364992.25,2,4,4,10,Medium Value
7546,97,9,218040.32,1,4,2,7,Low Value
7547,31,3,143849.78,3,1,1,5,At Risk
7548,31,6,233744.38,3,2,3,8,Low Value
7549,52,7,256053.59,2,2,3,7,Low Value
7550,73,10,336554.56,1,4,4,9,Low Value
7551,146,6,294333.24,1,2,4,7,Low Value
7552,71,8,262655.44,2,3,3,8,Low Value
7553,24,7,225444.81,3,2,3,8,Low Value
7554,14,10,267214.6,4,4,3,11,Medium Value
7555,11,11,444461.41,4,5,5,14,High Value
7556,5,11,313182.22000000003,5,5,4,14,High Value
7557,39,7,252642.31,3,2,3,8,Low Value
7558,28,7,307337.5,3,2,4,9,Low Value
7559,48,9,335118.4,2,4,4,10,Medium Value
7560,126,2,64820.11,1,1,1,3,At Risk
7561,11,11,257105.97999999998,4,5,3,12,Medium Value
7562,34,10,280015.86,3,4,3,10,Medium Value
7563,69,7,339308.59,2,2,4,8,Low Value
7564,7,8,118177.95,5,3,1,9,Low Value
7565,155,6,129126.7,1,2,1,4,At Risk
7566,86,8,360592.94,1,3,4,8,Low Value
7567,15,15,456967.46,4,5,5,14,High Value
7568,30,8,410925.20999999996,3,3,5,11,Medium Value
7569,39,10,265750.57,3,4,3,10,Medium Value
7570,12,7,465689.47,4,2,5,11,Medium Value
7571,9,16,434559.0,5,5,5,15,High Value
7572,41,12,303007.04,2,5,4,11,Medium Value
7573,5,12,515865.62,5,5,5,15,High Value
7574,44,11,395594.54000000004,2,5,5,12,Medium Value
7575,83,6,438050.44,1,2,5,8,Low Value
7576,9,15,385065.85,5,5,5,15,High Value
7577,48,10,184994.13999999998,2,4,2,8,Low Value
7578,21,9,203642.37,4,4,2,10,Medium Value
7579,108,5,310552.37,1,1,4,6,At Risk
7580,0,2,134031.97,5,1,1,7,Low Value
7581,33,7,298112.43,3,2,4,9,Low Value
7582,193,7,237132.07,1,2,3,6,At Risk
7583,23,5,65011.759999999995,3,1,1,5,At Risk
7584,76,6,244930.14,1,2,3,6,At Risk
7585,86,3,182974.1,1,1,2,4,At Risk
7586,9,10,255889.22,5,4,3,12,Medium Value
7587,116,5,88404.06999999999,1,1,1,3,At Risk
7588,15,11,429929.33,4,5,5,14,High Value
7589,6,14,459484.17,5,5,5,15,High Value
7590,41,12,439728.95,2,5,5,12,Medium Value
7591,6,11,357660.78,5,5,4,14,High Value
7592,1,8,190429.58,5,3,2,10,Medium Value
7593,36,11,451836.27999999997,3,5,5,13,High Value
7594,20,5,86193.76999999999,4,1,1,6,At Risk
7595,73,9,494402.89,1,4,5,10,Medium Value
7596,13,9,229911.77,4,4,3,11,Medium Value
7597,22,10,383454.36,3,4,5,12,Medium Value
7598,107,7,235691.43,1,2,3,6,At Risk
7599,2,6,232560.71,5,2,3,10,Medium Value
7600,14,7,185296.97,4,2,2,8,Low Value
7601,30,4,81300.93,3,1,1,5,At Risk
7602,2,10,392542.35,5,4,5,14,High Value
7603,139,4,82752.2,1,1,1,3,At Risk
7604,74,8,388625.74,1,3,5,9,Low Value
7605,126,10,196867.38,1,4,2,7,Low Value
7606,2,8,125340.45999999999,5,3,1,9,Low Value
7607,85,7,117833.18,1,2,1,4,At Risk
7608,3,9,365976.55,5,4,4,13,High Value
7609,30,5,117440.07,3,1,1,5,At Risk
7610,58,8,169022.56,2,3,2,7,Low Value
7611,17,9,375038.85,4,4,5,13,High Value
7612,15,7,168212.03,4,2,2,8,Low Value
7613,44,9,321601.77,2,4,4,10,Medium Value
7614,20,4,126971.44,4,1,1,6,At Risk
7615,5,9,329095.35,5,4,4,13,High Value
7616,110,6,124147.43000000001,1,2,1,4,At Risk
7617,43,8,232954.48,2,3,3,8,Low Value
7618,38,10,512853.2,3,4,5,12,Medium Value
7619,83,8,274762.4,1,3,3,7,Low Value
7620,12,9,270466.86,4,4,3,11,Medium Value
7621,37,11,271845.83,3,5,3,11,Medium Value
7622,65,10,242051.12,2,4,3,9,Low Value
7623,14,9,328895.69,4,4,4,12,Medium Value
7624,118,3,201075.55000000002,1,1,2,4,At Risk
7625,5,6,199445.84,5,2,2,9,Low Value
7626,93,6,305904.98,1,2,4,7,Low Value
7627,16,10,265889.86,4,4,3,11,Medium Value
7628,64,10,226473.67,2,4,3,9,Low Value
7629,63,6,191164.72,2,2,2,6,At Risk
7630,11,10,264528.57,4,4,3,11,Medium Value
7631,153,10,342193.98,1,4,4,9,Low Value
7632,84,8,204968.26,1,3,2,6,At Risk
7633,46,10,313262.98,2,4,4,10,Medium Value
7634,26,8,336025.13999999996,3,3,4,10,Medium Value
7635,1,7,160646.28,5,2,1,8,Low Value
7636,3,9,290057.05,5,4,4,13,High Value
7637,73,11,392053.01,1,5,5,11,Medium Value
7638,18,8,260251.54,4,3,3,10,Medium Value
7639,12,12,428918.06,4,5,5,14,High Value
7640,105,4,240008.99,1,1,3,5,At Risk
7641,10,4,137165.9,4,1,1,6,At Risk
7642,25,14,723663.9,3,5,5,13,High Value
7643,4,10,192740.18,5,4,2,11,Medium Value
7644,110,6,214464.16,1,2,2,5,At Risk
7645,0,12,371372.78,5,5,5,15,High Value
7646,26,9,306796.67,3,4,4,11,Medium Value
7647,18,12,264309.3,4,5,3,12,Medium Value
7648,55,8,306745.41000000003,2,3,4,9,Low Value
7649,92,9,310818.11,1,4,4,9,Low Value
7650,61,10,274763.45,2,4,3,9,Low Value
7651,28,5,177204.38999999998,3,1,2,6,At Risk
7652,74,8,416392.34,1,3,5,9,Low Value
7653,3,7,250445.91,5,2,3,10,Medium Value
7654,79,4,220795.0,1,1,2,4,At Risk
7655,4,11,274452.42,5,5,3,13,High Value
7656,24,8,178816.58000000002,3,3,2,8,Low Value
7657,3,10,315749.84,5,4,4,13,High Value
7658,67,6,261616.19,2,2,3,7,Low Value
7659,81,6,180093.39,1,2,2,5,At Risk
7660,34,8,236721.22000000003,3,3,3,9,Low Value
7661,3,10,281244.75,5,4,3,12,Medium Value
7662,0,9,357216.23,5,4,4,13,High Value
7663,22,8,248927.13,3,3,3,9,Low Value
7664,119,6,195696.66,1,2,2,5,At Risk
7665,111,4,170563.25,1,1,2,4,At Risk
7666,11,4,185317.66,4,1,2,7,Low Value
7667,31,9,476899.95,3,4,5,12,Medium Value
7668,98,7,265643.17,1,2,3,6,At Risk
7669,49,9,226259.46,2,4,3,9,Low Value
7670,44,8,257890.18,2,3,3,8,Low Value
7671,10,7,238019.39,4,2,3,9,Low Value
7672,66,6,187770.52,2,2,2,6,At Risk
7673,22,4,131540.52,3,1,1,5,At Risk
7674,25,13,351629.6,3,5,4,12,Medium Value
7675,4,8,312203.67,5,3,4,12,Medium Value
7676,19,9,222157.03,4,4,2,10,Medium Value
7677,26,11,212157.44,3,5,2,10,Medium Value
7678,24,7,248106.97,3,2,3,8,Low Value
7679,35,12,334088.43,3,5,4,12,Medium Value
7680,65,10,290748.34,2,4,4,10,Medium Value
7681,58,11,379963.54,2,5,5,12,Medium Value
7682,41,9,216908.69,2,4,2,8,Low Value
7683,25,7,159746.27000000002,3,2,1,6,At Risk
7684,21,9,277660.54,4,4,3,11,Medium Value
7685,69,7,128766.70000000001,2,2,1,5,At Risk
7686,124,4,84414.8,1,1,1,3,At Risk
7687,15,7,175971.98,4,2,2,8,Low Value
7688,116,5,134995.89,1,1,1,3,At Risk
7689,31,10,339265.71,3,4,4,11,Medium Value
7690,61,8,253556.95,2,3,3,8,Low Value
7691,23,8,217486.39,3,3,2,8,Low Value
7692,69,4,312487.97,2,1,4,7,Low Value
7693,11,11,347205.27,4,5,4,13,High Value
7694,24,6,166101.46,3,2,2,7,Low Value
7695,12,15,379419.22,4,5,5,14,High Value
7696,21,11,242507.86000000002,4,5,3,12,Medium Value
7697,51,9,384852.34,2,4,5,11,Medium Value
7698,10,10,221822.47,4,4,2,10,Medium Value
7699,43,9,337828.29,2,4,4,10,Medium Value
7700,3,8,323611.02,5,3,4,12,Medium Value
7701,10,10,379505.47000000003,4,4,5,13,High Value
7702,28,10,260701.65999999997,3,4,3,10,Medium Value
7703,0,11,307715.58,5,5,4,14,High Value
7704,7,6,215859.68,5,2,2,9,Low Value
7705,18,7,150021.17,4,2,1,7,Low Value
7706,1,5,184311.96,5,1,2,8,Low Value
7707,50,16,775480.1,2,5,5,12,Medium Value
7708,30,7,155609.32,3,2,1,6,At Risk
7709,42,9,413941.76,2,4,5,11,Medium Value
7710,18,6,65579.55,4,2,1,7,Low Value
7711,8,7,302217.84,5,2,4,11,Medium Value
7712,46,4,88490.9,2,1,1,4,At Risk
7713,18,6,143735.58,4,2,1,7,Low Value
7714,7,3,112407.51999999999,5,1,1,7,Low Value
7715,15,5,137173.0,4,1,1,6,At Risk
7716,11,10,285759.51,4,4,3,11,Medium Value
7717,82,4,170464.05,1,1,2,4,At Risk
7718,3,7,239848.94,5,2,3,10,Medium Value
7719,84,5,223936.0,1,1,2,4,At Risk
7720,32,11,372383.96,3,5,5,13,High Value
7721,73,8,153469.85,1,3,1,5,At Risk
7722,176,3,179608.78,1,1,2,4,At Risk
7723,7,9,274022.75,5,4,3,12,Medium Value
7724,12,9,234120.0,4,4,3,11,Medium Value
7725,57,13,407407.26,2,5,5,12,Medium Value
7726,28,11,300500.14,3,5,4,12,Medium Value
7727,20,10,258410.82,4,4,3,11,Medium Value
7728,15,8,178349.91,4,3,2,9,Low Value
7729,16,12,588990.59,4,5,5,14,High Value
7730,1,12,639174.36,5,5,5,15,High Value
7731,51,6,233438.16,2,2,3,7,Low Value
7732,61,11,233383.56,2,5,3,10,Medium Value
7733,31,14,364907.39999999997,3,5,4,12,Medium Value
7734,48,10,241909.33000000002,2,4,3,9,Low Value
7735,5,6,115906.74,5,2,1,8,Low Value
7736,81,7,190032.37,1,2,2,5,At Risk
7737,73,9,244171.8,1,4,3,8,Low Value
7738,15,8,247328.25,4,3,3,10,Medium Value
7739,44,10,298415.48,2,4,4,10,Medium Value
7740,46,10,182134.04,2,4,2,8,Low Value
7741,76,11,411900.71,1,5,5,11,Medium Value
7742,26,6,95411.75,3,2,1,6,At Risk
7743,5,5,282795.79000000004,5,1,3,9,Low Value
7744,6,11,304084.09,5,5,4,14,High Value
7745,28,13,384126.63,3,5,5,13,High Value
7746,1,12,329120.32,5,5,4,14,High Value
7747,46,6,137039.55,2,2,1,5,At Risk
7748,115,11,304044.42,1,5,4,10,Medium Value
7749,6,7,225216.02,5,2,3,10,Medium Value
7750,28,4,78878.94,3,1,1,5,At Risk
7751,26,9,292246.37,3,4,4,11,Medium Value
7752,46,12,506854.81,2,5,5,12,Medium Value
7753,89,9,221451.27000000002,1,4,2,7,Low Value
7754,127,7,181943.24,1,2,2,5,At Risk
7755,26,7,212275.99000000002,3,2,2,7,Low Value
7756,30,8,136546.16,3,3,1,7,Low Value
7757,37,13,375608.31,3,5,5,13,High Value
7758,76,8,157927.47,1,3,1,5,At Risk
7759,5,11,290959.56,5,5,4,14,High Value
7760,16,7,274875.27999999997,4,2,3,9,Low Value
7761,38,22,621017.11,3,5,5,13,High Value
7762,234,4,148424.87,1,1,1,3,At Risk
7763,3,10,504060.67999999993,5,4,5,14,High Value
7764,4,8,155253.81,5,3,1,9,Low Value
7765,11,9,305204.39,4,4,4,12,Medium Value
7766,3,7,84869.76,5,2,1,8,Low Value
7767,24,8,298504.95999999996,3,3,4,10,Medium Value
7768,17,10,376007.72,4,4,5,13,High Value
7769,15,12,463418.82,4,5,5,14,High Value
7770,25,6,174324.0,3,2,2,7,Low Value
7771,113,10,219613.83,1,4,2,7,Low Value
7772,116,6,322345.72,1,2,4,7,Low Value
7773,0,9,204009.99,5,4,2,11,Medium Value
7774,6,9,317731.76,5,4,4,13,High Value
7775,20,13,545839.65,4,5,5,14,High Value
7776,54,5,154585.66,2,1,1,4,At Risk
7777,105,15,542055.64,1,5,5,11,Medium Value
7778,33,7,168993.19,3,2,2,7,Low Value
7779,92,7,333998.18,1,2,4,7,Low Value
7780,50,8,267845.52,2,3,3,8,Low Value
7781,17,17,585562.31,4,5,5,14,High Value
7782,89,8,315759.26,1,3,4,8,Low Value
7783,81,12,431269.33,1,5,5,11,Medium Value
7784,31,6,224994.5,3,2,3,8,Low Value
7785,18,8,235598.87,4,3,3,10,Medium Value
7786,151,6,181684.71,1,2,2,5,At Risk
7787,74,6,286093.82,1,2,3,6,At Risk
7788,2,11,313145.64,5,5,4,14,High Value
7789,89,8,228081.47,1,3,3,7,Low Value
7790,22,12,174858.54,3,5,2,10,Medium Value
7791,37,9,185402.48,3,4,2,9,Low Value
7792,0,9,332554.28,5,4,4,13,High Value
7793,48,5,79748.3,2,1,1,4,At Risk
7794,18,12,312051.67000000004,4,5,4,13,High Value
7795,101,8,372443.27,1,3,5,9,Low Value
7796,39,7,196647.53,3,2,2,7,Low Value
7797,38,7,254636.49,3,2,3,8,Low Value
7798,13,14,445715.68,4,5,5,14,High Value
7799,122,10,323986.60000000003,1,4,4,9,Low Value
7800,13,9,372351.19,4,4,5,13,High Value
7801,26,8,176996.92,3,3,2,8,Low Value
7802,12,7,276445.89,4,2,3,9,Low Value
7803,28,7,104871.03,3,2,1,6,At Risk
7804,15,11,195483.13,4,5,2,11,Medium Value
7805,60,11,463022.55,2,5,5,12,Medium Value
7806,38,8,345959.26,3,3,4,10,Medium Value
7807,25,5,289482.32,3,1,4,8,Low Value
7808,18,10,379413.19,4,4,5,13,High Value
7809,11,9,172426.4,4,4,2,10,Medium Value
7810,51,10,414873.77,2,4,5,11,Medium Value
7811,28,7,248289.87999999998,3,2,3,8,Low Value
7812,69,7,345034.38,2,2,4,8,Low Value
7813,38,7,316416.57,3,2,4,9,Low Value
7814,75,10,320577.61,1,4,4,9,Low Value
7815,4,4,66953.01999999999,5,1,1,7,Low Value
7816,71,10,256259.28000000003,2,4,3,9,Low Value
7817,61,6,198670.08000000002,2,2,2,6,At Risk
7818,21,10,591461.94,4,4,5,13,High Value
7819,34,5,242888.34999999998,3,1,3,7,Low Value
7820,185,4,95583.26999999999,1,1,1,3,At Risk
7821,6,5,143859.4,5,1,1,7,Low Value
7822,25,2,82508.54,3,1,1,5,At Risk
7823,62,8,257812.0,2,3,3,8,Low Value
7824,21,7,140953.0,4,2,1,7,Low Value
7825,71,8,291220.04,2,3,4,9,Low Value
7826,47,15,391637.08,2,5,5,12,Medium Value
7827,75,3,100447.43000000001,1,1,1,3,At Risk
7828,41,7,165456.75,2,2,2,6,At Risk
7829,39,9,303956.75,3,4,4,11,Medium Value
7830,50,6,173354.73,2,2,2,6,At Risk
7831,74,7,270971.63,1,2,3,6,At Risk
7832,1,16,442342.15,5,5,5,15,High Value
7833,92,6,235749.49,1,2,3,6,At Risk
7834,45,5,140544.99,2,1,1,4,At Risk
7835,13,11,396337.28,4,5,5,14,High Value
7836,2,17,518812.68,5,5,5,15,High Value
7837,30,9,269454.82,3,4,3,10,Medium Value
7838,12,8,240831.37,4,3,3,10,Medium Value
7839,17,14,628064.41,4,5,5,14,High Value
7840,100,9,265444.26,1,4,3,8,Low Value
7841,34,3,76786.4,3,1,1,5,At Risk
7842,21,11,441397.1,4,5,5,14,High Value
7843,196,4,171236.53,1,1,2,4,At Risk
7844,40,4,117158.42000000001,3,1,1,5,At Risk
7845,38,12,402184.36,3,5,5,13,High Value
7846,22,9,373706.45,3,4,5,12,Medium Value
7847,6,7,201658.92,5,2,2,9,Low Value
7848,21,9,254671.11,4,4,3,11,Medium Value
7849,15,10,518520.25,4,4,5,13,High Value
7850,9,12,387114.76999999996,5,5,5,15,High Value
7851,5,4,99518.26000000001,5,1,1,7,Low Value
7852,181,5,186996.48,1,1,2,4,At Risk
7853,125,11,365846.64,1,5,4,10,Medium Value
7854,60,5,286109.75,2,1,3,6,At Risk
7855,17,14,361698.02,4,5,4,13,High Value
7856,71,10,305984.7,2,4,4,10,Medium Value
7857,9,9,418025.22,5,4,5,14,High Value
7858,123,6,202224.44999999998,1,2,2,5,At Risk
7859,23,4,151655.52000000002,3,1,1,5,At Risk
7860,0,10,466759.43,5,4,5,14,High Value
7861,37,8,360909.25,3,3,4,10,Medium Value
7862,37,7,229876.09,3,2,3,8,Low Value
7863,36,8,195962.22,3,3,2,8,Low Value
7864,46,7,183027.63,2,2,2,6,At Risk
7865,26,8,293177.36,3,3,4,10,Medium Value
7866,77,6,148959.82,1,2,1,4,At Risk
7867,18,10,373858.13,4,4,5,13,High Value
7868,2,6,294447.55,5,2,4,11,Medium Value
7869,5,13,273656.17,5,5,3,13,High Value
7870,18,11,196772.63,4,5,2,11,Medium Value
7871,25,14,775927.85,3,5,5,13,High Value
7872,91,8,243749.21000000002,1,3,3,7,Low Value
7873,77,8,261942.54,1,3,3,7,Low Value
7874,55,12,342429.4,2,5,4,11,Medium Value
7875,28,8,208192.79,3,3,2,8,Low Value
7876,159,4,83176.64,1,1,1,3,At Risk
7877,40,10,382475.09,3,4,5,12,Medium Value
7878,9,9,299180.02,5,4,4,13,High Value
7879,11,7,175511.56,4,2,2,8,Low Value
7880,0,3,77649.51,5,1,1,7,Low Value
7881,6,16,713650.79,5,5,5,15,High Value
7882,141,3,109601.84000000001,1,1,1,3,At Risk
7883,17,4,89297.82999999999,4,1,1,6,At Risk
7884,27,10,340096.56,3,4,4,11,Medium Value
7885,155,5,243647.82,1,1,3,5,At Risk
7886,59,7,319198.01,2,2,4,8,Low Value
7887,32,12,631239.61,3,5,5,13,High Value
7888,70,5,162882.19,2,1,2,5,At Risk
7889,25,12,601333.63,3,5,5,13,High Value
7890,1,16,488620.91000000003,5,5,5,15,High Value
7891,1,14,423650.86,5,5,5,15,High Value
7892,30,12,336315.15,3,5,4,12,Medium Value
7893,17,7,96406.48999999999,4,2,1,7,Low Value
7894,29,6,138016.28,3,2,1,6,At Risk
7895,11,7,135994.41,4,2,1,7,Low Value
7896,0,9,270982.02999999997,5,4,3,12,Medium Value
7897,84,6,304489.19,1,2,4,7,Low Value
7898,2,6,212311.23,5,2,2,9,Low Value
7899,67,9,337312.7,2,4,4,10,Medium Value
7900,6,3,169660.0,5,1,2,8,Low Value
7901,21,10,300133.69,4,4,4,12,Medium Value
7902,20,10,246904.77,4,4,3,11,Medium Value
7903,103,6,191610.41,1,2,2,5,At Risk
7904,37,6,266013.7,3,2,3,8,Low Value
7905,118,6,167044.44,1,2,2,5,At Risk
7906,23,7,251820.46,3,2,3,8,Low Value
7907,1,12,440495.01,5,5,5,15,High Value
7908,8,7,203181.84,5,2,2,9,Low Value
7909,46,9,420243.19000000006,2,4,5,11,Medium Value
7910,18,13,476286.71,4,5,5,14,High Value
7911,75,5,85299.81,1,1,1,3,At Risk
7912,39,6,148618.91,3,2,1,6,At Risk
7913,0,7,259631.57,5,2,3,10,Medium Value
7914,44,9,215565.09999999998,2,4,2,8,Low Value
7915,50,10,196276.73,2,4,2,8,Low Value
7916,78,10,357884.27,1,4,4,9,Low Value
7917,104,5,103060.03,1,1,1,3,At Risk
7918,60,12,266468.15,2,5,3,10,Medium Value
7919,25,8,345019.67,3,3,4,10,Medium Value
7920,19,11,231049.21,4,5,3,12,Medium Value
7921,39,6,254233.78,3,2,3,8,Low Value
7922,61,8,302784.36,2,3,4,9,Low Value
7923,13,10,396780.38,4,4,5,13,High Value
7924,140,4,92717.87,1,1,1,3,At Risk
7925,150,4,182552.38,1,1,2,4,At Risk
7926,76,6,289462.38,1,2,4,7,Low Value
7927,2,10,332828.5,5,4,4,13,High Value
7928,1,12,495641.58,5,5,5,15,High Value
7929,5,9,243054.7,5,4,3,12,Medium Value
7930,11,8,321620.23,4,3,4,11,Medium Value
7931,34,9,295032.92,3,4,4,11,Medium Value
7932,87,8,310885.17000000004,1,3,4,8,Low Value
7933,41,7,299939.78,2,2,4,8,Low Value
7934,18,12,345560.52999999997,4,5,4,13,High Value
7935,49,11,289204.99,2,5,4,11,Medium Value
7936,172,4,135862.82,1,1,1,3,At Risk
7937,29,8,531356.56,3,3,5,11,Medium Value
7938,202,7,154354.55,1,2,1,4,At Risk
7939,11,10,385706.75,4,4,5,13,High Value
7940,17,9,346646.7,4,4,4,12,Medium Value
7941,54,8,356021.29000000004,2,3,4,9,Low Value
7942,27,11,503059.85,3,5,5,13,High Value
7943,9,11,321898.11,5,5,4,14,High Value
7944,19,10,273885.83999999997,4,4,3,11,Medium Value
7945,143,3,121344.92,1,1,1,3,At Risk
7946,108,7,243855.92,1,2,3,6,At Risk
7947,5,16,394288.36,5,5,5,15,High Value
7948,96,5,162588.13,1,1,2,4,At Risk
7949,11,9,332763.27,4,4,4,12,Medium Value
7950,7,9,238509.06,5,4,3,12,Medium Value
7951,30,12,343086.92,3,5,4,12,Medium Value
7952,1,10,423253.34,5,4,5,14,High Value
7953,15,8,319521.19,4,3,4,11,Medium Value
7954,25,6,115636.92,3,2,1,6,At Risk
7955,0,12,408590.86,5,5,5,15,High Value
7956,29,10,345503.7,3,4,4,11,Medium Value
7957,2,15,678871.7000000001,5,5,5,15,High Value
7958,33,7,186992.2,3,2,2,7,Low Value
7959,66,14,409126.65,2,5,5,12,Medium Value
7960,56,4,192354.64,2,1,2,5,At Risk
7961,30,6,216221.12,3,2,2,7,Low Value
7962,14,11,424369.41000000003,4,5,5,14,High Value
7963,27,7,252679.47,3,2,3,8,Low Value
7964,66,5,179181.83000000002,2,1,2,5,At Risk
7965,7,10,176705.05000000002,5,4,2,11,Medium Value
7966,21,9,219868.63,4,4,2,10,Medium Value
7967,89,11,259843.15,1,5,3,9,Low Value
7968,35,13,565877.38,3,5,5,13,High Value
7969,21,6,143476.41,4,2,1,7,Low Value
7970,78,6,173254.68,1,2,2,5,At Risk
7971,35,8,205219.93,3,3,2,8,Low Value
7972,2,10,299791.70999999996,5,4,4,13,High Value
7973,4,7,157924.96,5,2,1,8,Low Value
7974,85,6,184583.74,1,2,2,5,At Risk
7975,72,10,198804.52000000002,1,4,2,7,Low Value
7976,8,6,239289.38,5,2,3,10,Medium Value
7977,2,10,264847.0,5,4,3,12,Medium Value
7978,12,13,452790.76,4,5,5,14,High Value
7979,79,5,212640.53999999998,1,1,2,4,At Risk
7980,20,10,276410.62,4,4,3,11,Medium Value
7981,3,7,196852.99,5,2,2,9,Low Value
7982,45,9,389147.77,2,4,5,11,Medium Value
7983,22,7,124308.92,3,2,1,6,At Risk
7984,26,16,540983.51,3,5,5,13,High Value
7985,47,7,142149.0,2,2,1,5,At Risk
7986,19,10,259831.83,4,4,3,11,Medium Value
7987,46,3,46903.350000000006,2,1,1,4,At Risk
7988,195,6,163917.64,1,2,2,5,At Risk
7989,17,11,373308.51,4,5,5,14,High Value
7990,54,9,293399.56,2,4,4,10,Medium Value
7991,45,12,269312.99,2,5,3,10,Medium Value
7992,27,8,262139.16,3,3,3,9,Low Value
7993,26,7,198318.8,3,2,2,7,Low Value
7994,18,13,472755.7,4,5,5,14,High Value
7995,95,4,166229.56,1,1,2,4,At Risk
7996,4,14,370063.89,5,5,5,15,High Value
7997,50,10,374424.83,2,4,5,11,Medium Value
7998,14,14,514084.58,4,5,5,14,High Value
7999,1,7,181220.27,5,2,2,9,Low Value
8000,94,7,294967.48,1,2,4,7,Low Value
8001,7,11,339938.06,5,5,4,14,High Value
8002,15,10,266125.45,4,4,3,11,Medium Value
8003,2,7,358801.38,5,2,4,11,Medium Value
8004,2,10,217670.21,5,4,2,11,Medium Value
8005,13,13,364083.75,4,5,4,13,High Value
8006,86,8,167733.72999999998,1,3,2,6,At Risk
8007,99,13,491493.86,1,5,5,11,Medium Value
8008,23,7,188539.93,3,2,2,7,Low Value
8009,28,7,269218.0,3,2,3,8,Low Value
8010,29,9,264213.54,3,4,3,10,Medium Value
8011,11,11,359795.45999999996,4,5,4,13,High Value
8012,2,6,184883.21000000002,5,2,2,9,Low Value
8013,72,6,150324.18,1,2,1,4,At Risk
8014,45,7,272674.13,2,2,3,7,Low Value
8015,2,7,181559.4,5,2,2,9,Low Value
8016,112,7,216685.29,1,2,2,5,At Risk
8017,89,1,78719.18,1,1,1,3,At Risk
8018,104,7,183666.34,1,2,2,5,At Risk
8019,8,12,417544.76,5,5,5,15,High Value
8020,1,5,132317.06,5,1,1,7,Low Value
8021,32,5,142431.4,3,1,1,5,At Risk
8022,13,12,314532.53,4,5,4,13,High Value
8023,22,7,323247.64,3,2,4,9,Low Value
8024,22,11,278077.17,3,5,3,11,Medium Value
8025,57,6,90817.5,2,2,1,5,At Risk
8026,70,8,260619.69,2,3,3,8,Low Value
8027,0,3,125226.75,5,1,1,7,Low Value
8028,60,5,65832.69,2,1,1,4,At Risk
8029,22,11,339183.43,3,5,4,12,Medium Value
8030,20,10,310630.29,4,4,4,12,Medium Value
8031,14,7,297282.65,4,2,4,10,Medium Value
8032,33,10,220291.85,3,4,2,9,Low Value
8033,14,9,435511.30000000005,4,4,5,13,High Value
8034,99,6,176501.49000000002,1,2,2,5,At Risk
8035,5,5,72281.48000000001,5,1,1,7,Low Value
8036,40,10,393914.14,3,4,5,12,Medium Value
8037,82,7,177133.08000000002,1,2,2,5,At Risk
8038,10,9,363542.7,4,4,4,12,Medium Value
8039,17,12,374557.39,4,5,5,14,High Value
8040,16,10,381813.08999999997,4,4,5,13,High Value
8041,23,9,322658.07,3,4,4,11,Medium Value
8042,6,8,198254.33000000002,5,3,2,10,Medium Value
8043,113,7,163599.78,1,2,2,5,At Risk
8044,9,8,301077.82,5,3,4,12,Medium Value
8045,116,9,466793.64,1,4,5,10,Medium Value
8046,60,7,322709.22,2,2,4,8,Low Value
8047,46,7,167220.93,2,2,2,6,At Risk
8048,20,7,385648.22000000003,4,2,5,11,Medium Value
8049,65,10,397508.44,2,4,5,11,Medium Value
8050,69,6,104225.21,2,2,1,5,At Risk
8051,27,8,194495.58,3,3,2,8,Low Value
8052,5,14,537044.2,5,5,5,15,High Value
8053,126,3,128231.4,1,1,1,3,At Risk
8054,125,8,256615.18,1,3,3,7,Low Value
8055,84,5,154988.63,1,1,1,3,At Risk
8056,24,12,358819.83,3,5,4,12,Medium Value
8057,1,15,337377.85,5,5,4,14,High Value
8058,25,7,309727.54,3,2,4,9,Low Value
8059,54,8,242888.49,2,3,3,8,Low Value
8060,57,3,71608.62,2,1,1,4,At Risk
8061,27,11,420844.14,3,5,5,13,High Value
8062,12,9,258834.77,4,4,3,11,Medium Value
8063,37,7,117153.12,3,2,1,6,At Risk
8064,0,13,423729.73,5,5,5,15,High Value
8065,13,9,368326.17,4,4,4,12,Medium Value
8066,72,5,75125.45999999999,1,1,1,3,At Risk
8067,13,6,205699.21,4,2,2,8,Low Value
8068,49,6,397096.07999999996,2,2,5,9,Low Value
8069,34,7,293001.2,3,2,4,9,Low Value
8070,63,9,357561.98,2,4,4,10,Medium Value
8071,24,10,241972.24,3,4,3,10,Medium Value
8072,35,12,320164.02,3,5,4,12,Medium Value
8073,26,13,412976.79,3,5,5,13,High Value
8074,12,13,419366.01,4,5,5,14,High Value
8075,31,9,396236.51,3,4,5,12,Medium Value
8076,66,6,130454.74,2,2,1,5,At Risk
8077,87,7,220907.35,1,2,2,5,At Risk
8078,28,7,280342.19,3,2,3,8,Low Value
8079,73,9,338778.41,1,4,4,9,Low Value
8080,9,9,215925.18,5,4,2,11,Medium Value
8081,30,8,367202.32,3,3,4,10,Medium Value
8082,62,15,319702.92,2,5,4,11,Medium Value
8083,29,9,141327.98,3,4,1,8,Low Value
8084,6,11,362623.8,5,5,4,14,High Value
8085,89,6,264188.07,1,2,3,6,At Risk
8086,22,9,466502.57,3,4,5,12,Medium Value
8087,69,7,230534.35,2,2,3,7,Low Value
8088,56,8,172676.06,2,3,2,7,Low Value
8089,27,9,414952.75,3,4,5,12,Medium Value
8090,12,7,373886.55,4,2,5,11,Medium Value
8091,119,7,189669.04,1,2,2,5,At Risk
8092,51,7,246174.78000000003,2,2,3,7,Low Value
8093,89,4,74916.67,1,1,1,3,At Risk
8094,10,6,94526.57,4,2,1,7,Low Value
8095,15,12,222077.57,4,5,2,11,Medium Value
8096,14,12,474209.37,4,5,5,14,High Value
8097,0,8,187435.48,5,3,2,10,Medium Value
8098,115,4,175070.33,1,1,2,4,At Risk
8099,9,4,140859.82,5,1,1,7,Low Value
8100,57,15,466948.83,2,5,5,12,Medium Value
8101,41,10,278811.43,2,4,3,9,Low Value
8102,110,8,335035.66,1,3,4,8,Low Value
8103,22,8,206736.51,3,3,2,8,Low Value
8104,26,3,33782.49,3,1,1,5,At Risk
8105,92,6,158772.94,1,2,1,4,At Risk
8106,37,6,92609.07,3,2,1,6,At Risk
8107,20,9,353566.91,4,4,4,12,Medium Value
8108,7,12,379804.24000000005,5,5,5,15,High Value
8109,34,7,164358.31,3,2,2,7,Low Value
8110,0,7,270091.12,5,2,3,10,Medium Value
8111,124,7,201090.05,1,2,2,5,At Risk
8112,2,12,467071.05000000005,5,5,5,15,High Value
8113,34,12,223434.83,3,5,2,10,Medium Value
8114,5,8,276841.67000000004,5,3,3,11,Medium Value
8115,106,4,119822.84,1,1,1,3,At Risk
8116,6,7,142386.54,5,2,1,8,Low Value
8117,37,15,558897.75,3,5,5,13,High Value
8118,12,8,325345.71,4,3,4,11,Medium Value
8119,217,3,99924.18,1,1,1,3,At Risk
8120,15,7,281470.12,4,2,3,9,Low Value
8121,34,6,119686.35,3,2,1,6,At Risk
8122,53,8,225750.71000000002,2,3,3,8,Low Value
8123,13,6,90662.18,4,2,1,7,Low Value
8124,8,9,261681.25,5,4,3,12,Medium Value
8125,2,6,227813.8,5,2,3,10,Medium Value
8126,53,3,146317.67,2,1,1,4,At Risk
8127,36,11,394375.64,3,5,5,13,High Value
8128,15,11,280506.43,4,5,3,12,Medium Value
8129,53,9,371234.52999999997,2,4,5,11,Medium Value
8130,2,9,316516.03,5,4,4,13,High Value
8131,110,4,108138.58,1,1,1,3,At Risk
8132,35,5,199898.40000000002,3,1,2,6,At Risk
8133,5,10,251148.67,5,4,3,12,Medium Value
8134,39,8,171233.95,3,3,2,8,Low Value
8135,1,10,247150.49,5,4,3,12,Medium Value
8136,23,7,191117.15,3,2,2,7,Low Value
8137,10,8,241145.13,4,3,3,10,Medium Value
8138,30,9,390415.11,3,4,5,12,Medium Value
8139,61,7,114373.95,2,2,1,5,At Risk
8140,64,10,216973.83000000002,2,4,2,8,Low Value
8141,68,5,162122.41999999998,2,1,2,5,At Risk
8142,103,8,201804.65000000002,1,3,2,6,At Risk
8143,38,10,380440.55000000005,3,4,5,12,Medium Value
8144,4,16,403559.2,5,5,5,15,High Value
8145,46,12,357727.19,2,5,4,11,Medium Value
8146,102,9,295131.15,1,4,4,9,Low Value
8147,25,10,379982.4,3,4,5,12,Medium Value
8148,94,15,447918.19,1,5,5,11,Medium Value
8149,68,7,359914.56,2,2,4,8,Low Value
8150,149,6,229230.04,1,2,3,6,At Risk
8151,56,9,267141.05,2,4,3,9,Low Value
8152,95,8,201339.18,1,3,2,6,At Risk
8153,23,9,304223.73,3,4,4,11,Medium Value
8154,1,5,70148.56999999999,5,1,1,7,Low Value
8155,31,8,77966.5,3,3,1,7,Low Value
8156,24,16,365982.89,3,5,4,12,Medium Value
8157,7,9,173940.21,5,4,2,11,Medium Value
8158,45,11,209103.77000000002,2,5,2,9,Low Value
8159,87,3,152017.09,1,1,1,3,At Risk
8160,63,11,345268.98,2,5,4,11,Medium Value
8161,2,10,176354.02,5,4,2,11,Medium Value
8162,9,10,462180.45999999996,5,4,5,14,High Value
8163,16,7,338923.94,4,2,4,10,Medium Value
8164,54,8,189924.07,2,3,2,7,Low Value
8165,47,7,165962.76,2,2,2,6,At Risk
8166,27,9,473110.98,3,4,5,12,Medium Value
8167,14,11,365814.82,4,5,4,13,High Value
8168,11,5,223888.42,4,1,2,7,Low Value
8169,0,9,511144.22000000003,5,4,5,14,High Value
8170,61,9,326289.02,2,4,4,10,Medium Value
8171,81,11,305050.99,1,5,4,10,Medium Value
8172,5,6,274774.72,5,2,3,10,Medium Value
8173,102,11,518908.79,1,5,5,11,Medium Value
8174,42,7,294699.87,2,2,4,8,Low Value
8175,26,10,278537.06,3,4,3,10,Medium Value
8176,21,9,252326.53,4,4,3,11,Medium Value
8177,42,8,164934.78,2,3,2,7,Low Value
8178,93,9,483938.62,1,4,5,10,Medium Value
8179,52,11,290895.72,2,5,4,11,Medium Value
8180,4,7,88309.84,5,2,1,8,Low Value
8181,46,8,288751.59,2,3,3,8,Low Value
8182,52,14,319143.88,2,5,4,11,Medium Value
8183,3,6,174445.26,5,2,2,9,Low Value
8184,4,8,722780.3200000001,5,3,5,13,High Value
8185,7,12,622498.48,5,5,5,15,High Value
8186,19,12,304532.92,4,5,4,13,High Value
8187,9,5,155766.94,5,1,1,7,Low Value
8188,51,7,344171.77999999997,2,2,4,8,Low Value
8189,10,11,315239.79,4,5,4,13,High Value
8190,7,5,248163.38,5,1,3,9,Low Value
8191,37,12,425416.67,3,5,5,13,High Value
8192,0,8,203152.24,5,3,2,10,Medium Value
8193,63,6,124305.84999999999,2,2,1,5,At Risk
8194,13,12,254463.03,4,5,3,12,Medium Value
8195,111,7,198973.40000000002,1,2,2,5,At Risk
8196,95,9,254329.35,1,4,3,8,Low Value
8197,17,9,274949.47000000003,4,4,3,11,Medium Value
8198,26,8,212044.84,3,3,2,8,Low Value
8199,26,5,179048.23,3,1,2,6,At Risk
8200,3,3,54790.009999999995,5,1,1,7,Low Value
8201,46,7,181284.38,2,2,2,6,At Risk
8202,19,6,145464.39,4,2,1,7,Low Value
8203,72,6,289201.78,1,2,4,7,Low Value
8204,12,8,345159.64,4,3,4,11,Medium Value
8205,25,5,179770.37,3,1,2,6,At Risk
8206,136,11,192039.36000000002,1,5,2,8,Low Value
8207,16,9,347642.43,4,4,4,12,Medium Value
8208,14,9,205271.03,4,4,2,10,Medium Value
8209,114,9,560332.8200000001,1,4,5,10,Medium Value
8210,31,9,372087.35,3,4,5,12,Medium Value
8211,0,9,273711.46,5,4,3,12,Medium Value
8212,0,10,298225.35000000003,5,4,4,13,High Value
8213,16,14,373869.23,4,5,5,14,High Value
8214,100,10,315215.93,1,4,4,9,Low Value
8215,5,9,277087.02,5,4,3,12,Medium Value
8216,133,7,162085.88999999998,1,2,2,5,At Risk
8217,18,9,253633.13,4,4,3,11,Medium Value
8218,71,9,344753.8,2,4,4,10,Medium Value
8219,37,8,192696.01,3,3,2,8,Low Value
8220,0,8,216800.37,5,3,2,10,Medium Value
8221,59,4,137519.97,2,1,1,4,At Risk
8222,17,12,451024.2,4,5,5,14,High Value
8223,32,12,341955.47000000003,3,5,4,12,Medium Value
8224,19,11,176255.51,4,5,2,11,Medium Value
8225,67,9,249323.41999999998,2,4,3,9,Low Value
8226,119,6,204442.83000000002,1,2,2,5,At Risk
8227,28,12,503805.87,3,5,5,13,High Value
8228,50,6,279573.51,2,2,3,7,Low Value
8229,20,12,695703.68,4,5,5,14,High Value
8230,16,13,420571.54,4,5,5,14,High Value
8231,177,6,155827.31,1,2,1,4,At Risk
8232,11,10,246617.75,4,4,3,11,Medium Value
8233,61,6,156913.23,2,2,1,5,At Risk
8234,54,9,224172.66,2,4,2,8,Low Value
8235,12,6,120010.87999999999,4,2,1,7,Low Value
8236,7,7,191074.66,5,2,2,9,Low Value
8237,251,4,178602.51,1,1,2,4,At Risk
8238,64,11,466060.64,2,5,5,12,Medium Value
8239,26,7,241312.48,3,2,3,8,Low Value
8240,4,10,352540.16000000003,5,4,4,13,High Value
8241,12,12,437166.32,4,5,5,14,High Value
8242,16,6,158441.61,4,2,1,7,Low Value
8243,1,10,403354.61,5,4,5,14,High Value
8244,32,8,160877.1,3,3,1,7,Low Value
8245,10,12,584652.76,4,5,5,14,High Value
8246,66,6,155843.86000000002,2,2,1,5,At Risk
8247,42,11,385384.79000000004,2,5,5,12,Medium Value
8248,41,10,312450.92,2,4,4,10,Medium Value
8249,108,5,118268.66,1,1,1,3,At Risk
8250,34,11,285898.21,3,5,3,11,Medium Value
8251,3,7,199070.85,5,2,2,9,Low Value
8252,70,8,176843.48,2,3,2,7,Low Value
8253,7,8,226162.99,5,3,3,11,Medium Value
8254,70,10,279965.32,2,4,3,9,Low Value
8255,145,6,290590.47,1,2,4,7,Low Value
8256,59,13,333827.57,2,5,4,11,Medium Value
8257,91,4,76172.83,1,1,1,3,At Risk
8258,36,9,496023.92,3,4,5,12,Medium Value
8259,13,11,458072.95999999996,4,5,5,14,High Value
8260,146,3,62454.78,1,1,1,3,At Risk
8261,8,8,311646.7,5,3,4,12,Medium Value
8262,95,9,292556.78,1,4,4,9,Low Value
8263,38,8,206586.16,3,3,2,8,Low Value
8264,3,16,398462.18,5,5,5,15,High Value
8265,54,9,282028.29,2,4,3,9,Low Value
8266,22,12,372347.85,3,5,5,13,High Value
8267,83,6,204946.87,1,2,2,5,At Risk
8268,28,8,366235.60000000003,3,3,4,10,Medium Value
8269,2,13,478993.75,5,5,5,15,High Value
8270,1,8,119372.16,5,3,1,9,Low Value
8271,60,4,107466.59,2,1,1,4,At Risk
8272,11,14,408899.67,4,5,5,14,High Value
8273,54,8,202905.33000000002,2,3,2,7,Low Value
8274,30,5,142985.8,3,1,1,5,At Risk
8275,8,11,344646.58999999997,5,5,4,14,High Value
8276,30,5,195833.39,3,1,2,6,At Risk
8277,77,8,172585.49,1,3,2,6,At Risk
8278,16,4,74021.97,4,1,1,6,At Risk
8279,6,12,278902.76,5,5,3,13,High Value
8280,2,10,317926.8,5,4,4,13,High Value
8281,37,6,187366.56,3,2,2,7,Low Value
8282,71,10,227730.17,2,4,3,9,Low Value
8283,20,6,420550.41,4,2,5,11,Medium Value
8284,4,6,298778.59,5,2,4,11,Medium Value
8285,12,6,241277.96000000002,4,2,3,9,Low Value
8286,2,8,227793.42,5,3,3,11,Medium Value
8287,98,3,82417.5,1,1,1,3,At Risk
8288,9,13,583203.8300000001,5,5,5,15,High Value
8289,5,4,100268.77,5,1,1,7,Low Value
8290,2,6,112058.06999999999,5,2,1,8,Low Value
8291,3,12,332102.23,5,5,4,14,High Value
8292,38,6,272823.11,3,2,3,8,Low Value
8293,63,8,260847.94999999998,2,3,3,8,Low Value
8294,125,11,338215.47,1,5,4,10,Medium Value
8295,13,7,322873.46,4,2,4,10,Medium Value
8296,26,5,182356.63,3,1,2,6,At Risk
8297,9,7,164802.29,5,2,2,9,Low Value
8298,72,6,164543.69,1,2,2,5,At Risk
8299,2,10,184982.1,5,4,2,11,Medium Value
8300,59,7,303042.6,2,2,4,8,Low Value
8301,70,9,296357.18,2,4,4,10,Medium Value
8302,59,8,260407.99,2,3,3,8,Low Value
8303,5,12,332828.69,5,5,4,14,High Value
8304,27,5,190289.0,3,1,2,6,At Risk
8305,15,11,278346.27,4,5,3,12,Medium Value
8306,25,8,329272.49,3,3,4,10,Medium Value
8307,20,6,117993.06000000001,4,2,1,7,Low Value
8308,22,9,231083.24,3,4,3,10,Medium Value
8309,9,10,345025.67,5,4,4,13,High Value
8310,1,8,289513.72000000003,5,3,4,12,Medium Value
8311,43,9,250148.28,2,4,3,9,Low Value
8312,43,5,70543.09,2,1,1,4,At Risk
8313,12,9,364359.55,4,4,4,12,Medium Value
8314,24,12,464440.6,3,5,5,13,High Value
8315,6,9,292392.86,5,4,4,13,High Value
8316,24,6,229320.45,3,2,3,8,Low Value
8317,66,4,225404.25999999998,2,1,3,6,At Risk
8318,5,16,292177.4,5,5,4,14,High Value
8319,72,6,394165.79,1,2,5,8,Low Value
8320,191,5,181182.69,1,1,2,4,At Risk
8321,9,11,446412.31,5,5,5,15,High Value
8322,13,13,383452.68,4,5,5,14,High Value
8323,63,7,117868.06999999999,2,2,1,5,At Risk
8324,66,5,100025.77,2,1,1,4,At Risk
8325,43,12,342878.72000000003,2,5,4,11,Medium Value
8326,29,8,175064.15,3,3,2,8,Low Value
8327,173,2,66332.64,1,1,1,3,At Risk
8328,10,8,210344.12,4,3,2,9,Low Value
8329,22,9,231467.28,3,4,3,10,Medium Value
8330,53,12,410824.97000000003,2,5,5,12,Medium Value
8331,13,8,320484.63,4,3,4,11,Medium Value
8332,18,11,417535.42,4,5,5,14,High Value
8333,7,9,289074.4,5,4,4,13,High Value
8334,8,7,147122.36,5,2,1,8,Low Value
8335,0,4,90003.23,5,1,1,7,Low Value
8336,116,6,154814.46,1,2,1,4,At Risk
8337,16,11,595787.1799999999,4,5,5,14,High Value
8338,104,7,209572.69,1,2,2,5,At Risk
8339,41,10,454216.78,2,4,5,11,Medium Value
8340,44,8,153016.22,2,3,1,6,At Risk
8341,2,7,234872.58,5,2,3,10,Medium Value
8342,263,3,55964.1,1,1,1,3,At Risk
8343,2,8,330046.33999999997,5,3,4,12,Medium Value
8344,57,9,279587.28,2,4,3,9,Low Value
8345,80,12,518948.99,1,5,5,11,Medium Value
8346,92,9,208462.68,1,4,2,7,Low Value
8347,26,6,222420.64,3,2,2,7,Low Value
8348,0,9,320580.31,5,4,4,13,High Value
8349,172,6,334694.44,1,2,4,7,Low Value
8350,22,5,119322.07,3,1,1,5,At Risk
8351,90,10,239759.04,1,4,3,8,Low Value
8352,26,9,309584.65,3,4,4,11,Medium Value
8353,42,7,238394.42,2,2,3,7,Low Value
8354,1,11,305946.13,5,5,4,14,High Value
8355,161,6,162495.55,1,2,2,5,At Risk
8356,122,6,336940.82,1,2,4,7,Low Value
8357,41,5,73185.77,2,1,1,4,At Risk
8358,22,7,207192.22,3,2,2,7,Low Value
8359,2,7,262720.02,5,2,3,10,Medium Value
8360,53,14,434525.41,2,5,5,12,Medium Value
8361,1,8,239693.96,5,3,3,11,Medium Value
8362,85,9,414792.03,1,4,5,10,Medium Value
8363,37,8,337463.92,3,3,4,10,Medium Value
8364,33,7,243496.62,3,2,3,8,Low Value
8365,1,10,431427.63,5,4,5,14,High Value
8366,31,9,326087.38,3,4,4,11,Medium Value
8367,25,8,303356.64,3,3,4,10,Medium Value
8368,202,4,352486.76,1,1,4,6,At Risk
8369,2,10,310943.63,5,4,4,13,High Value
8370,17,9,250622.66999999998,4,4,3,11,Medium Value
8371,19,11,471678.79,4,5,5,14,High Value
8372,1,9,212960.14,5,4,2,11,Medium Value
8373,155,4,122454.65,1,1,1,3,At Risk
8374,97,6,198321.05,1,2,2,5,At Risk
8375,17,9,265476.49,4,4,3,11,Medium Value
8376,47,9,272570.04000000004,2,4,3,9,Low Value
8377,18,5,172175.01,4,1,2,7,Low Value
8378,29,8,309393.29000000004,3,3,4,10,Medium Value
8379,135,8,289262.95999999996,1,3,4,8,Low Value
8380,16,6,86568.84999999999,4,2,1,7,Low Value
8381,44,9,167371.44,2,4,2,8,Low Value
8382,29,15,503991.86,3,5,5,13,High Value
8383,7,9,229975.41,5,4,3,12,Medium Value
8384,3,5,74570.70999999999,5,1,1,7,Low Value
8385,2,19,416616.46,5,5,5,15,High Value
8386,19,9,294252.16,4,4,4,12,Medium Value
8387,21,13,368594.95,4,5,4,13,High Value
8388,17,5,154987.65,4,1,1,6,At Risk
8389,52,16,416331.74,2,5,5,12,Medium Value
8390,21,6,152729.6,4,2,1,7,Low Value
8391,42,7,278477.21,2,2,3,7,Low Value
8392,48,9,204110.85,2,4,2,8,Low Value
8393,5,12,362730.04,5,5,4,14,High Value
8394,37,8,192042.37,3,3,2,8,Low Value
8395,60,7,380924.94,2,2,5,9,Low Value
8396,86,4,62773.84,1,1,1,3,At Risk
8397,3,10,313913.43000000005,5,4,4,13,High Value
8398,7,10,326586.4,5,4,4,13,High Value
8399,98,8,277849.03,1,3,3,7,Low Value
8400,27,11,341247.01,3,5,4,12,Medium Value
8401,51,9,245912.75,2,4,3,9,Low Value
8402,21,9,316603.2,4,4,4,12,Medium Value
8403,213,2,70782.27,1,1,1,3,At Risk
8404,45,11,337514.99,2,5,4,11,Medium Value
8405,36,8,242732.87,3,3,3,9,Low Value
8406,58,9,225332.26,2,4,3,9,Low Value
8407,23,8,287774.58,3,3,3,9,Low Value
8408,1,9,297821.51,5,4,4,13,High Value
8409,15,7,319883.44,4,2,4,10,Medium Value
8410,15,6,232451.16999999998,4,2,3,9,Low Value
8411,41,15,361001.68,2,5,4,11,Medium Value
8412,125,5,114963.24,1,1,1,3,At Risk
8413,6,13,425452.77,5,5,5,15,High Value
8414,4,12,389101.24,5,5,5,15,High Value
8415,41,11,538026.49,2,5,5,12,Medium Value
8416,2,9,207843.78999999998,5,4,2,11,Medium Value
8417,14,14,462027.94,4,5,5,14,High Value
8418,16,8,325428.89,4,3,4,11,Medium Value
8419,115,4,13395.73,1,1,1,3,At Risk
8420,16,8,209803.71,4,3,2,9,Low Value
8421,42,6,308144.95,2,2,4,8,Low Value
8422,52,6,202095.05,2,2,2,6,At Risk
8423,202,3,126565.79000000001,1,1,1,3,At Risk
8424,3,8,199559.51,5,3,2,10,Medium Value
8425,39,12,338013.08999999997,3,5,4,12,Medium Value
8426,47,9,327041.69,2,4,4,10,Medium Value
8427,30,8,254632.35,3,3,3,9,Low Value
8428,18,9,108610.98,4,4,1,9,Low Value
8429,6,6,342165.14,5,2,4,11,Medium Value
8430,7,9,231873.19,5,4,3,12,Medium Value
8431,49,4,81214.03,2,1,1,4,At Risk
8432,88,13,576154.53,1,5,5,11,Medium Value
8433,107,8,314226.39,1,3,4,8,Low Value
8434,3,5,230219.05,5,1,3,9,Low Value
8435,5,8,389729.73,5,3,5,13,High Value
8436,44,11,245218.94999999998,2,5,3,10,Medium Value
8437,70,6,383405.32,2,2,5,9,Low Value
8438,2,8,240994.64,5,3,3,11,Medium Value
8439,8,4,92057.03,5,1,1,7,Low Value
8440,9,6,273818.48,5,2,3,10,Medium Value
8441,27,8,260893.46,3,3,3,9,Low Value
8442,23,9,327135.57,3,4,4,11,Medium Value
8443,46,7,345707.63,2,2,4,8,Low Value
8444,11,7,307713.36,4,2,4,10,Medium Value
8445,13,10,388781.27,4,4,5,13,High Value
8446,60,10,353800.64,2,4,4,10,Medium Value
8447,70,6,304914.9,2,2,4,8,Low Value
8448,8,5,246990.15999999997,5,1,3,9,Low Value
8449,83,9,207322.27000000002,1,4,2,7,Low Value
8450,105,2,25392.7,1,1,1,3,At Risk
8451,33,10,432713.70999999996,3,4,5,12,Medium Value
8452,37,14,343576.04,3,5,4,12,Medium Value
8453,137,8,114385.06,1,3,1,5,At Risk
8454,69,7,156159.91,2,2,1,5,At Risk
8455,79,11,209946.3,1,5,2,8,Low Value
8456,5,6,162302.38,5,2,2,9,Low Value
8457,22,3,85801.95999999999,3,1,1,5,At Risk
8458,31,11,339881.86,3,5,4,12,Medium Value
8459,94,10,270533.89,1,4,3,8,Low Value
8460,29,12,538072.98,3,5,5,13,High Value
8461,42,6,151994.51,2,2,1,5,At Risk
8462,51,8,198189.59,2,3,2,7,Low Value
8463,31,10,405855.97000000003,3,4,5,12,Medium Value
8464,27,8,324545.24,3,3,4,10,Medium Value
8465,0,10,191716.38999999998,5,4,2,11,Medium Value
8466,47,14,522174.54000000004,2,5,5,12,Medium Value
8467,56,12,358496.92,2,5,4,11,Medium Value
8468,3,9,363100.05,5,4,4,13,High Value
8469,32,7,176845.51,3,2,2,7,Low Value
8470,24,12,539123.41,3,5,5,13,High Value
8471,54,9,241843.02,2,4,3,9,Low Value
8472,11,6,125194.25,4,2,1,7,Low Value
8473,49,12,329969.78,2,5,4,11,Medium Value
8474,43,3,92082.42,2,1,1,4,At Risk
8475,26,10,315644.48,3,4,4,11,Medium Value
8476,36,12,622234.62,3,5,5,13,High Value
8477,18,10,398434.35000000003,4,4,5,13,High Value
8478,24,9,238620.55,3,4,3,10,Medium Value
8479,84,8,487125.63999999996,1,3,5,9,Low Value
8480,37,6,190057.74,3,2,2,7,Low Value
8481,47,12,428380.14,2,5,5,12,Medium Value
8482,12,6,196447.22,4,2,2,8,Low Value
8483,3,5,51675.05,5,1,1,7,Low Value
8484,78,8,251027.81,1,3,3,7,Low Value
8485,40,14,466666.69,3,5,5,13,High Value
8486,28,11,343612.01,3,5,4,12,Medium Value
8487,13,10,353616.0,4,4,4,12,Medium Value
8488,66,3,196357.93,2,1,2,5,At Risk
8489,6,8,343578.62,5,3,4,12,Medium Value
8490,38,5,146279.58000000002,3,1,1,5,At Risk
8491,127,5,168087.09,1,1,2,4,At Risk
8492,19,7,215704.68,4,2,2,8,Low Value
8493,27,12,280596.2,3,5,3,11,Medium Value
8494,170,6,164206.61,1,2,2,5,At Risk
8495,183,11,298065.48,1,5,4,10,Medium Value
8496,4,10,292462.46,5,4,4,13,High Value
8497,77,5,201814.16999999998,1,1,2,4,At Risk
8498,46,8,239351.83,2,3,3,8,Low Value
8499,28,6,205272.08,3,2,2,7,Low Value
8500,44,9,258573.6,2,4,3,9,Low Value
8501,27,8,331459.02,3,3,4,10,Medium Value
8502,0,13,476345.83,5,5,5,15,High Value
8503,113,9,481352.49,1,4,5,10,Medium Value
8504,15,7,271379.39,4,2,3,9,Low Value
8505,11,6,298433.58999999997,4,2,4,10,Medium Value
8506,56,11,383877.33,2,5,5,12,Medium Value
8507,51,5,160603.13,2,1,1,4,At Risk
8508,14,10,309478.19,4,4,4,12,Medium Value
8509,3,14,519355.43,5,5,5,15,High Value
8510,66,9,264522.15,2,4,3,9,Low Value
8511,30,7,246601.41999999998,3,2,3,8,Low Value
8512,20,13,371594.41000000003,4,5,5,14,High Value
8513,49,4,130700.48,2,1,1,4,At Risk
8514,50,13,460679.49,2,5,5,12,Medium Value
8515,13,6,337724.76999999996,4,2,4,10,Medium Value
8516,28,10,232219.46,3,4,3,10,Medium Value
8517,15,5,233040.89,4,1,3,8,Low Value
8518,88,5,65662.67,1,1,1,3,At Risk
8519,6,10,295234.7,5,4,4,13,High Value
8520,27,8,207593.88,3,3,2,8,Low Value
8521,24,7,263721.49,3,2,3,8,Low Value
8522,12,11,435622.88,4,5,5,14,High Value
8523,2,8,271793.93,5,3,3,11,Medium Value
8524,13,6,316230.17,4,2,4,10,Medium Value
8525,55,5,230838.95,2,1,3,6,At Risk
8526,1,8,359170.07,5,3,4,12,Medium Value
8527,71,8,281977.66,2,3,3,8,Low Value
8528,12,8,351076.58,4,3,4,11,Medium Value
8529,59,9,308158.08,2,4,4,10,Medium Value
8530,42,8,330265.51,2,3,4,9,Low Value
8531,127,7,258588.78999999998,1,2,3,6,At Risk
8532,15,12,638595.4400000001,4,5,5,14,High Value
8533,25,11,184903.31,3,5,2,10,Medium Value
8534,35,7,174588.95,3,2,2,7,Low Value
8535,19,10,424568.95,4,4,5,13,High Value
8536,154,5,160289.84,1,1,1,3,At Risk
8537,91,7,160945.97,1,2,1,4,At Risk
8538,44,9,284613.44,2,4,3,9,Low Value
8539,66,9,413255.37,2,4,5,11,Medium Value
8540,8,9,219497.08,5,4,2,11,Medium Value
8541,20,16,428082.16000000003,4,5,5,14,High Value
8542,79,7,305950.8,1,2,4,7,Low Value
8543,142,7,215845.67,1,2,2,5,At Risk
8544,5,11,241222.32,5,5,3,13,High Value
8545,10,8,305635.18,4,3,4,11,Medium Value
8546,13,13,475086.42000000004,4,5,5,14,High Value
8547,42,6,156697.27,2,2,1,5,At Risk
8548,167,7,292856.05,1,2,4,7,Low Value
8549,42,11,397695.78,2,5,5,12,Medium Value
8550,1,7,189257.90000000002,5,2,2,9,Low Value
8551,22,8,303691.88,3,3,4,10,Medium Value
8552,25,8,207911.66,3,3,2,8,Low Value
8553,134,8,259399.18000000002,1,3,3,7,Low Value
8554,14,9,275059.19,4,4,3,11,Medium Value
8555,1,14,333057.45,5,5,4,14,High Value
8556,21,10,474138.3,4,4,5,13,High Value
8557,11,8,255256.48,4,3,3,10,Medium Value
8558,36,17,490976.12,3,5,5,13,High Value
8559,291,3,34860.229999999996,1,1,1,3,At Risk
8560,7,5,146297.27,5,1,1,7,Low Value
8561,37,7,137324.32,3,2,1,6,At Risk
8562,92,7,278095.79000000004,1,2,3,6,At Risk
8563,6,11,274418.04,5,5,3,13,High Value
8564,58,5,198487.66999999998,2,1,2,5,At Risk
8565,67,8,352761.51,2,3,4,9,Low Value
8566,76,5,178050.30000000002,1,1,2,4,At Risk
8567,24,5,198699.72,3,1,2,6,At Risk
8568,44,6,129522.82,2,2,1,5,At Risk
8569,32,10,439303.63,3,4,5,12,Medium Value
8570,57,5,85101.93,2,1,1,4,At Risk
8571,83,5,180333.33000000002,1,1,2,4,At Risk
8572,51,6,240638.1,2,2,3,7,Low Value
8573,66,10,360553.79000000004,2,4,4,10,Medium Value
8574,105,10,205583.93,1,4,2,7,Low Value
8575,3,11,605774.85,5,5,5,15,High Value
8576,38,5,87371.38,3,1,1,5,At Risk
8577,79,6,136642.78,1,2,1,4,At Risk
8578,4,13,659845.47,5,5,5,15,High Value
8579,73,5,213718.68,1,1,2,4,At Risk
8580,69,10,205814.78999999998,2,4,2,8,Low Value
8581,32,12,272341.58,3,5,3,11,Medium Value
8582,9,3,173399.22,5,1,2,8,Low Value
8583,93,2,151137.92,1,1,1,3,At Risk
8584,46,9,193313.72,2,4,2,8,Low Value
8585,95,10,340416.6,1,4,4,9,Low Value
8586,33,8,274041.41000000003,3,3,3,9,Low Value
8587,22,14,514161.7,3,5,5,13,High Value
8588,13,10,369581.31,4,4,5,13,High Value
8589,57,4,94958.84,2,1,1,4,At Risk
8590,1,14,520306.99,5,5,5,15,High Value
8591,34,9,363307.7,3,4,4,11,Medium Value
8592,33,8,340453.18999999994,3,3,4,10,Medium Value
8593,90,7,214850.54,1,2,2,5,At Risk
8594,1,10,244873.94,5,4,3,12,Medium Value
8595,2,10,243543.0,5,4,3,12,Medium Value
8596,81,5,128491.17,1,1,1,3,At Risk
8597,8,11,440812.73,5,5,5,15,High Value
8598,10,9,458276.94,4,4,5,13,High Value
8599,8,11,221420.68,5,5,2,12,Medium Value
8600,11,6,192599.91999999998,4,2,2,8,Low Value
8601,8,7,256128.97999999998,5,2,3,10,Medium Value
8602,81,4,88260.66,1,1,1,3,At Risk
8603,70,7,374598.72,2,2,5,9,Low Value
8604,66,8,330878.88,2,3,4,9,Low Value
8605,45,11,608973.7,2,5,5,12,Medium Value
8606,101,6,133096.59,1,2,1,4,At Risk
8607,3,7,250894.21000000002,5,2,3,10,Medium Value
8608,50,7,168711.97999999998,2,2,2,6,At Risk
8609,22,7,284934.58,3,2,3,8,Low Value
8610,26,15,554536.77,3,5,5,13,High Value
8611,12,10,254438.35,4,4,3,11,Medium Value
8612,41,8,105212.41,2,3,1,6,At Risk
8613,98,11,443348.26,1,5,5,11,Medium Value
8614,11,7,143428.28,4,2,1,7,Low Value
8615,51,10,307155.53,2,4,4,10,Medium Value
8616,18,11,250992.33,4,5,3,12,Medium Value
8617,20,4,112189.73,4,1,1,6,At Risk
8618,46,8,250002.16,2,3,3,8,Low Value
8619,43,14,390932.92000000004,2,5,5,12,Medium Value
8620,8,6,224069.63,5,2,2,9,Low Value
8621,0,10,260906.13,5,4,3,12,Medium Value
8622,68,7,214809.57,2,2,2,6,At Risk
8623,20,10,463740.75,4,4,5,13,High Value
8624,9,13,246606.18,5,5,3,13,High Value
8625,163,1,27166.68,1,1,1,3,At Risk
8626,72,9,219177.97999999998,1,4,2,7,Low Value
8627,4,12,381352.37,5,5,5,15,High Value
8628,60,10,306803.48,2,4,4,10,Medium Value
8629,83,5,150998.94,1,1,1,3,At Risk
8630,252,3,170675.2,1,1,2,4,At Risk
8631,1,8,296607.81,5,3,4,12,Medium Value
8632,15,11,378365.05,4,5,5,14,High Value
8633,16,9,239392.63999999998,4,4,3,11,Medium Value
8634,33,14,399465.82,3,5,5,13,High Value
8635,56,6,227616.01,2,2,3,7,Low Value
8636,32,7,316741.71,3,2,4,9,Low Value
8637,52,8,269915.55,2,3,3,8,Low Value
8638,58,6,275633.93000000005,2,2,3,7,Low Value
8639,36,9,245752.0,3,4,3,10,Medium Value
8640,64,10,412928.23,2,4,5,11,Medium Value
8641,142,4,201254.24,1,1,2,4,At Risk
8642,108,9,430218.79,1,4,5,10,Medium Value
8643,140,4,145636.49,1,1,1,3,At Risk
8644,49,7,387657.49,2,2,5,9,Low Value
8645,38,10,228983.54,3,4,3,10,Medium Value
8646,24,7,348987.26,3,2,4,9,Low Value
8647,61,8,355683.55,2,3,4,9,Low Value
8648,15,7,252895.6,4,2,3,9,Low Value
8649,3,9,281248.63,5,4,3,12,Medium Value
8650,3,7,149342.62,5,2,1,8,Low Value
8651,0,9,328939.83,5,4,4,13,High Value
8652,49,11,389373.86,2,5,5,12,Medium Value
8653,37,5,82595.53,3,1,1,5,At Risk
8654,31,8,180099.55,3,3,2,8,Low Value
8655,116,8,312751.95,1,3,4,8,Low Value
8656,52,11,338576.37,2,5,4,11,Medium Value
8657,87,12,398436.88,1,5,5,11,Medium Value
8658,10,10,174884.59,4,4,2,10,Medium Value
8659,0,12,482044.48,5,5,5,15,High Value
8660,98,5,237581.35,1,1,3,5,At Risk
8661,82,6,51765.18,1,2,1,4,At Risk
8662,29,9,308069.12,3,4,4,11,Medium Value
8663,14,5,142377.52,4,1,1,6,At Risk
8664,45,5,87321.12,2,1,1,4,At Risk
8665,114,9,204624.4,1,4,2,7,Low Value
8666,23,9,225171.38,3,4,3,10,Medium Value
8667,83,7,248048.39,1,2,3,6,At Risk
8668,117,5,133971.57,1,1,1,3,At Risk
8669,55,12,596138.04,2,5,5,12,Medium Value
8670,129,5,74394.93,1,1,1,3,At Risk
8671,10,7,384672.56,4,2,5,11,Medium Value
8672,1,10,295932.22,5,4,4,13,High Value
8673,71,6,164746.62,2,2,2,6,At Risk
8674,101,5,192375.21,1,1,2,4,At Risk
8675,20,11,499826.77,4,5,5,14,High Value
8676,62,8,221717.46,2,3,2,7,Low Value
8677,3,8,202704.87,5,3,2,10,Medium Value
8678,114,5,128490.75,1,1,1,3,At Risk
8679,56,11,405707.17000000004,2,5,5,12,Medium Value
8680,8,14,503884.74,5,5,5,15,High Value
8681,46,9,278270.14,2,4,3,9,Low Value
8682,60,8,146397.9,2,3,1,6,At Risk
8683,1,6,116234.92,5,2,1,8,Low Value
8684,89,8,339869.46,1,3,4,8,Low Value
8685,20,12,282905.29,4,5,3,12,Medium Value
8686,63,7,143580.05,2,2,1,5,At Risk
8687,0,17,507390.22,5,5,5,15,High Value
8688,24,9,361696.52,3,4,4,11,Medium Value
8689,9,9,194216.97,5,4,2,11,Medium Value
8690,36,12,459690.96,3,5,5,13,High Value
8691,96,12,295748.25,1,5,4,10,Medium Value
8692,113,8,188537.84,1,3,2,6,At Risk
8693,12,8,122172.06999999999,4,3,1,8,Low Value
8694,89,3,57435.53,1,1,1,3,At Risk
8695,185,7,138892.09,1,2,1,4,At Risk
8696,9,12,327313.83,5,5,4,14,High Value
8697,60,9,361529.57,2,4,4,10,Medium Value
8698,62,4,197743.63,2,1,2,5,At Risk
8699,4,7,261888.79,5,2,3,10,Medium Value
8700,56,4,179131.02,2,1,2,5,At Risk
8701,79,5,205004.15,1,1,2,4,At Risk
8702,96,13,748811.44,1,5,5,11,Medium Value
8703,204,4,78268.58,1,1,1,3,At Risk
8704,74,11,400756.98000000004,1,5,5,11,Medium Value
8705,17,11,288912.08,4,5,4,13,High Value
8706,22,6,113303.86,3,2,1,6,At Risk
8707,28,6,84359.81999999999,3,2,1,6,At Risk
8708,51,10,255601.21000000002,2,4,3,9,Low Value
8709,33,10,292481.74,3,4,4,11,Medium Value
8710,17,7,186560.63,4,2,2,8,Low Value
8711,0,4,175389.48,5,1,2,8,Low Value
8712,71,8,174400.11000000002,2,3,2,7,Low Value
8713,106,5,158530.33000000002,1,1,1,3,At Risk
8714,19,10,259982.83999999997,4,4,3,11,Medium Value
8715,16,6,245651.36,4,2,3,9,Low Value
8716,36,10,314030.58999999997,3,4,4,11,Medium Value
8717,53,11,458841.57999999996,2,5,5,12,Medium Value
8718,69,4,113605.33,2,1,1,4,At Risk
8719,6,9,245528.32,5,4,3,12,Medium Value
8720,57,9,180617.77,2,4,2,8,Low Value
8721,2,9,214259.53,5,4,2,11,Medium Value
8722,11,7,286320.37,4,2,3,9,Low Value
8723,58,8,321733.73,2,3,4,9,Low Value
8724,70,7,245889.56,2,2,3,7,Low Value
8725,19,13,455778.1,4,5,5,14,High Value
8726,0,13,399295.43,5,5,5,15,High Value
8727,82,9,259778.19,1,4,3,8,Low Value
8728,29,3,65080.869999999995,3,1,1,5,At Risk
8729,2,13,373722.3,5,5,5,15,High Value
8730,13,9,442722.1,4,4,5,13,High Value
8731,156,5,153419.92,1,1,1,3,At Risk
8732,3,6,277761.70999999996,5,2,3,10,Medium Value
8733,109,4,91517.02,1,1,1,3,At Risk
8734,15,5,220660.45,4,1,2,7,Low Value
8735,56,9,229640.4,2,4,3,9,Low Value
8736,48,9,285220.83999999997,2,4,3,9,Low Value
8737,18,9,274003.97,4,4,3,11,Medium Value
8738,10,9,286412.94,4,4,3,11,Medium Value
8739,21,8,331610.64999999997,4,3,4,11,Medium Value
8740,35,9,320222.43,3,4,4,11,Medium Value
8741,124,8,293678.98,1,3,4,8,Low Value
8742,69,11,262725.61,2,5,3,10,Medium Value
8743,8,9,267866.92,5,4,3,12,Medium Value
8744,2,10,297455.51,5,4,4,13,High Value
8745,0,10,347476.15,5,4,4,13,High Value
8746,40,7,285008.45,3,2,3,8,Low Value
8747,18,7,205486.47,4,2,2,8,Low Value
8748,28,9,275556.89,3,4,3,10,Medium Value
8749,27,7,158277.97,3,2,1,6,At Risk
8750,94,8,227230.96000000002,1,3,3,7,Low Value
8751,55,6,135041.94,2,2,1,5,At Risk
8752,20,10,370502.37,4,4,5,13,High Value
8753,65,11,215590.41,2,5,2,9,Low Value
8754,0,12,307571.62,5,5,4,14,High Value
8755,12,10,376269.2,4,4,5,13,High Value
8756,35,9,303372.37,3,4,4,11,Medium Value
8757,90,6,249524.0,1,2,3,6,At Risk
8758,15,11,289014.51,4,5,4,13,High Value
8759,97,5,129113.1,1,1,1,3,At Risk
8760,120,5,121044.1,1,1,1,3,At Risk
8761,9,10,608493.58,5,4,5,14,High Value
8762,122,7,324163.75,1,2,4,7,Low Value
8763,4,3,91795.26,5,1,1,7,Low Value
8764,19,4,111906.48,4,1,1,6,At Risk
8765,48,7,340554.35,2,2,4,8,Low Value
8766,95,6,272555.1,1,2,3,6,At Risk
8767,89,10,299432.88,1,4,4,9,Low Value
8768,22,7,231430.36,3,2,3,8,Low Value
8769,5,10,376858.27,5,4,5,14,High Value
8770,15,11,368172.74,4,5,4,13,High Value
8771,156,6,179270.36,1,2,2,5,At Risk
8772,15,7,236582.21,4,2,3,9,Low Value
8773,77,12,360653.58,1,5,4,10,Medium Value
8774,4,5,120322.46,5,1,1,7,Low Value
8775,5,11,347338.04000000004,5,5,4,14,High Value
8776,64,7,156571.8,2,2,1,5,At Risk
8777,1,10,357883.05,5,4,4,13,High Value
8778,35,8,204622.82,3,3,2,8,Low Value
8779,64,13,340711.33,2,5,4,11,Medium Value
8780,6,9,244473.26,5,4,3,12,Medium Value
8781,30,11,428923.85,3,5,5,13,High Value
8782,46,10,348669.88,2,4,4,10,Medium Value
8783,10,12,385771.57,4,5,5,14,High Value
8784,59,7,180902.44,2,2,2,6,At Risk
8785,25,9,154203.62,3,4,1,8,Low Value
8786,136,7,136074.25,1,2,1,4,At Risk
8787,5,11,335350.77999999997,5,5,4,14,High Value
8788,36,12,328655.42000000004,3,5,4,12,Medium Value
8789,38,11,376093.11,3,5,5,13,High Value
8790,13,15,434276.06,4,5,5,14,High Value
8791,3,8,340481.91,5,3,4,12,Medium Value
8792,1,7,190221.86,5,2,2,9,Low Value
8793,0,8,239782.15,5,3,3,11,Medium Value
8794,22,12,210848.72,3,5,2,10,Medium Value
8795,36,8,376239.05,3,3,5,11,Medium Value
8796,73,13,541510.58,1,5,5,11,Medium Value
8797,40,11,185312.96,3,5,2,10,Medium Value
8798,2,11,497888.2,5,5,5,15,High Value
8799,8,11,491175.99,5,5,5,15,High Value
8800,62,8,271200.83,2,3,3,8,Low Value
8801,108,10,348829.38,1,4,4,9,Low Value
8802,17,6,155227.52,4,2,1,7,Low Value
8803,101,12,499373.96,1,5,5,11,Medium Value
8804,52,15,448799.02,2,5,5,12,Medium Value
8805,27,6,185411.61,3,2,2,7,Low Value
8806,33,6,295371.88,3,2,4,9,Low Value
8807,0,14,511332.19,5,5,5,15,High Value
8808,35,11,253726.07,3,5,3,11,Medium Value
8809,51,11,216405.19,2,5,2,9,Low Value
8810,24,10,274920.8,3,4,3,10,Medium Value
8811,4,7,118297.09,5,2,1,8,Low Value
8812,14,3,164846.83000000002,4,1,2,7,Low Value
8813,112,8,321931.2,1,3,4,8,Low Value
8814,20,11,282846.15,4,5,3,12,Medium Value
8815,168,3,68291.45999999999,1,1,1,3,At Risk
8816,58,9,269948.29,2,4,3,9,Low Value
8817,6,8,188577.68,5,3,2,10,Medium Value
8818,38,10,540727.87,3,4,5,12,Medium Value
8819,40,10,500427.36,3,4,5,12,Medium Value
8820,5,15,453925.61,5,5,5,15,High Value
8821,15,6,146148.81,4,2,1,7,Low Value
8822,21,11,153139.0,4,5,1,10,Medium Value
8823,137,4,114762.26000000001,1,1,1,3,At Risk
8824,23,14,416339.7,3,5,5,13,High Value
8825,39,7,96153.70999999999,3,2,1,6,At Risk
8826,0,7,176250.69,5,2,2,9,Low Value
8827,157,3,51225.24,1,1,1,3,At Risk
8828,13,6,177178.14,4,2,2,8,Low Value
8829,55,7,181702.06,2,2,2,6,At Risk
8830,75,5,148371.48,1,1,1,3,At Risk
8831,44,6,158749.69,2,2,1,5,At Risk
8832,13,11,261435.61,4,5,3,12,Medium Value
8833,25,12,469125.74,3,5,5,13,High Value
8834,97,12,471987.94,1,5,5,11,Medium Value
8835,36,6,158142.02,3,2,1,6,At Risk
8836,49,6,168961.22,2,2,2,6,At Risk
8837,1,5,157223.63,5,1,1,7,Low Value
8838,93,6,171077.47999999998,1,2,2,5,At Risk
8839,49,7,156141.79,2,2,1,5,At Risk
8840,29,6,225766.88,3,2,3,8,Low Value
8841,2,5,273012.36,5,1,3,9,Low Value
8842,210,6,145573.38,1,2,1,4,At Risk
8843,35,6,269013.76,3,2,3,8,Low Value
8844,61,7,83408.86,2,2,1,5,At Risk
8845,4,6,115479.81999999999,5,2,1,8,Low Value
8846,12,11,577182.46,4,5,5,14,High Value
8847,35,9,200916.56,3,4,2,9,Low Value
8848,35,9,250022.26,3,4,3,10,Medium Value
8849,23,14,541136.98,3,5,5,13,High Value
8850,109,8,217431.38,1,3,2,6,At Risk
8851,13,10,219043.93,4,4,2,10,Medium Value
8852,12,9,235839.87,4,4,3,11,Medium Value
8853,13,6,203965.68,4,2,2,8,Low Value
8854,79,7,148370.65,1,2,1,4,At Risk
8855,7,7,255956.75,5,2,3,10,Medium Value
8856,98,10,277538.55,1,4,3,8,Low Value
8857,27,7,195702.81,3,2,2,7,Low Value
8858,7,10,311660.29,5,4,4,13,High Value
8859,5,11,539971.95,5,5,5,15,High Value
8860,79,5,363490.07,1,1,4,6,At Risk
8861,65,7,257112.53999999998,2,2,3,7,Low Value
8862,16,6,181756.55,4,2,2,8,Low Value
8863,40,9,440681.17,3,4,5,12,Medium Value
8864,177,5,220265.63,1,1,2,4,At Risk
8865,48,3,97182.84999999999,2,1,1,4,At Risk
8866,19,13,324565.96,4,5,4,13,High Value
8867,31,14,535512.27,3,5,5,13,High Value
8868,1,10,379501.06,5,4,5,14,High Value
8869,89,8,196946.25,1,3,2,6,At Risk
8870,28,7,243350.24000000002,3,2,3,8,Low Value
8871,7,5,182609.5,5,1,2,8,Low Value
8872,32,9,312444.7,3,4,4,11,Medium Value
8873,27,17,574058.45,3,5,5,13,High Value
8874,2,11,350217.94,5,5,4,14,High Value
8875,13,9,292756.0,4,4,4,12,Medium Value
8876,10,7,243609.49,4,2,3,9,Low Value
8877,89,10,272803.0,1,4,3,8,Low Value
8878,82,8,190150.11,1,3,2,6,At Risk
8879,81,12,671349.36,1,5,5,11,Medium Value
8880,33,13,255884.13,3,5,3,11,Medium Value
8881,4,14,408590.26,5,5,5,15,High Value
8882,78,6,221978.11000000002,1,2,2,5,At Risk
8883,46,7,257999.28,2,2,3,7,Low Value
8884,115,3,25493.62,1,1,1,3,At Risk
8885,1,9,317462.18,5,4,4,13,High Value
8886,36,7,252946.44,3,2,3,8,Low Value
8887,13,10,331621.52,4,4,4,12,Medium Value
8888,56,9,211026.9,2,4,2,8,Low Value
8889,2,4,197669.29,5,1,2,8,Low Value
8890,103,8,243838.72999999998,1,3,3,7,Low Value
8891,35,10,374983.26,3,4,5,12,Medium Value
8892,69,9,319754.43,2,4,4,10,Medium Value
8893,27,8,209687.33,3,3,2,8,Low Value
8894,1,7,251536.91,5,2,3,10,Medium Value
8895,60,13,307411.43,2,5,4,11,Medium Value
8896,3,4,218155.5,5,1,2,8,Low Value
8897,2,12,374254.56,5,5,5,15,High Value
8898,4,9,238146.7,5,4,3,12,Medium Value
8899,35,12,300887.43,3,5,4,12,Medium Value
8900,76,4,175077.90000000002,1,1,2,4,At Risk
8901,6,16,445483.4,5,5,5,15,High Value
8902,22,4,110995.38,3,1,1,5,At Risk
8903,72,1,40760.31,1,1,1,3,At Risk
8904,3,3,117932.65000000001,5,1,1,7,Low Value
8905,27,7,154800.7,3,2,1,6,At Risk
8906,21,14,374980.92,4,5,5,14,High Value
8907,5,10,232549.25,5,4,3,12,Medium Value
8908,12,12,345096.35,4,5,4,13,High Value
8909,52,7,235093.31,2,2,3,7,Low Value
8910,35,8,297118.25,3,3,4,10,Medium Value
8911,38,7,237327.66,3,2,3,8,Low Value
8912,33,10,333838.49,3,4,4,11,Medium Value
8913,0,21,870623.0,5,5,5,15,High Value
8914,24,9,247669.98,3,4,3,10,Medium Value
8915,49,8,340397.79,2,3,4,9,Low Value
8916,17,9,351527.77,4,4,4,12,Medium Value
8917,58,14,467903.21,2,5,5,12,Medium Value
8918,105,5,109789.34,1,1,1,3,At Risk
8919,6,17,536992.93,5,5,5,15,High Value
8920,98,4,87291.55,1,1,1,3,At Risk
8921,63,10,309161.82,2,4,4,10,Medium Value
8922,80,4,180828.41,1,1,2,4,At Risk
8923,20,10,127512.91,4,4,1,9,Low Value
8924,11,12,523997.95,4,5,5,14,High Value
8925,30,8,128062.23999999999,3,3,1,7,Low Value
8926,48,9,226842.68,2,4,3,9,Low Value
8927,133,6,176055.55,1,2,2,5,At Risk
8928,23,5,89755.67,3,1,1,5,At Risk
8929,108,12,380100.8,1,5,5,11,Medium Value
8930,6,11,384975.07,5,5,5,15,High Value
8931,15,6,210500.23,4,2,2,8,Low Value
8932,90,6,111659.06,1,2,1,4,At Risk
8933,1,9,268968.98,5,4,3,12,Medium Value
8934,41,13,309604.59,2,5,4,11,Medium Value
8935,10,3,67359.05,4,1,1,6,At Risk
8936,59,6,217587.6,2,2,2,6,At Risk
8937,76,6,129982.83,1,2,1,4,At Risk
8938,7,9,234990.65,5,4,3,12,Medium Value
8939,45,7,219392.57,2,2,2,6,At Risk
8940,0,9,234685.77,5,4,3,12,Medium Value
8941,159,3,69004.25,1,1,1,3,At Risk
8942,45,10,341563.23,2,4,4,10,Medium Value
8943,32,9,141027.61,3,4,1,8,Low Value
8944,87,8,415051.53,1,3,5,9,Low Value
8945,122,5,273845.42,1,1,3,5,At Risk
8946,28,7,192448.76,3,2,2,7,Low Value
8947,80,7,221924.48,1,2,2,5,At Risk
8948,21,13,274133.94,4,5,3,12,Medium Value
8949,30,5,103632.51000000001,3,1,1,5,At Risk
8950,98,2,65510.95,1,1,1,3,At Risk
8951,149,3,66034.63,1,1,1,3,At Risk
8952,51,8,165064.97,2,3,2,7,Low Value
8953,58,5,180117.62,2,1,2,5,At Risk
8954,8,9,239896.50000000003,5,4,3,12,Medium Value
8955,4,10,372245.47,5,4,5,14,High Value
8956,13,11,362188.68,4,5,4,13,High Value
8957,53,9,229182.69999999998,2,4,3,9,Low Value
8958,75,6,224760.91999999998,1,2,2,5,At Risk
8959,60,11,288280.86,2,5,3,10,Medium Value
8960,17,9,202439.07,4,4,2,10,Medium Value
8961,11,10,214421.84,4,4,2,10,Medium Value
8962,24,9,256596.5,3,4,3,10,Medium Value
8963,105,4,96824.33,1,1,1,3,At Risk
8964,123,6,76407.27,1,2,1,4,At Risk
8965,111,5,114223.63,1,1,1,3,At Risk
8966,20,11,455873.25,4,5,5,14,High Value
8967,48,7,296614.02,2,2,4,8,Low Value
8968,20,9,290838.48,4,4,4,12,Medium Value
8969,89,3,67059.01000000001,1,1,1,3,At Risk
8970,20,16,473199.48,4,5,5,14,High Value
8971,11,10,502013.55000000005,4,4,5,13,High Value
8972,13,8,145612.74,4,3,1,8,Low Value
8973,21,10,319622.05,4,4,4,12,Medium Value
8974,6,8,300088.5,5,3,4,12,Medium Value
8975,46,4,191322.88,2,1,2,5,At Risk
8976,43,9,248951.97,2,4,3,9,Low Value
8977,78,12,566159.4400000001,1,5,5,11,Medium Value
8978,157,8,181018.91,1,3,2,6,At Risk
8979,15,7,320780.58,4,2,4,10,Medium Value
8980,6,10,295474.95,5,4,4,13,High Value
8981,52,7,374750.4,2,2,5,9,Low Value
8982,18,10,270746.87,4,4,3,11,Medium Value
8983,124,9,172554.0,1,4,2,7,Low Value
8984,34,3,107331.94,3,1,1,5,At Risk
8985,16,9,155145.04,4,4,1,9,Low Value
8986,89,12,386964.8,1,5,5,11,Medium Value
8987,10,8,276079.44,4,3,3,10,Medium Value
8988,46,11,309688.77,2,5,4,11,Medium Value
8989,94,12,387748.52,1,5,5,11,Medium Value
8990,115,6,255754.31,1,2,3,6,At Risk
8991,11,7,129118.26000000001,4,2,1,7,Low Value
8992,12,9,238641.13,4,4,3,11,Medium Value
8993,4,8,206319.47,5,3,2,10,Medium Value
8994,41,6,199577.56,2,2,2,6,At Risk
8995,18,10,395796.97,4,4,5,13,High Value
8996,6,10,323798.85000000003,5,4,4,13,High Value
8997,50,5,171280.4,2,1,2,5,At Risk
8998,21,10,315662.39,4,4,4,12,Medium Value
8999,97,7,203318.59999999998,1,2,2,5,At Risk
9000,39,11,254071.78,3,5,3,11,Medium Value
9001,34,10,396946.29,3,4,5,12,Medium Value
9002,24,10,350566.88,3,4,4,11,Medium Value
9003,12,6,302981.39,4,2,4,10,Medium Value
9004,86,6,299529.13,1,2,4,7,Low Value
9005,54,7,179399.49,2,2,2,6,At Risk
9006,94,8,239008.75,1,3,3,7,Low Value
9007,74,6,175669.35,1,2,2,5,At Risk
9008,17,8,287177.73,4,3,3,10,Medium Value
9009,52,8,174168.02000000002,2,3,2,7,Low Value
9010,79,8,210485.58000000002,1,3,2,6,At Risk
9011,97,6,102752.32999999999,1,2,1,4,At Risk
9012,42,9,239236.81,2,4,3,9,Low Value
9013,14,8,305897.74,4,3,4,11,Medium Value
9014,9,8,195255.37,5,3,2,10,Medium Value
9015,1,9,182090.42,5,4,2,11,Medium Value
9016,3,10,327226.72,5,4,4,13,High Value
9017,31,5,88344.06,3,1,1,5,At Risk
9018,19,7,233540.11,4,2,3,9,Low Value
9019,23,9,231722.87,3,4,3,10,Medium Value
9020,71,8,399923.5,2,3,5,10,Medium Value
9021,8,8,268093.19,5,3,3,11,Medium Value
9022,51,8,186038.55,2,3,2,7,Low Value
9023,18,15,550406.0499999999,4,5,5,14,High Value
9024,0,5,192175.24,5,1,2,8,Low Value
9025,12,8,274405.56,4,3,3,10,Medium Value
9026,11,8,278358.25,4,3,3,10,Medium Value
9027,22,11,313944.32999999996,3,5,4,12,Medium Value
9028,46,8,303921.89,2,3,4,9,Low Value
9029,46,4,203954.84,2,1,2,5,At Risk
9030,11,8,63090.450000000004,4,3,1,8,Low Value
9031,9,5,134411.82,5,1,1,7,Low Value
9032,2,8,194848.13,5,3,2,10,Medium Value
9033,22,9,257599.12,3,4,3,10,Medium Value
9034,5,6,191340.34,5,2,2,9,Low Value
9035,246,2,100480.8,1,1,1,3,At Risk
9036,77,10,343779.56,1,4,4,9,Low Value
9037,24,10,314643.69,3,4,4,11,Medium Value
9038,181,9,232060.54,1,4,3,8,Low Value
9039,5,12,419858.02999999997,5,5,5,15,High Value
9040,17,10,256175.69,4,4,3,11,Medium Value
9041,29,8,144560.45,3,3,1,7,Low Value
9042,8,12,374524.33,5,5,5,15,High Value
9043,3,8,142655.2,5,3,1,9,Low Value
9044,66,5,288931.32999999996,2,1,4,7,Low Value
9045,45,10,126212.09,2,4,1,7,Low Value
9046,22,7,298983.37,3,2,4,9,Low Value
9047,73,10,409421.86,1,4,5,10,Medium Value
9048,73,7,269049.94,1,2,3,6,At Risk
9049,5,6,157862.07,5,2,1,8,Low Value
9050,34,7,263519.52,3,2,3,8,Low Value
9051,104,8,187556.25,1,3,2,6,At Risk
9052,78,10,295517.49,1,4,4,9,Low Value
9053,19,8,168181.0,4,3,2,9,Low Value
9054,35,5,223245.75,3,1,2,6,At Risk
9055,17,17,614720.36,4,5,5,14,High Value
9056,40,7,200392.34999999998,3,2,2,7,Low Value
9057,112,8,196237.43,1,3,2,6,At Risk
9058,93,7,210161.76,1,2,2,5,At Risk
9059,20,8,328002.53,4,3,4,11,Medium Value
9060,145,2,69526.34,1,1,1,3,At Risk
9061,74,14,589998.95,1,5,5,11,Medium Value
9062,0,9,381025.04000000004,5,4,5,14,High Value
9063,4,9,280940.1,5,4,3,12,Medium Value
9064,55,13,545781.87,2,5,5,12,Medium Value
9065,41,10,409852.99,2,4,5,11,Medium Value
9066,12,8,296775.81,4,3,4,11,Medium Value
9067,3,10,418617.95999999996,5,4,5,14,High Value
9068,62,4,79729.36,2,1,1,4,At Risk
9069,27,9,172056.21,3,4,2,9,Low Value
9070,11,12,347699.16000000003,4,5,4,13,High Value
9071,3,10,216823.43,5,4,2,11,Medium Value
9072,20,8,284228.15,4,3,3,10,Medium Value
9073,59,8,216843.82,2,3,2,7,Low Value
9074,1,11,346657.04000000004,5,5,4,14,High Value
9075,40,6,292563.29000000004,3,2,4,9,Low Value
9076,7,9,187703.27000000002,5,4,2,11,Medium Value
9077,37,10,208612.11,3,4,2,9,Low Value
9078,26,8,186698.9,3,3,2,8,Low Value
9079,2,8,202134.99,5,3,2,10,Medium Value
9080,35,10,248400.4,3,4,3,10,Medium Value
9081,58,8,212504.16999999998,2,3,2,7,Low Value
9082,33,4,164154.16,3,1,2,6,At Risk
9083,1,4,76365.56,5,1,1,7,Low Value
9084,16,10,394576.18,4,4,5,13,High Value
9085,19,8,260872.24,4,3,3,10,Medium Value
9086,11,12,418422.24,4,5,5,14,High Value
9087,37,7,290732.32,3,2,4,9,Low Value
9088,6,9,217977.11,5,4,2,11,Medium Value
9089,6,12,456818.27,5,5,5,15,High Value
9090,3,10,314563.66000000003,5,4,4,13,High Value
9091,60,10,388097.68,2,4,5,11,Medium Value
9092,15,9,220022.61,4,4,2,10,Medium Value
9093,61,6,174047.92,2,2,2,6,At Risk
9094,24,5,145568.43,3,1,1,5,At Risk
9095,12,9,499708.98000000004,4,4,5,13,High Value
9096,15,14,528431.98,4,5,5,14,High Value
9097,15,6,390195.15,4,2,5,11,Medium Value
9098,1,6,208746.74,5,2,2,9,Low Value
9099,69,6,185194.83,2,2,2,6,At Risk
9100,8,10,306838.33,5,4,4,13,High Value
9101,0,10,523574.5,5,4,5,14,High Value
9102,66,7,169428.06,2,2,2,6,At Risk
9103,4,8,268777.63,5,3,3,11,Medium Value
9104,38,8,188602.14,3,3,2,8,Low Value
9105,37,8,275915.58,3,3,3,9,Low Value
9106,59,8,193652.44999999998,2,3,2,7,Low Value
9107,104,9,434264.31999999995,1,4,5,10,Medium Value
9108,40,13,475924.02999999997,3,5,5,13,High Value
9109,0,9,336446.73,5,4,4,13,High Value
9110,19,10,343891.55,4,4,4,12,Medium Value
9111,46,9,269463.72000000003,2,4,3,9,Low Value
9112,29,5,146863.43,3,1,1,5,At Risk
9113,73,8,218765.24,1,3,2,6,At Risk
9114,92,6,229437.88999999998,1,2,3,6,At Risk
9115,95,8,266946.88,1,3,3,7,Low Value
9116,65,10,376452.67,2,4,5,11,Medium Value
9117,5,14,488648.19,5,5,5,15,High Value
9118,25,7,332831.82,3,2,4,9,Low Value
9119,49,8,161060.47999999998,2,3,1,6,At Risk
9120,140,8,191626.18,1,3,2,6,At Risk
9121,5,4,187668.04,5,1,2,8,Low Value
9122,115,7,171042.09000000003,1,2,2,5,At Risk
9123,26,6,70578.86,3,2,1,6,At Risk
9124,52,13,674634.7100000001,2,5,5,12,Medium Value
9125,19,11,352779.39,4,5,4,13,High Value
9126,1,14,420295.91,5,5,5,15,High Value
9127,5,4,146503.04,5,1,1,7,Low Value
9128,12,9,119068.32,4,4,1,9,Low Value
9129,8,8,213794.54,5,3,2,10,Medium Value
9130,0,9,163613.16999999998,5,4,2,11,Medium Value
9131,4,9,300338.63,5,4,4,13,High Value
9132,4,8,220621.97,5,3,2,10,Medium Value
9133,22,12,328881.12,3,5,4,12,Medium Value
9134,21,6,221677.64,4,2,2,8,Low Value
9135,21,7,260044.53,4,2,3,9,Low Value
9136,34,6,144144.02,3,2,1,6,At Risk
9137,25,9,432078.41000000003,3,4,5,12,Medium Value
9138,38,11,285406.05,3,5,3,11,Medium Value
9139,13,8,183327.1,4,3,2,9,Low Value
9140,73,9,213650.8,1,4,2,7,Low Value
9141,17,9,313239.98,4,4,4,12,Medium Value
9142,13,7,231319.66,4,2,3,9,Low Value
9143,101,8,427457.18000000005,1,3,5,9,Low Value
9144,8,9,454944.33,5,4,5,14,High Value
9145,15,6,136491.83,4,2,1,7,Low Value
9146,4,6,257294.05,5,2,3,10,Medium Value
9147,7,10,341064.24,5,4,4,13,High Value
9148,50,6,215861.15,2,2,2,6,At Risk
9149,22,6,108976.74,3,2,1,6,At Risk
9150,41,8,249234.21,2,3,3,8,Low Value
9151,19,12,370737.3,4,5,5,14,High Value
9152,12,5,142428.11000000002,4,1,1,6,At Risk
9153,27,9,275341.07,3,4,3,10,Medium Value
9154,33,6,152631.15,3,2,1,6,At Risk
9155,32,6,188409.64,3,2,2,7,Low Value
9156,34,7,232223.26,3,2,3,8,Low Value
9157,8,5,188201.36,5,1,2,8,Low Value
9158,53,5,125009.56999999999,2,1,1,4,At Risk
9159,72,5,285284.09,1,1,3,5,At Risk
9160,84,5,158404.71,1,1,1,3,At Risk
9161,15,8,220103.6,4,3,2,9,Low Value
9162,85,11,447207.81,1,5,5,11,Medium Value
9163,18,10,337664.07,4,4,4,12,Medium Value
9164,27,9,401140.51,3,4,5,12,Medium Value
9165,41,4,50703.4,2,1,1,4,At Risk
9166,62,9,308097.62,2,4,4,10,Medium Value
9167,141,6,296167.69,1,2,4,7,Low Value
9168,10,9,243198.07,4,4,3,11,Medium Value
9169,203,5,156887.66999999998,1,1,1,3,At Risk
9170,119,5,185433.45,1,1,2,4,At Risk
9171,28,8,336423.42,3,3,4,10,Medium Value
9172,58,10,327358.31,2,4,4,10,Medium Value
9173,118,7,142028.06,1,2,1,4,At Risk
9174,17,8,237173.16,4,3,3,10,Medium Value
9175,80,13,524448.6,1,5,5,11,Medium Value
9176,22,9,180459.36,3,4,2,9,Low Value
9177,81,6,336088.79,1,2,4,7,Low Value
9178,131,7,197631.02,1,2,2,5,At Risk
9179,8,13,294401.48,5,5,4,14,High Value
9180,17,11,478559.3,4,5,5,14,High Value
9181,6,10,225151.62,5,4,3,12,Medium Value
9182,0,8,314646.02999999997,5,3,4,12,Medium Value
9183,49,10,378335.43,2,4,5,11,Medium Value
9184,10,11,333477.11,4,5,4,13,High Value
9185,0,8,134862.87,5,3,1,9,Low Value
9186,25,10,293111.32,3,4,4,11,Medium Value
9187,3,5,183353.28,5,1,2,8,Low Value
9188,101,5,112249.04000000001,1,1,1,3,At Risk
9189,12,8,196285.06,4,3,2,9,Low Value
9190,22,6,156545.15,3,2,1,6,At Risk
9191,11,6,202795.3,4,2,2,8,Low Value
9192,46,6,200636.46,2,2,2,6,At Risk
9193,86,4,100355.06999999999,1,1,1,3,At Risk
9194,2,11,412915.6,5,5,5,15,High Value
9195,49,4,206258.62999999998,2,1,2,5,At Risk
9196,4,8,352871.2,5,3,4,12,Medium Value
9197,31,7,156967.27,3,2,1,6,At Risk
9198,21,7,188665.0,4,2,2,8,Low Value
9199,9,9,371226.26,5,4,5,14,High Value
9200,71,8,175199.02,2,3,2,7,Low Value
9201,116,5,202216.66,1,1,2,4,At Risk
9202,90,9,336291.07,1,4,4,9,Low Value
9203,70,9,209280.35,2,4,2,8,Low Value
9204,341,3,60640.530000000006,1,1,1,3,At Risk
9205,9,8,310165.3,5,3,4,12,Medium Value
9206,47,13,347591.5,2,5,4,11,Medium Value
9207,9,9,325953.66,5,4,4,13,High Value
9208,21,11,472855.33999999997,4,5,5,14,High Value
9209,13,13,468615.06,4,5,5,14,High Value
9210,2,8,354480.73,5,3,4,12,Medium Value
9211,79,8,250812.19,1,3,3,7,Low Value
9212,126,5,77234.88,1,1,1,3,At Risk
9213,28,11,352700.06,3,5,4,12,Medium Value
9214,10,6,188755.11000000002,4,2,2,8,Low Value
9215,41,5,90600.47,2,1,1,4,At Risk
9216,18,12,288426.70999999996,4,5,3,12,Medium Value
9217,63,10,292895.62,2,4,4,10,Medium Value
9218,51,6,155662.94,2,2,1,5,At Risk
9219,37,8,332074.82,3,3,4,10,Medium Value
9220,130,3,24078.32,1,1,1,3,At Risk
9221,50,6,63103.65,2,2,1,5,At Risk
9222,13,8,326179.77999999997,4,3,4,11,Medium Value
9223,7,9,268582.78,5,4,3,12,Medium Value
9224,102,6,271517.4,1,2,3,6,At Risk
9225,90,10,431902.22,1,4,5,10,Medium Value
9226,82,9,173058.89,1,4,2,7,Low Value
9227,3,9,249594.58000000002,5,4,3,12,Medium Value
9228,14,9,212449.63,4,4,2,10,Medium Value
9229,4,8,214123.48,5,3,2,10,Medium Value
9230,80,7,105706.31,1,2,1,4,At Risk
9231,63,7,371726.69,2,2,5,9,Low Value
9232,3,9,298082.83,5,4,4,13,High Value
9233,57,5,129299.78,2,1,1,4,At Risk
9234,49,9,240750.12,2,4,3,9,Low Value
9235,12,5,61329.47,4,1,1,6,At Risk
9236,45,8,300918.65,2,3,4,9,Low Value
9237,7,6,141836.99,5,2,1,8,Low Value
9238,11,5,102101.75,4,1,1,6,At Risk
9239,39,4,122917.67,3,1,1,5,At Risk
9240,169,6,150346.06,1,2,1,4,At Risk
9241,167,5,167717.67,1,1,2,4,At Risk
9242,159,2,35594.94,1,1,1,3,At Risk
9243,35,9,210717.19,3,4,2,9,Low Value
9244,25,9,337959.12,3,4,4,11,Medium Value
9245,35,10,335166.34,3,4,4,11,Medium Value
9246,40,8,358941.16000000003,3,3,4,10,Medium Value
9247,2,11,577272.23,5,5,5,15,High Value
9248,10,10,333416.63,4,4,4,12,Medium Value
9249,14,7,263024.87,4,2,3,9,Low Value
9250,52,15,499072.23,2,5,5,12,Medium Value
9251,98,7,132563.88,1,2,1,4,At Risk
9252,113,4,121034.41,1,1,1,3,At Risk
9253,19,9,284488.02,4,4,3,11,Medium Value
9254,50,9,249894.13,2,4,3,9,Low Value
9255,57,1,16571.04,2,1,1,4,At Risk
9256,46,7,222381.78000000003,2,2,2,6,At Risk
9257,28,8,358639.59,3,3,4,10,Medium Value
9258,60,8,320652.18,2,3,4,9,Low Value
9259,10,13,402975.07,4,5,5,14,High Value
9260,55,7,185865.32,2,2,2,6,At Risk
9261,74,10,313339.56,1,4,4,9,Low Value
9262,142,6,212948.15,1,2,2,5,At Risk
9263,37,6,185633.11,3,2,2,7,Low Value
9264,54,12,236767.49,2,5,3,10,Medium Value
9265,29,8,193033.77000000002,3,3,2,8,Low Value
9266,8,6,157891.72,5,2,1,8,Low Value
9267,12,13,506563.87,4,5,5,14,High Value
9268,22,6,115978.63,3,2,1,6,At Risk
9269,27,5,146091.05,3,1,1,5,At Risk
9270,37,7,273737.15,3,2,3,8,Low Value
9271,50,9,425261.61,2,4,5,11,Medium Value
9272,17,9,232202.6,4,4,3,11,Medium Value
9273,10,11,474894.72,4,5,5,14,High Value
9274,39,7,241726.2,3,2,3,8,Low Value
9275,22,5,204187.51,3,1,2,6,At Risk
9276,12,6,210543.63,4,2,2,8,Low Value
9277,92,5,278076.66,1,1,3,5,At Risk
9278,28,7,178940.61000000002,3,2,2,7,Low Value
9279,35,12,434157.41000000003,3,5,5,13,High Value
9280,23,8,208558.17,3,3,2,8,Low Value
9281,11,11,308268.56,4,5,4,13,High Value
9282,270,4,70132.29999999999,1,1,1,3,At Risk
9283,0,11,289843.67,5,5,4,14,High Value
9284,23,9,174822.82,3,4,2,9,Low Value
9285,114,9,333727.85,1,4,4,9,Low Value
9286,26,9,483512.29,3,4,5,12,Medium Value
9287,101,10,281357.42,1,4,3,8,Low Value
9288,63,8,278500.11,2,3,3,8,Low Value
9289,13,10,168480.58000000002,4,4,2,10,Medium Value
9290,36,8,157243.42,3,3,1,7,Low Value
9291,29,6,291683.19,3,2,4,9,Low Value
9292,18,15,609482.37,4,5,5,14,High Value
9293,33,9,352726.0,3,4,4,11,Medium Value
9294,5,7,267241.63,5,2,3,10,Medium Value
9295,54,10,319300.82,2,4,4,10,Medium Value
9296,138,5,133790.91,1,1,1,3,At Risk
9297,18,8,381876.13,4,3,5,12,Medium Value
9298,0,12,419402.91000000003,5,5,5,15,High Value
9299,64,8,152793.06,2,3,1,6,At Risk
9300,2,10,291326.86,5,4,4,13,High Value
9301,37,8,279271.12,3,3,3,9,Low Value
9302,28,10,379030.47,3,4,5,12,Medium Value
9303,49,7,219149.79,2,2,2,6,At Risk
9304,311,2,33375.6,1,1,1,3,At Risk
9305,25,12,478195.91000000003,3,5,5,13,High Value
9306,142,9,232177.37,1,4,3,8,Low Value
9307,144,7,173724.07,1,2,2,5,At Risk
9308,11,10,288346.01,4,4,3,11,Medium Value
9309,50,8,241957.27,2,3,3,8,Low Value
9310,30,8,199728.08000000002,3,3,2,8,Low Value
9311,50,10,316405.1,2,4,4,10,Medium Value
9312,3,12,677386.6599999999,5,5,5,15,High Value
9313,52,3,353238.56,2,1,4,7,Low Value
9314,0,8,412776.63,5,3,5,13,High Value
9315,25,7,273770.13,3,2,3,8,Low Value
9316,34,8,183069.07,3,3,2,8,Low Value
9317,74,9,260654.27000000002,1,4,3,8,Low Value
9318,172,5,89342.94,1,1,1,3,At Risk
9319,7,11,307750.75,5,5,4,14,High Value
9320,4,9,362037.64,5,4,4,13,High Value
9321,193,3,90008.23,1,1,1,3,At Risk
9322,2,7,267326.73,5,2,3,10,Medium Value
9323,19,5,231748.46,4,1,3,8,Low Value
9324,10,8,211022.91999999998,4,3,2,9,Low Value
9325,3,11,316925.56,5,5,4,14,High Value
9326,14,8,359477.74,4,3,4,11,Medium Value
9327,49,4,113937.91,2,1,1,4,At Risk
9328,15,9,279099.88,4,4,3,11,Medium Value
9329,11,6,79507.57,4,2,1,7,Low Value
9330,37,6,249401.14,3,2,3,8,Low Value
9331,11,7,182759.3,4,2,2,8,Low Value
9332,118,5,242406.87,1,1,3,5,At Risk
9333,21,9,397937.08,4,4,5,13,High Value
9334,8,10,359609.87,5,4,4,13,High Value
9335,15,7,229948.78,4,2,3,9,Low Value
9336,28,5,94319.77,3,1,1,5,At Risk
9337,41,5,290945.36,2,1,4,7,Low Value
9338,38,6,262795.14,3,2,3,8,Low Value
9339,73,4,204819.22999999998,1,1,2,4,At Risk
9340,12,7,292103.26,4,2,4,10,Medium Value
9341,11,16,550207.26,4,5,5,14,High Value
9342,20,5,112365.93,4,1,1,6,At Risk
9343,46,6,239053.99,2,2,3,7,Low Value
9344,98,5,150527.59,1,1,1,3,At Risk
9345,63,7,185983.75,2,2,2,6,At Risk
9346,6,10,299042.31,5,4,4,13,High Value
9347,34,9,360398.77,3,4,4,11,Medium Value
9348,86,11,244354.06,1,5,3,9,Low Value
9349,107,7,288591.45,1,2,3,6,At Risk
9350,36,6,281699.41000000003,3,2,3,8,Low Value
9351,4,9,199561.38,5,4,2,11,Medium Value
9352,34,13,390440.87,3,5,5,13,High Value
9353,10,14,479114.9,4,5,5,14,High Value
9354,32,4,156686.28,3,1,1,5,At Risk
9355,40,9,300882.71,3,4,4,11,Medium Value
9356,46,10,284688.89,2,4,3,9,Low Value
9357,77,7,211084.82,1,2,2,5,At Risk
9358,30,8,212096.36000000002,3,3,2,8,Low Value
9359,222,3,80739.73,1,1,1,3,At Risk
9360,24,10,326355.42,3,4,4,11,Medium Value
9361,8,5,285876.75,5,1,3,9,Low Value
9362,8,7,366008.46,5,2,4,11,Medium Value
9363,15,10,326063.86,4,4,4,12,Medium Value
9364,76,12,417039.79000000004,1,5,5,11,Medium Value
9365,5,6,326766.35,5,2,4,11,Medium Value
9366,3,6,230613.39,5,2,3,10,Medium Value
9367,5,13,432725.65,5,5,5,15,High Value
9368,11,12,311437.79000000004,4,5,4,13,High Value
9369,44,6,300564.15,2,2,4,8,Low Value
9370,5,14,669230.22,5,5,5,15,High Value
9371,45,11,464840.56,2,5,5,12,Medium Value
9372,25,9,230680.79,3,4,3,10,Medium Value
9373,15,3,97821.83,4,1,1,6,At Risk
9374,85,8,233840.19,1,3,3,7,Low Value
9375,0,6,184683.97,5,2,2,9,Low Value
9376,46,6,83665.31,2,2,1,5,At Risk
9377,6,6,250929.37,5,2,3,10,Medium Value
9378,26,14,422345.66,3,5,5,13,High Value
9379,92,8,211548.33000000002,1,3,2,6,At Risk
9380,124,7,124164.42,1,2,1,4,At Risk
9381,16,7,236911.58000000002,4,2,3,9,Low Value
9382,32,9,297140.18,3,4,4,11,Medium Value
9383,9,10,370752.55,5,4,5,14,High Value
9384,157,9,264775.58,1,4,3,8,Low Value
9385,32,2,32213.27,3,1,1,5,At Risk
9386,60,13,462984.4,2,5,5,12,Medium Value
9387,3,7,227504.38,5,2,3,10,Medium Value
9388,15,12,254421.69,4,5,3,12,Medium Value
9389,31,9,344545.85,3,4,4,11,Medium Value
9390,3,16,422289.7,5,5,5,15,High Value
9391,36,8,273047.13,3,3,3,9,Low Value
9392,15,5,154324.86,4,1,1,6,At Risk
9393,148,6,119413.25,1,2,1,4,At Risk
9394,24,12,463234.09,3,5,5,13,High Value
9395,9,11,203257.21,5,5,2,12,Medium Value
9396,38,6,173992.1,3,2,2,7,Low Value
9397,38,5,153737.54,3,1,1,5,At Risk
9398,171,5,141136.59,1,1,1,3,At Risk
9399,17,10,312901.21,4,4,4,12,Medium Value
9400,95,7,184734.85,1,2,2,5,At Risk
9401,71,13,294608.31,2,5,4,11,Medium Value
9402,0,16,461203.56999999995,5,5,5,15,High Value
9403,30,6,184228.37,3,2,2,7,Low Value
9404,75,7,248983.19,1,2,3,6,At Risk
9405,0,8,294573.33,5,3,4,12,Medium Value
9406,39,8,115322.24,3,3,1,7,Low Value
9407,2,7,157294.13,5,2,1,8,Low Value
9408,20,7,305280.23,4,2,4,10,Medium Value
9409,88,7,271422.75,1,2,3,6,At Risk
9410,7,11,209756.36,5,5,2,12,Medium Value
9411,42,6,208892.11,2,2,2,6,At Risk
9412,65,5,181109.05,2,1,2,5,At Risk
9413,44,7,145479.01,2,2,1,5,At Risk
9414,66,10,320502.22,2,4,4,10,Medium Value
9415,18,6,195072.8,4,2,2,8,Low Value
9416,131,9,250282.44999999998,1,4,3,8,Low Value
9417,0,9,202632.07,5,4,2,11,Medium Value
9418,20,10,315153.6,4,4,4,12,Medium Value
9419,6,7,146503.3,5,2,1,8,Low Value
9420,37,7,216506.71000000002,3,2,2,7,Low Value
9421,29,6,101988.24,3,2,1,6,At Risk
9422,6,10,422523.23,5,4,5,14,High Value
9423,57,4,49102.2,2,1,1,4,At Risk
9424,19,8,306737.01,4,3,4,11,Medium Value
9425,28,8,415183.79,3,3,5,11,Medium Value
9426,2,14,433554.81,5,5,5,15,High Value
9427,21,6,180919.6,4,2,2,8,Low Value
9428,14,8,206422.02000000002,4,3,2,9,Low Value
9429,16,7,242152.90999999997,4,2,3,9,Low Value
9430,116,9,290986.2,1,4,4,9,Low Value
9431,32,10,256635.36,3,4,3,10,Medium Value
9432,57,7,258223.54,2,2,3,7,Low Value
9433,2,10,283805.85,5,4,3,12,Medium Value
9434,82,6,224793.01,1,2,3,6,At Risk
9435,6,11,285064.35,5,5,3,13,High Value
9436,25,17,580532.95,3,5,5,13,High Value
9437,58,3,56832.12,2,1,1,4,At Risk
9438,33,6,140960.34,3,2,1,6,At Risk
9439,4,10,343261.32,5,4,4,13,High Value
9440,58,12,481907.69,2,5,5,12,Medium Value
9441,55,7,199664.84,2,2,2,6,At Risk
9442,15,13,434240.71,4,5,5,14,High Value
9443,31,9,310793.18,3,4,4,11,Medium Value
9444,32,6,194255.88,3,2,2,7,Low Value
9445,36,6,233545.49,3,2,3,8,Low Value
9446,42,5,167654.29,2,1,2,5,At Risk
9447,66,7,176906.09,2,2,2,6,At Risk
9448,93,6,312851.35,1,2,4,7,Low Value
9449,39,9,212926.82,3,4,2,9,Low Value
9450,40,9,251634.95,3,4,3,10,Medium Value
9451,14,8,281280.38,4,3,3,10,Medium Value
9452,10,13,511766.71,4,5,5,14,High Value
9453,117,5,126628.87,1,1,1,3,At Risk
9454,6,7,246293.46,5,2,3,10,Medium Value
9455,165,2,110730.45999999999,1,1,1,3,At Risk
9456,56,10,296305.77999999997,2,4,4,10,Medium Value
9457,77,4,87082.35,1,1,1,3,At Risk
9458,8,9,375361.72,5,4,5,14,High Value
9459,88,4,162679.44,1,1,2,4,At Risk
9460,1,10,298158.60000000003,5,4,4,13,High Value
9461,69,9,312214.53,2,4,4,10,Medium Value
9462,40,1,1439.21,3,1,1,5,At Risk
9463,41,10,316690.80000000005,2,4,4,10,Medium Value
9464,6,6,343776.49,5,2,4,11,Medium Value
9465,17,14,432466.32,4,5,5,14,High Value
9466,2,14,459918.11,5,5,5,15,High Value
9467,13,7,146455.9,4,2,1,7,Low Value
9468,11,9,242119.74,4,4,3,11,Medium Value
9469,3,6,241620.09999999998,5,2,3,10,Medium Value
9470,23,7,280984.04000000004,3,2,3,8,Low Value
9471,101,4,79908.03,1,1,1,3,At Risk
9472,5,10,242163.19999999998,5,4,3,12,Medium Value
9473,57,8,292625.88,2,3,4,9,Low Value
9474,26,6,262557.77,3,2,3,8,Low Value
9475,34,5,93942.92,3,1,1,5,At Risk
9476,53,7,295460.57,2,2,4,8,Low Value
9477,10,9,255479.66999999998,4,4,3,11,Medium Value
9478,80,7,283499.86,1,2,3,6,At Risk
9479,64,9,262382.31,2,4,3,9,Low Value
9480,39,6,300538.68,3,2,4,9,Low Value
9481,21,7,327465.79000000004,4,2,4,10,Medium Value
9482,13,8,234841.49,4,3,3,10,Medium Value
9483,10,7,209097.22,4,2,2,8,Low Value
9484,3,11,247686.13,5,5,3,13,High Value
9485,10,13,507864.49,4,5,5,14,High Value
9486,108,5,131392.2,1,1,1,3,At Risk
9487,32,13,290374.82,3,5,4,12,Medium Value
9488,10,9,257033.52,4,4,3,11,Medium Value
9489,21,11,393957.41,4,5,5,14,High Value
9490,30,6,185093.43,3,2,2,7,Low Value
9491,22,13,373975.07,3,5,5,13,High Value
9492,54,8,217277.37,2,3,2,7,Low Value
9493,16,8,166044.21,4,3,2,9,Low Value
9494,10,9,327834.51,4,4,4,12,Medium Value
9495,8,8,319316.31,5,3,4,12,Medium Value
9496,108,6,101429.59,1,2,1,4,At Risk
9497,101,12,525951.96,1,5,5,11,Medium Value
9498,80,5,106168.51000000001,1,1,1,3,At Risk
9499,7,9,208140.31,5,4,2,11,Medium Value
9500,164,10,324331.41,1,4,4,9,Low Value
9501,9,7,277152.77,5,2,3,10,Medium Value
9502,132,8,270083.91,1,3,3,7,Low Value
9503,73,7,337502.77,1,2,4,7,Low Value
9504,60,8,272041.87,2,3,3,8,Low Value
9505,4,10,505611.67000000004,5,4,5,14,High Value
9506,76,9,240874.0,1,4,3,8,Low Value
9507,96,9,325612.54,1,4,4,9,Low Value
9508,9,11,394856.05,4,5,5,14,High Value
9509,79,6,224950.65,1,2,3,6,At Risk
9510,58,7,132661.73,2,2,1,5,At Risk
9511,70,7,220108.88999999998,2,2,2,6,At Risk
9512,23,12,457888.85,3,5,5,13,High Value
9513,120,7,216396.41,1,2,2,5,At Risk
9514,7,3,86144.95,5,1,1,7,Low Value
9515,3,7,211141.12,5,2,2,9,Low Value
9516,4,14,619348.61,5,5,5,15,High Value
9517,78,9,293853.33999999997,1,4,4,9,Low Value
9518,26,7,294363.0,3,2,4,9,Low Value
9519,37,12,223149.96000000002,3,5,2,10,Medium Value
9520,2,8,544461.46,5,3,5,13,High Value
9521,60,9,364587.3,2,4,4,10,Medium Value
9522,107,4,122052.45000000001,1,1,1,3,At Risk
9523,143,5,141742.90999999997,1,1,1,3,At Risk
9524,30,3,97121.98999999999,3,1,1,5,At Risk
9525,21,16,595623.6,4,5,5,14,High Value
9526,22,6,270835.14,3,2,3,8,Low Value
9527,81,4,81919.04000000001,1,1,1,3,At Risk
9528,7,10,250805.89,5,4,3,12,Medium Value
9529,129,9,371774.33,1,4,5,10,Medium Value
9530,19,7,154111.59,4,2,1,7,Low Value
9531,103,9,223041.75,1,4,2,7,Low Value
9532,44,7,314391.5,2,2,4,8,Low Value
9533,24,8,190135.15,3,3,2,8,Low Value
9534,31,12,612814.53,3,5,5,13,High Value
9535,24,16,353310.55,3,5,4,12,Medium Value
9536,131,9,407780.83,1,4,5,10,Medium Value
9537,21,7,231220.30000000002,4,2,3,9,Low Value
9538,31,6,177819.31,3,2,2,7,Low Value
9539,2,8,325751.4,5,3,4,12,Medium Value
9540,9,12,333214.64,4,5,4,13,High Value
9541,46,9,357141.07,2,4,4,10,Medium Value
9542,24,13,642306.26,3,5,5,13,High Value
9543,1,8,169091.13,5,3,2,10,Medium Value
9544,17,7,248500.86000000002,4,2,3,9,Low Value
9545,61,7,613444.24,2,2,5,9,Low Value
9546,65,8,194924.13999999998,2,3,2,7,Low Value
9547,46,5,208896.41999999998,2,1,2,5,At Risk
9548,67,10,204867.29,2,4,2,8,Low Value
9549,81,7,116981.59,1,2,1,4,At Risk
9550,10,10,250226.83,4,4,3,11,Medium Value
9551,11,5,207410.5,4,1,2,7,Low Value
9552,34,14,356974.69,3,5,4,12,Medium Value
9553,146,9,270722.94,1,4,3,8,Low Value
9554,10,11,429310.85,4,5,5,14,High Value
9555,50,10,314560.89,2,4,4,10,Medium Value
9556,100,8,290067.67,1,3,4,8,Low Value
9557,10,6,165407.36,4,2,2,8,Low Value
9558,14,10,294648.65,4,4,4,12,Medium Value
9559,9,8,273193.42,4,3,3,10,Medium Value
9560,30,6,182312.64,3,2,2,7,Low Value
9561,139,5,328120.86,1,1,4,6,At Risk
9562,17,3,29991.65,4,1,1,6,At Risk
9563,85,7,419169.78,1,2,5,8,Low Value
9564,19,9,162029.86000000002,4,4,2,10,Medium Value
9565,27,11,247463.46,3,5,3,11,Medium Value
9566,7,11,288060.73000000004,5,5,3,13,High Value
9567,251,4,29910.07,1,1,1,3,At Risk
9568,38,10,352296.97,3,4,4,11,Medium Value
9569,8,7,298529.69,5,2,4,11,Medium Value
9570,90,3,72360.28,1,1,1,3,At Risk
9571,16,5,115623.0,4,1,1,6,At Risk
9572,91,4,114770.18,1,1,1,3,At Risk
9573,63,15,536042.89,2,5,5,12,Medium Value
9574,118,5,85960.26000000001,1,1,1,3,At Risk
9575,13,9,222275.14,4,4,2,10,Medium Value
9576,1,8,174780.71,5,3,2,10,Medium Value
9577,71,7,183857.44,2,2,2,6,At Risk
9578,10,10,229345.99000000002,4,4,3,11,Medium Value
9579,13,7,238913.58000000002,4,2,3,9,Low Value
9580,58,12,373449.99,2,5,5,12,Medium Value
9581,1,10,390198.21,5,4,5,14,High Value
9582,38,8,304143.02,3,3,4,10,Medium Value
9583,246,2,71011.63,1,1,1,3,At Risk
9584,37,6,163669.61,3,2,2,7,Low Value
9585,11,13,503857.39999999997,4,5,5,14,High Value
9586,145,5,146042.41999999998,1,1,1,3,At Risk
9587,18,7,309733.51,4,2,4,10,Medium Value
9588,4,11,299021.33999999997,5,5,4,14,High Value
9589,53,5,61170.97,2,1,1,4,At Risk
9590,6,3,28975.760000000002,5,1,1,7,Low Value
9591,37,7,202845.93,3,2,2,7,Low Value
9592,53,14,572873.3099999999,2,5,5,12,Medium Value
9593,59,7,278301.79,2,2,3,7,Low Value
9594,48,10,365903.08999999997,2,4,4,10,Medium Value
9595,28,12,348116.33,3,5,4,12,Medium Value
9596,113,12,254942.2,1,5,3,9,Low Value
9597,74,15,589334.54,1,5,5,11,Medium Value
9598,11,9,193866.05,4,4,2,10,Medium Value
9599,0,8,482765.19,5,3,5,13,High Value
9600,92,7,172073.71,1,2,2,5,At Risk
9601,193,7,236846.78,1,2,3,6,At Risk
9602,26,6,294442.29,3,2,4,9,Low Value
9603,104,6,144826.19,1,2,1,4,At Risk
9604,77,9,353741.33999999997,1,4,4,9,Low Value
9605,87,5,130471.79000000001,1,1,1,3,At Risk
9606,14,9,272626.44,4,4,3,11,Medium Value
9607,14,12,320189.25,4,5,4,13,High Value
9608,5,6,107321.93,5,2,1,8,Low Value
9609,47,15,370438.97000000003,2,5,5,12,Medium Value
9610,25,11,266808.92,3,5,3,11,Medium Value
9611,17,11,317584.26,4,5,4,13,High Value
9612,32,11,385905.26,3,5,5,13,High Value
9613,3,8,315473.5,5,3,4,12,Medium Value
9614,28,17,695237.44,3,5,5,13,High Value
9615,37,5,98469.58,3,1,1,5,At Risk
9616,5,15,517918.04000000004,5,5,5,15,High Value
9617,33,8,355172.82999999996,3,3,4,10,Medium Value
9618,86,6,278601.82,1,2,3,6,At Risk
9619,11,19,475681.82,4,5,5,14,High Value
9620,19,10,228116.87,4,4,3,11,Medium Value
9621,74,9,318714.95,1,4,4,9,Low Value
9622,66,7,157228.30000000002,2,2,1,5,At Risk
9623,24,6,228284.99,3,2,3,8,Low Value
9624,16,12,381499.7,4,5,5,14,High Value
9625,0,11,482365.25,5,5,5,15,High Value
9626,8,11,269872.26,5,5,3,13,High Value
9627,2,14,385238.92,5,5,5,15,High Value
9628,125,9,291485.61,1,4,4,9,Low Value
9629,42,9,382836.0,2,4,5,11,Medium Value
9630,22,5,145272.5,3,1,1,5,At Risk
9631,19,9,237105.75,4,4,3,11,Medium Value
9632,46,9,183239.68,2,4,2,8,Low Value
9633,4,13,368560.9,5,5,4,14,High Value
9634,9,7,203424.95,4,2,2,8,Low Value
9635,12,13,369348.94,4,5,5,14,High Value
9636,34,12,262863.69,3,5,3,11,Medium Value
9637,96,4,108991.38,1,1,1,3,At Risk
9638,30,8,189838.12,3,3,2,8,Low Value
9639,103,6,256593.06,1,2,3,6,At Risk
9640,41,10,522305.13,2,4,5,11,Medium Value
9641,32,10,441856.98,3,4,5,12,Medium Value
9642,28,10,437282.71,3,4,5,12,Medium Value
9643,72,4,100378.02,1,1,1,3,At Risk
9644,0,4,150129.28,5,1,1,7,Low Value
9645,48,9,339293.26,2,4,4,10,Medium Value
9646,49,7,132606.26,2,2,1,5,At Risk
9647,26,5,160472.61,3,1,1,5,At Risk
9648,28,12,395314.53,3,5,5,13,High Value
9649,79,8,185270.19,1,3,2,6,At Risk
9650,33,13,533977.55,3,5,5,13,High Value
9651,70,7,309495.74,2,2,4,8,Low Value
9652,38,14,469690.31,3,5,5,13,High Value
9653,18,12,330041.57,4,5,4,13,High Value
9654,79,10,531977.43,1,4,5,10,Medium Value
9655,120,10,219777.51,1,4,2,7,Low Value
9656,16,5,105641.22,4,1,1,6,At Risk
9657,21,6,174043.88999999998,4,2,2,8,Low Value
9658,38,8,301442.76,3,3,4,10,Medium Value
9659,39,12,393344.56,3,5,5,13,High Value
9660,89,4,77080.93,1,1,1,3,At Risk
9661,60,6,146791.41,2,2,1,5,At Risk
9662,14,9,324596.66,4,4,4,12,Medium Value
9663,10,11,318693.59,4,5,4,13,High Value
9664,72,7,127603.59,1,2,1,4,At Risk
9665,13,10,342838.67000000004,4,4,4,12,Medium Value
9666,8,10,324523.93,5,4,4,13,High Value
9667,53,8,232420.84,2,3,3,8,Low Value
9668,16,8,358812.06000000006,4,3,4,11,Medium Value
9669,25,9,169083.68,3,4,2,9,Low Value
9670,1,8,152493.3,5,3,1,9,Low Value
9671,21,10,236202.84,4,4,3,11,Medium Value
9672,20,10,397884.25,4,4,5,13,High Value
9673,42,16,667276.33,2,5,5,12,Medium Value
9674,2,8,303893.52,5,3,4,12,Medium Value
9675,49,11,403428.5,2,5,5,12,Medium Value
9676,53,5,181080.35,2,1,2,5,At Risk
9677,47,8,128235.0,2,3,1,6,At Risk
9678,25,10,215156.16,3,4,2,9,Low Value
9679,4,10,318585.68,5,4,4,13,High Value
9680,15,6,113708.36,4,2,1,7,Low Value
9681,6,9,274462.25,5,4,3,12,Medium Value
9682,14,10,397331.73,4,4,5,13,High Value
9683,20,14,401274.3,4,5,5,14,High Value
9684,50,7,299589.14,2,2,4,8,Low Value
9685,46,7,162315.06,2,2,2,6,At Risk
9686,5,7,191789.14,5,2,2,9,Low Value
9687,24,9,200293.02,3,4,2,9,Low Value
9688,73,10,459754.4,1,4,5,10,Medium Value
9689,89,3,39062.79,1,1,1,3,At Risk
9690,15,10,231052.47999999998,4,4,3,11,Medium Value
9691,81,9,210775.95,1,4,2,7,Low Value
9692,84,11,286518.76,1,5,3,9,Low Value
9693,114,5,211248.9,1,1,2,4,At Risk
9694,106,8,223889.18,1,3,2,6,At Risk
9695,13,15,582382.45,4,5,5,14,High Value
9696,67,13,594691.5,2,5,5,12,Medium Value
9697,51,11,527217.83,2,5,5,12,Medium Value
9698,35,12,358969.33,3,5,4,12,Medium Value
9699,22,11,494796.94,3,5,5,13,High Value
9700,57,10,309876.87,2,4,4,10,Medium Value
9701,119,7,227497.19,1,2,3,6,At Risk
9702,86,12,455258.51,1,5,5,11,Medium Value
9703,9,9,255657.55,4,4,3,11,Medium Value
9704,55,9,324926.18,2,4,4,10,Medium Value
9705,66,9,149411.82,2,4,1,7,Low Value
9706,17,7,164885.66999999998,4,2,2,8,Low Value
9707,88,7,164947.05,1,2,2,5,At Risk
9708,23,15,494781.51,3,5,5,13,High Value
9709,1,14,415791.99,5,5,5,15,High Value
9710,233,6,137055.46000000002,1,2,1,4,At Risk
9711,105,12,237238.08000000002,1,5,3,9,Low Value
9712,9,9,316604.76,4,4,4,12,Medium Value
9713,73,12,391126.66,1,5,5,11,Medium Value
9714,43,10,259444.27000000002,2,4,3,9,Low Value
9715,119,8,134988.40000000002,1,3,1,5,At Risk
9716,18,10,368995.57,4,4,4,12,Medium Value
9717,76,14,440849.73000000004,1,5,5,11,Medium Value
9718,39,11,465738.57,3,5,5,13,High Value
9719,51,7,175797.77,2,2,2,6,At Risk
9720,23,4,114508.20000000001,3,1,1,5,At Risk
9721,61,10,467986.44,2,4,5,11,Medium Value
9722,4,12,328804.49,5,5,4,14,High Value
9723,100,11,372121.53,1,5,5,11,Medium Value
9724,17,7,231148.54,4,2,3,9,Low Value
9725,29,7,140111.23,3,2,1,6,At Risk
9726,35,9,352854.57,3,4,4,11,Medium Value
9727,0,9,353588.7,5,4,4,13,High Value
9728,53,9,315130.55,2,4,4,10,Medium Value
9729,53,7,149633.97999999998,2,2,1,5,At Risk
9730,33,11,288466.13,3,5,3,11,Medium Value
9731,55,9,350344.57,2,4,4,10,Medium Value
9732,4,9,330316.14,5,4,4,13,High Value
9733,49,4,177844.11,2,1,2,5,At Risk
9734,18,7,242550.64,4,2,3,9,Low Value
9735,43,7,255006.93,2,2,3,7,Low Value
9736,147,8,384453.88,1,3,5,9,Low Value
9737,0,9,339355.47,5,4,4,13,High Value
9738,66,6,263440.01,2,2,3,7,Low Value
9739,35,5,185514.49,3,1,2,6,At Risk
9740,62,10,350883.47,2,4,4,10,Medium Value
9741,17,11,381489.35,4,5,5,14,High Value
9742,22,7,293331.63,3,2,4,9,Low Value
9743,4,9,233687.15999999997,5,4,3,12,Medium Value
9744,12,12,359299.28,4,5,4,13,High Value
9745,21,5,194766.13,4,1,2,7,Low Value
9746,3,7,246341.79,5,2,3,10,Medium Value
9747,82,8,213027.91999999998,1,3,2,6,At Risk
9748,63,8,239589.91999999998,2,3,3,8,Low Value
9749,68,4,106311.56,2,1,1,4,At Risk
9750,70,12,423151.27999999997,2,5,5,12,Medium Value
9751,39,8,296991.29,3,3,4,10,Medium Value
9752,2,5,186090.62,5,1,2,8,Low Value
9753,70,5,130801.54,2,1,1,4,At Risk
9754,66,7,276513.58999999997,2,2,3,7,Low Value
9755,37,10,360843.07,3,4,4,11,Medium Value
9756,1,10,387274.44,5,4,5,14,High Value
9757,37,10,374931.08,3,4,5,12,Medium Value
9758,4,6,158871.21,5,2,1,8,Low Value
9759,6,9,333944.84,5,4,4,13,High Value
9760,111,12,363741.42,1,5,4,10,Medium Value
9761,48,7,218031.15,2,2,2,6,At Risk
9762,93,4,101691.47,1,1,1,3,At Risk
9763,5,6,129785.32,5,2,1,8,Low Value
9764,11,5,97442.98,4,1,1,6,At Risk
9765,160,8,203548.21,1,3,2,6,At Risk
9766,4,11,549281.66,5,5,5,15,High Value
9767,2,14,342491.23,5,5,4,14,High Value
9768,64,5,213642.33000000002,2,1,2,5,At Risk
9769,10,11,381064.82,4,5,5,14,High Value
9770,28,13,365632.25,3,5,4,12,Medium Value
9771,76,6,311414.74,1,2,4,7,Low Value
9772,4,10,247609.76,5,4,3,12,Medium Value
9773,8,8,224178.06,5,3,2,10,Medium Value
9774,46,9,316003.36,2,4,4,10,Medium Value
9775,2,8,307057.81,5,3,4,12,Medium Value
9776,17,10,365798.11,4,4,4,12,Medium Value
9777,4,5,322015.99,5,1,4,10,Medium Value
9778,7,11,569707.66,5,5,5,15,High Value
9779,51,9,458928.73,2,4,5,11,Medium Value
9780,67,13,362202.32,2,5,4,11,Medium Value
9781,27,10,275796.54,3,4,3,10,Medium Value
9782,35,5,111315.92,3,1,1,5,At Risk
9783,42,8,396364.03,2,3,5,10,Medium Value
9784,52,13,428973.87,2,5,5,12,Medium Value
9785,52,8,208429.32,2,3,2,7,Low Value
9786,14,16,576568.07,4,5,5,14,High Value
9787,44,9,307997.81,2,4,4,10,Medium Value
9788,50,8,243726.3,2,3,3,8,Low Value
9789,58,9,240578.4,2,4,3,9,Low Value
9790,30,6,161053.86,3,2,1,6,At Risk
9791,175,5,77277.91,1,1,1,3,At Risk
9792,106,5,246804.27000000002,1,1,3,5,At Risk
9793,11,11,422879.58,4,5,5,14,High Value
9794,4,6,443167.63,5,2,5,12,Medium Value
9795,4,5,116286.69,5,1,1,7,Low Value
9796,40,9,186270.5,3,4,2,9,Low Value
9797,273,2,77591.19,1,1,1,3,At Risk
9798,72,9,242235.72999999998,1,4,3,8,Low Value
9799,37,9,213459.79,3,4,2,9,Low Value
9800,28,14,316541.99,3,5,4,12,Medium Value
9801,39,10,344331.46,3,4,4,11,Medium Value
9802,27,3,77943.37,3,1,1,5,At Risk
9803,50,3,137597.97999999998,2,1,1,4,At Risk
9804,62,13,311749.62,2,5,4,11,Medium Value
9805,74,5,257738.55000000002,1,1,3,5,At Risk
9806,24,7,302249.21,3,2,4,9,Low Value
9807,21,11,272744.2,4,5,3,12,Medium Value
9808,6,9,247339.66999999998,5,4,3,12,Medium Value
9809,34,8,235950.74,3,3,3,9,Low Value
9810,3,6,158981.61,5,2,1,8,Low Value
9811,26,12,449357.33999999997,3,5,5,13,High Value
9812,68,10,248177.2,2,4,3,9,Low Value
9813,4,14,498755.47000000003,5,5,5,15,High Value
9814,66,12,376326.67,2,5,5,12,Medium Value
9815,62,11,296021.57,2,5,4,11,Medium Value
9816,80,11,350394.23,1,5,4,10,Medium Value
9817,42,8,236104.81,2,3,3,8,Low Value
9818,5,8,240107.98,5,3,3,11,Medium Value
9819,4,12,389050.77,5,5,5,15,High Value
9820,125,5,188969.88,1,1,2,4,At Risk
9821,258,3,59247.72,1,1,1,3,At Risk
9822,152,6,292692.43,1,2,4,7,Low Value
9823,55,13,311707.27,2,5,4,11,Medium Value
9824,8,9,291702.06,5,4,4,13,High Value
9825,16,11,294996.05,4,5,4,13,High Value
9826,7,12,371565.14,5,5,5,15,High Value
9827,37,10,270208.12,3,4,3,10,Medium Value
9828,14,4,106029.47,4,1,1,6,At Risk
9829,4,12,529607.34,5,5,5,15,High Value
9830,24,5,77968.1,3,1,1,5,At Risk
9831,116,8,258646.71,1,3,3,7,Low Value
9832,205,6,183474.07,1,2,2,5,At Risk
9833,44,6,124839.8,2,2,1,5,At Risk
9834,5,7,375864.61,5,2,5,12,Medium Value
9835,26,7,132008.13,3,2,1,6,At Risk
9836,7,6,266236.7,5,2,3,10,Medium Value
9837,19,8,340732.82,4,3,4,11,Medium Value
9838,31,9,244706.27000000002,3,4,3,10,Medium Value
9839,95,5,111678.28,1,1,1,3,At Risk
9840,5,15,506085.16000000003,5,5,5,15,High Value
9841,39,6,287370.12,3,2,3,8,Low Value
9842,88,6,318378.93,1,2,4,7,Low Value
9843,66,9,260380.99,2,4,3,9,Low Value
9844,117,5,350630.48,1,1,4,6,At Risk
9845,74,8,245637.05,1,3,3,7,Low Value
9846,152,4,210914.8,1,1,2,4,At Risk
9847,112,8,433903.59,1,3,5,9,Low Value
9848,5,6,163959.6,5,2,2,9,Low Value
9849,32,6,164200.01,3,2,2,7,Low Value
9850,83,6,210355.47,1,2,2,5,At Risk
9851,24,9,335386.88,3,4,4,11,Medium Value
9852,42,5,124731.87,2,1,1,4,At Risk
9853,128,2,42471.53999999999,1,1,1,3,At Risk
9854,4,12,437529.22,5,5,5,15,High Value
9855,12,8,169136.71,4,3,2,9,Low Value
9856,26,8,276420.78,3,3,3,9,Low Value
9857,97,10,173352.15000000002,1,4,2,7,Low Value
9858,147,5,202322.86000000002,1,1,2,4,At Risk
9859,32,8,167621.34,3,3,2,8,Low Value
9860,7,11,580827.14,5,5,5,15,High Value
9861,38,13,325087.01,3,5,4,12,Medium Value
9862,1,12,395544.35,5,5,5,15,High Value
9863,28,8,209883.03,3,3,2,8,Low Value
9864,49,14,450854.07,2,5,5,12,Medium Value
9865,90,4,96646.11,1,1,1,3,At Risk
9866,54,9,264607.57,2,4,3,9,Low Value
9867,0,11,384154.33999999997,5,5,5,15,High Value
9868,126,5,192913.46999999997,1,1,2,4,At Risk
9869,76,7,163956.74,1,2,2,5,At Risk
9870,13,7,119745.3,4,2,1,7,Low Value
9871,43,6,161023.61000000002,2,2,1,5,At Risk
9872,87,9,144466.12,1,4,1,6,At Risk
9873,9,12,344384.37,4,5,4,13,High Value
9874,36,7,292955.14,3,2,4,9,Low Value
9875,46,11,378426.17,2,5,5,12,Medium Value
9876,51,5,135361.99,2,1,1,4,At Risk
9877,66,13,425067.37,2,5,5,12,Medium Value
9878,57,9,227080.24,2,4,3,9,Low Value
9879,51,8,231988.82,2,3,3,8,Low Value
9880,26,8,138261.18,3,3,1,7,Low Value
9881,64,7,413484.98,2,2,5,9,Low Value
9882,63,11,374893.22,2,5,5,12,Medium Value
9883,9,7,114580.39,4,2,1,7,Low Value
9884,120,9,220436.77000000002,1,4,2,7,Low Value
9885,20,10,277924.64999999997,4,4,3,11,Medium Value
9886,19,9,353194.39,4,4,4,12,Medium Value
9887,52,4,58484.11,2,1,1,4,At Risk
9888,2,10,447123.48,5,4,5,14,High Value
9889,17,7,354937.03,4,2,4,10,Medium Value
9890,59,5,137575.56,2,1,1,4,At Risk
9891,6,7,164379.64,5,2,2,9,Low Value
9892,3,10,543700.11,5,4,5,14,High Value
9893,126,9,374993.87,1,4,5,10,Medium Value
9894,10,9,267539.9,4,4,3,11,Medium Value
9895,34,5,116226.57,3,1,1,5,At Risk
9896,41,7,220524.14,2,2,2,6,At Risk
9897,6,12,466092.49,5,5,5,15,High Value
9898,121,11,259413.1,1,5,3,9,Low Value
9899,4,5,115718.23000000001,5,1,1,7,Low Value
9900,83,6,255267.58000000002,1,2,3,6,At Risk
9901,10,8,269066.45,4,3,3,10,Medium Value
9902,126,7,227505.61000000002,1,2,3,6,At Risk
9903,2,6,286224.44,5,2,3,10,Medium Value
9904,33,9,269726.37,3,4,3,10,Medium Value
9905,139,5,142061.87,1,1,1,3,At Risk
9906,10,7,203873.63,4,2,2,8,Low Value
9907,1,5,56058.86,5,1,1,7,Low Value
9908,4,10,180780.25,5,4,2,11,Medium Value
9909,31,5,213663.93,3,1,2,6,At Risk
9910,6,9,336252.55,5,4,4,13,High Value
9911,16,9,247963.73,4,4,3,11,Medium Value
9912,21,11,210004.99,4,5,2,11,Medium Value
9913,15,11,339668.07,4,5,4,13,High Value
9914,68,10,424931.04,2,4,5,11,Medium Value
9915,46,11,409036.12,2,5,5,12,Medium Value
9916,31,4,104058.4,3,1,1,5,At Risk
9917,10,12,449847.65,4,5,5,14,High Value
9918,77,8,257745.31,1,3,3,7,Low Value
9919,9,9,304337.01,4,4,4,12,Medium Value
9920,3,10,466583.61,5,4,5,14,High Value
9921,89,10,315059.23,1,4,4,9,Low Value
9922,20,17,926565.61,4,5,5,14,High Value
9923,107,5,87350.86,1,1,1,3,At Risk
9924,12,6,116190.48,4,2,1,7,Low Value
9925,53,12,262076.59,2,5,3,10,Medium Value
9926,9,6,208662.2,4,2,2,8,Low Value
9927,14,11,454839.97000000003,4,5,5,14,High Value
9928,42,11,316240.04,2,5,4,11,Medium Value
9929,25,7,188729.31,3,2,2,7,Low Value
9930,16,6,181833.68,4,2,2,8,Low Value
9931,138,8,340714.95,1,3,4,8,Low Value
9932,8,10,382315.96,5,4,5,14,High Value
9933,25,7,237550.37,3,2,3,8,Low Value
9934,13,13,548426.0700000001,4,5,5,14,High Value
9935,72,13,347069.83999999997,1,5,4,10,Medium Value
9936,65,8,183580.66,2,3,2,7,Low Value
9937,122,7,109543.09,1,2,1,4,At Risk
9938,33,6,236750.45,3,2,3,8,Low Value
9939,35,7,196460.41999999998,3,2,2,7,Low Value
9940,15,10,239524.27,4,4,3,11,Medium Value
9941,0,9,380936.91000000003,5,4,5,14,High Value
9942,129,7,257887.55000000002,1,2,3,6,At Risk
9943,46,5,96544.15,2,1,1,4,At Risk
9944,28,10,276087.06,3,4,3,10,Medium Value
9945,16,11,399130.79000000004,4,5,5,14,High Value
9946,6,11,409948.54,5,5,5,15,High Value
9947,5,3,181410.07,5,1,2,8,Low Value
9948,107,3,66794.57,1,1,1,3,At Risk
9949,66,5,201201.01,2,1,2,5,At Risk
9950,5,10,492871.0,5,4,5,14,High Value
9951,11,10,253365.18,4,4,3,11,Medium Value
9952,53,10,433402.57,2,4,5,11,Medium Value
9953,18,8,258815.04,4,3,3,10,Medium Value
9954,63,9,114122.64,2,4,1,7,Low Value
9955,34,4,88351.45999999999,3,1,1,5,At Risk
9956,31,7,186208.81,3,2,2,7,Low Value
9957,9,6,90995.28,4,2,1,7,Low Value
9958,16,8,289849.83,4,3,4,11,Medium Value
9959,0,13,400295.24,5,5,5,15,High Value
9960,21,10,168402.17,4,4,2,10,Medium Value
9961,1,8,200859.76,5,3,2,10,Medium Value
9962,147,6,165717.39,1,2,2,5,At Risk
9963,40,11,332088.36,3,5,4,12,Medium Value
9964,141,8,200414.33,1,3,2,6,At Risk
9965,16,10,350159.38,4,4,4,12,Medium Value
9966,67,5,219039.72,2,1,2,5,At Risk
9967,29,13,527058.52,3,5,5,13,High Value
9968,0,10,377517.42,5,4,5,14,High Value
9969,36,9,231321.79,3,4,3,10,Medium Value
9970,48,10,391629.95,2,4,5,11,Medium Value
9971,15,10,303024.8,4,4,4,12,Medium Value
9972,15,12,356400.47000000003,4,5,4,13,High Value
9973,23,10,182402.36,3,4,2,9,Low Value
9974,3,5,202701.13,5,1,2,8,Low Value
9975,16,16,369373.13,4,5,5,14,High Value
9976,72,5,130496.83,1,1,1,3,At Risk
9977,9,9,216052.26,4,4,2,10,Medium Value
9978,14,7,155194.56,4,2,1,7,Low Value
9979,37,5,144539.8,3,1,1,5,At Risk
9980,50,13,452144.61,2,5,5,12,Medium Value
9981,26,7,254853.77000000002,3,2,3,8,Low Value
9982,9,9,336633.73,4,4,4,12,Medium Value
9983,43,6,330391.61,2,2,4,8,Low Value
9984,85,7,151719.28,1,2,1,4,At Risk
9985,15,7,142681.69,4,2,1,7,Low Value
9986,0,9,384851.32,5,4,5,14,High Value
9987,26,13,269509.70999999996,3,5,3,11,Medium Value
9988,5,8,207284.49,5,3,2,10,Medium Value
9989,15,6,169596.93,4,2,2,8,Low Value
9990,42,9,264008.55,2,4,3,9,Low Value
9991,81,6,179566.46,1,2,2,5,At Risk
9992,0,16,407104.77,5,5,5,15,High Value
9993,4,7,158848.18,5,2,1,8,Low Value
9994,46,9,397297.71,2,4,5,11,Medium Value
9995,116,6,197659.28999999998,1,2,2,5,At Risk
9996,182,9,307507.41,1,4,4,9,Low Value
9997,80,11,366822.33999999997,1,5,4,10,Medium Value
9998,10,6,239545.53999999998,4,2,3,9,Low Value
9999,28,7,183977.59,3,2,2,7,Low Value
10000,83,10,353215.05,1,4,4,9,Low Value
10001,0,9,313239.07,5,4,4,13,High Value
10002,29,8,387278.66,3,3,5,11,Medium Value
10003,124,4,249890.54,1,1,3,5,At Risk
10004,62,6,277067.43,2,2,3,7,Low Value
10005,40,7,339421.02999999997,3,2,4,9,Low Value
10006,62,11,277707.21,2,5,3,10,Medium Value
10007,17,5,456505.73,4,1,5,10,Medium Value
10008,12,5,146452.38,4,1,1,6,At Risk
10009,10,14,478350.74,4,5,5,14,High Value
10010,24,16,652794.29,3,5,5,13,High Value
10011,5,9,193053.88,5,4,2,11,Medium Value
10012,0,8,257426.11000000002,5,3,3,11,Medium Value
10013,18,7,201930.46,4,2,2,8,Low Value
10014,101,6,95366.51999999999,1,2,1,4,At Risk
10015,8,8,229142.97,5,3,3,11,Medium Value
10016,0,11,289322.47000000003,5,5,4,14,High Value
10017,83,8,413954.81,1,3,5,9,Low Value
10018,89,7,134553.78999999998,1,2,1,4,At Risk
10019,7,9,237229.04,5,4,3,12,Medium Value
10020,16,12,403213.01,4,5,5,14,High Value
10021,111,5,238220.65,1,1,3,5,At Risk
10022,87,4,143918.78999999998,1,1,1,3,At Risk
10023,57,4,71497.69,2,1,1,4,At Risk
10024,53,10,464976.61,2,4,5,11,Medium Value
10025,0,11,536034.7,5,5,5,15,High Value
10026,95,7,206206.4,1,2,2,5,At Risk
10027,50,9,441040.12,2,4,5,11,Medium Value
10028,54,8,250442.64,2,3,3,8,Low Value
10029,36,13,417289.55,3,5,5,13,High Value
10030,2,9,398517.85,5,4,5,14,High Value
10031,20,6,275028.57,4,2,3,9,Low Value
10032,44,10,269232.33,2,4,3,9,Low Value
10033,4,7,155937.04,5,2,1,8,Low Value
10034,49,10,383308.54,2,4,5,11,Medium Value
10035,54,8,384979.44,2,3,5,10,Medium Value
10036,24,13,506530.18,3,5,5,13,High Value
10037,58,5,106598.31,2,1,1,4,At Risk
10038,25,8,367336.0,3,3,4,10,Medium Value
10039,4,7,276332.01,5,2,3,10,Medium Value
10040,63,1,71610.87,2,1,1,4,At Risk
10041,12,11,361785.37,4,5,4,13,High Value
10042,29,8,233427.53,3,3,3,9,Low Value
10043,15,6,289073.59,4,2,4,10,Medium Value
10044,11,11,417566.45,4,5,5,14,High Value
10045,4,8,198878.4,5,3,2,10,Medium Value
10046,75,3,101384.2,1,1,1,3,At Risk
10047,42,5,191161.92,2,1,2,5,At Risk
10048,42,13,354032.16000000003,2,5,4,11,Medium Value
10049,27,11,357482.18,3,5,4,12,Medium Value
10050,108,6,183343.57,1,2,2,5,At Risk
10051,54,11,434146.92,2,5,5,12,Medium Value
10052,65,12,225191.54,2,5,3,10,Medium Value
10053,51,9,360116.26,2,4,4,10,Medium Value
10054,38,9,348553.76999999996,3,4,4,11,Medium Value
10055,32,9,275704.53,3,4,3,10,Medium Value
10056,52,5,68306.65,2,1,1,4,At Risk
10057,18,5,145108.82,4,1,1,6,At Risk
10058,54,4,200874.45,2,1,2,5,At Risk
10059,2,6,210911.11,5,2,2,9,Low Value
10060,109,8,243307.29,1,3,3,7,Low Value
10061,48,9,235637.52000000002,2,4,3,9,Low Value
10062,8,9,399519.58,5,4,5,14,High Value
10063,2,12,195793.62,5,5,2,12,Medium Value
10064,36,8,163597.47,3,3,2,8,Low Value
10065,142,3,30810.050000000003,1,1,1,3,At Risk
10066,16,8,503444.14,4,3,5,12,Medium Value
10067,39,5,184842.05,3,1,2,6,At Risk
10068,75,12,398482.64999999997,1,5,5,11,Medium Value
10069,125,6,336369.5,1,2,4,7,Low Value
10070,17,7,173185.8,4,2,2,8,Low Value
10071,6,7,280862.37,5,2,3,10,Medium Value
10072,2,13,371227.56,5,5,5,15,High Value
10073,29,7,277556.4,3,2,3,8,Low Value
10074,11,6,233088.46000000002,4,2,3,9,Low Value
10075,54,14,497472.65,2,5,5,12,Medium Value
10076,7,5,175457.33000000002,5,1,2,8,Low Value
10077,27,7,198787.21,3,2,2,7,Low Value
10078,33,10,389350.39,3,4,5,12,Medium Value
10079,93,4,122807.01999999999,1,1,1,3,At Risk
10080,71,7,297354.96,2,2,4,8,Low Value
10081,2,6,225508.64,5,2,3,10,Medium Value
10082,14,11,210388.3,4,5,2,11,Medium Value
10083,98,7,246209.08,1,2,3,6,At Risk
10084,61,6,319624.37,2,2,4,8,Low Value
10085,48,10,318812.2,2,4,4,10,Medium Value
10086,36,7,281354.23,3,2,3,8,Low Value
10087,31,4,96057.57,3,1,1,5,At Risk
10088,2,12,514946.47000000003,5,5,5,15,High Value
10089,80,8,151021.57,1,3,1,5,At Risk
10090,20,11,281892.93,4,5,3,12,Medium Value
10091,6,11,475040.18,5,5,5,15,High Value
10092,74,6,176246.59,1,2,2,5,At Risk
10093,3,10,249059.35,5,4,3,12,Medium Value
10094,14,8,233081.89,4,3,3,10,Medium Value
10095,55,10,309347.88,2,4,4,10,Medium Value
10096,161,4,87208.25,1,1,1,3,At Risk
10097,15,9,188392.62,4,4,2,10,Medium Value
10098,23,10,411824.87,3,4,5,12,Medium Value
10099,60,10,479131.64,2,4,5,11,Medium Value
10100,10,8,174212.13999999998,4,3,2,9,Low Value
10101,8,9,230052.49,5,4,3,12,Medium Value
10102,114,9,198395.27,1,4,2,7,Low Value
10103,19,10,304733.57,4,4,4,12,Medium Value
10104,2,12,546769.02,5,5,5,15,High Value
10105,53,12,243575.05,2,5,3,10,Medium Value
10106,8,9,229320.11,5,4,3,12,Medium Value
10107,36,9,188391.47,3,4,2,9,Low Value
10108,24,9,270945.61,3,4,3,10,Medium Value
10109,4,7,222121.35,5,2,2,9,Low Value
10110,9,8,231533.71000000002,4,3,3,10,Medium Value
10111,64,7,180502.12,2,2,2,6,At Risk
10112,16,5,115265.58,4,1,1,6,At Risk
10113,68,4,185370.31,2,1,2,5,At Risk
10114,41,9,256368.81,2,4,3,9,Low Value
10115,25,6,166034.21,3,2,2,7,Low Value
10116,26,12,347521.69,3,5,4,12,Medium Value
10117,42,5,78225.22,2,1,1,4,At Risk
10118,66,8,221962.22,2,3,2,7,Low Value
10119,227,3,76790.55,1,1,1,3,At Risk
10120,21,6,253429.65,4,2,3,9,Low Value
10121,51,5,215350.85,2,1,2,5,At Risk
10122,55,7,158140.82,2,2,1,5,At Risk
10123,0,7,194344.25,5,2,2,9,Low Value
10124,3,13,467461.12,5,5,5,15,High Value
10125,25,17,410058.74,3,5,5,13,High Value
10126,80,10,205020.87,1,4,2,7,Low Value
10127,11,11,307520.64,4,5,4,13,High Value
10128,16,9,305085.15,4,4,4,12,Medium Value
10129,6,7,166645.76,5,2,2,9,Low Value
10130,154,7,219838.36000000002,1,2,2,5,At Risk
10131,21,9,168293.97,4,4,2,10,Medium Value
10132,34,11,589186.96,3,5,5,13,High Value
10133,9,11,351728.5,4,5,4,13,High Value
10134,0,7,334362.08999999997,5,2,4,11,Medium Value
10135,40,5,114915.37000000001,3,1,1,5,At Risk
10136,2,6,218208.13,5,2,2,9,Low Value
10137,29,9,221102.86000000002,3,4,2,9,Low Value
10138,28,9,324686.85,3,4,4,11,Medium Value
10139,11,11,255521.88,4,5,3,12,Medium Value
10140,16,9,332858.07,4,4,4,12,Medium Value
10141,55,4,213801.08,2,1,2,5,At Risk
10142,33,9,197162.56,3,4,2,9,Low Value
10143,158,7,174165.29,1,2,2,5,At Risk
10144,39,15,440114.96,3,5,5,13,High Value
10145,105,6,111819.95999999999,1,2,1,4,At Risk
10146,55,8,193941.04,2,3,2,7,Low Value
10147,211,1,7703.93,1,1,1,3,At Risk
10148,24,5,137027.17,3,1,1,5,At Risk
10149,92,5,225550.69999999998,1,1,3,5,At Risk
10150,39,11,340723.86,3,5,4,12,Medium Value
10151,26,12,223160.75,3,5,2,10,Medium Value
10152,187,5,133858.0,1,1,1,3,At Risk
10153,79,7,200237.52,1,2,2,5,At Risk
10154,12,12,277962.38,4,5,3,12,Medium Value
10155,36,7,241428.25,3,2,3,8,Low Value
10156,30,9,286650.14,3,4,3,10,Medium Value
10157,30,12,274412.43,3,5,3,11,Medium Value
10158,42,4,95685.69,2,1,1,4,At Risk
10159,2,7,296805.44,5,2,4,11,Medium Value
10160,9,11,219871.25,4,5,2,11,Medium Value
10161,6,9,262309.62,5,4,3,12,Medium Value
10162,36,4,55378.24,3,1,1,5,At Risk
10163,54,4,101924.83999999998,2,1,1,4,At Risk
10164,17,7,158118.4,4,2,1,7,Low Value
10165,69,9,316459.07,2,4,4,10,Medium Value
10166,9,10,371178.58999999997,4,4,5,13,High Value
10167,24,9,309970.33,3,4,4,11,Medium Value
10168,19,6,207890.68,4,2,2,8,Low Value
10169,9,10,132407.29,4,4,1,9,Low Value
10170,9,12,336217.78,4,5,4,13,High Value
10171,36,8,152603.49,3,3,1,7,Low Value
10172,41,5,401384.30000000005,2,1,5,8,Low Value
10173,84,10,191058.51,1,4,2,7,Low Value
10174,25,6,189266.1,3,2,2,7,Low Value
10175,63,8,281234.34,2,3,3,8,Low Value
10176,33,7,264499.21,3,2,3,8,Low Value
10177,61,8,403694.66,2,3,5,10,Medium Value
10178,7,5,184727.3,5,1,2,8,Low Value
10179,92,10,466166.48,1,4,5,10,Medium Value
10180,155,8,280872.44,1,3,3,7,Low Value
10181,9,9,381168.57,4,4,5,13,High Value
10182,4,6,125124.23,5,2,1,8,Low Value
10183,48,5,143298.16,2,1,1,4,At Risk
10184,8,12,441500.78,5,5,5,15,High Value
10185,23,4,135954.15,3,1,1,5,At Risk
10186,74,6,240075.61,1,2,3,6,At Risk
10187,17,6,362029.93000000005,4,2,4,10,Medium Value
10188,26,6,243760.44,3,2,3,8,Low Value
10189,27,6,125233.01999999999,3,2,1,6,At Risk
10190,17,8,293416.16,4,3,4,11,Medium Value
10191,115,4,102305.16,1,1,1,3,At Risk
10192,14,9,208918.84,4,4,2,10,Medium Value
10193,58,9,305737.94,2,4,4,10,Medium Value
10194,57,10,308716.81,2,4,4,10,Medium Value
10195,134,7,311325.76,1,2,4,7,Low Value
10196,93,8,306385.15,1,3,4,8,Low Value
10197,3,10,284122.23,5,4,3,12,Medium Value
10198,102,3,140523.84,1,1,1,3,At Risk
10199,18,12,286535.73,4,5,3,12,Medium Value
10200,106,4,91659.75,1,1,1,3,At Risk
10201,15,9,232606.16,4,4,3,11,Medium Value
10202,6,6,207845.91,5,2,2,9,Low Value
10203,56,7,243462.47,2,2,3,7,Low Value
10204,64,10,225110.35,2,4,3,9,Low Value
10205,33,8,161970.12,3,3,2,8,Low Value
10206,57,9,308271.27,2,4,4,10,Medium Value
10207,36,3,144370.04,3,1,1,5,At Risk
10208,17,11,253685.44,4,5,3,12,Medium Value
10209,29,10,187511.52,3,4,2,9,Low Value
10210,32,11,326705.69,3,5,4,12,Medium Value
10211,6,9,366529.29,5,4,4,13,High Value
10212,11,10,244339.76,4,4,3,11,Medium Value
10213,64,7,193131.44,2,2,2,6,At Risk
10214,20,15,301346.5,4,5,4,13,High Value
10215,41,8,249811.28,2,3,3,8,Low Value
10216,60,9,286494.55,2,4,3,9,Low Value
10217,47,10,306723.67,2,4,4,10,Medium Value
10218,2,9,495976.81,5,4,5,14,High Value
10219,4,17,391515.69,5,5,5,15,High Value
10220,21,8,331826.04000000004,4,3,4,11,Medium Value
10221,87,7,141696.21,1,2,1,4,At Risk
10222,78,8,306035.22,1,3,4,8,Low Value
10223,248,3,57011.350000000006,1,1,1,3,At Risk
10224,44,10,281539.25,2,4,3,9,Low Value
10225,85,7,236444.4,1,2,3,6,At Risk
10226,16,14,374250.31,4,5,5,14,High Value
10227,26,4,59218.64,3,1,1,5,At Risk
10228,25,10,256536.82,3,4,3,10,Medium Value
10229,23,6,261074.73,3,2,3,8,Low Value
10230,75,4,80516.82999999999,1,1,1,3,At Risk
10231,19,11,331224.37,4,5,4,13,High Value
10232,2,7,352730.33,5,2,4,11,Medium Value
10233,18,5,225766.08000000002,4,1,3,8,Low Value
10234,19,12,497570.97000000003,4,5,5,14,High Value
10235,14,8,242736.51,4,3,3,10,Medium Value
10236,48,8,251464.55,2,3,3,8,Low Value
10237,17,9,215157.78,4,4,2,10,Medium Value
10238,25,4,179794.78999999998,3,1,2,6,At Risk
10239,244,4,96339.26000000001,1,1,1,3,At Risk
10240,9,7,148779.46,4,2,1,7,Low Value
10241,11,8,264206.3,4,3,3,10,Medium Value
10242,32,9,326687.59,3,4,4,11,Medium Value
10243,18,8,272163.92,4,3,3,10,Medium Value
10244,15,7,213319.22999999998,4,2,2,8,Low Value
10245,26,10,501501.1,3,4,5,12,Medium Value
10246,25,9,153694.58000000002,3,4,1,8,Low Value
10247,65,5,242759.81,2,1,3,6,At Risk
10248,44,12,618052.98,2,5,5,12,Medium Value
10249,36,10,205626.77,3,4,2,9,Low Value
10250,2,9,338128.52,5,4,4,13,High Value
10251,44,10,605707.77,2,4,5,11,Medium Value
10252,74,6,171103.57,1,2,2,5,At Risk
10253,13,10,366784.6,4,4,4,12,Medium Value
10254,39,8,203983.98,3,3,2,8,Low Value
10255,5,9,216304.61,5,4,2,11,Medium Value
10256,43,10,275194.76,2,4,3,9,Low Value
10257,36,6,212351.97,3,2,2,7,Low Value
10258,91,9,366649.23,1,4,4,9,Low Value
10259,22,12,318032.67,3,5,4,12,Medium Value
10260,89,5,264075.56,1,1,3,5,At Risk
10261,0,9,191935.55,5,4,2,11,Medium Value
10262,68,8,263418.81,2,3,3,8,Low Value
10263,67,6,179022.14,2,2,2,6,At Risk
10264,15,8,319669.18,4,3,4,11,Medium Value
10265,19,7,296783.96,4,2,4,10,Medium Value
10266,39,9,245891.4,3,4,3,10,Medium Value
10267,21,7,173508.63,4,2,2,8,Low Value
10268,78,12,583670.6799999999,1,5,5,11,Medium Value
10269,12,8,140223.5,4,3,1,8,Low Value
10270,44,8,219635.78,2,3,2,7,Low Value
10271,9,8,272272.83999999997,4,3,3,10,Medium Value
10272,152,5,122785.51999999999,1,1,1,3,At Risk
10273,7,7,166539.76,5,2,2,9,Low Value
10274,33,7,275973.63,3,2,3,8,Low Value
10275,12,9,576023.24,4,4,5,13,High Value
10276,6,8,316850.16000000003,5,3,4,12,Medium Value
10277,26,10,328338.26,3,4,4,11,Medium Value
10278,61,6,155701.06,2,2,1,5,At Risk
10279,65,12,324536.4,2,5,4,11,Medium Value
10280,114,9,295789.86,1,4,4,9,Low Value
10281,9,11,617875.31,4,5,5,14,High Value
10282,21,10,297979.7,4,4,4,12,Medium Value
10283,82,13,514776.56,1,5,5,11,Medium Value
10284,11,9,416926.95,4,4,5,13,High Value
10285,14,8,356144.62,4,3,4,11,Medium Value
10286,10,7,206875.35,4,2,2,8,Low Value
10287,72,10,305706.03,1,4,4,9,Low Value
10288,84,7,263009.65,1,2,3,6,At Risk
10289,11,6,136924.83,4,2,1,7,Low Value
10290,50,12,377002.09,2,5,5,12,Medium Value
10291,30,7,333837.0,3,2,4,9,Low Value
10292,5,11,445519.68,5,5,5,15,High Value
10293,51,3,141515.83000000002,2,1,1,4,At Risk
10294,38,5,161001.15,3,1,1,5,At Risk
10295,74,9,183800.8,1,4,2,7,Low Value
10296,12,15,575383.17,4,5,5,14,High Value
10297,5,7,243325.35,5,2,3,10,Medium Value
10298,4,18,546312.82,5,5,5,15,High Value
10299,137,5,221579.15999999997,1,1,2,4,At Risk
10300,52,11,323683.86,2,5,4,11,Medium Value
10301,12,9,386734.25,4,4,5,13,High Value
10302,185,1,10537.91,1,1,1,3,At Risk
10303,85,7,237624.06,1,2,3,6,At Risk
10304,79,6,177719.13,1,2,2,5,At Risk
10305,44,10,233055.01,2,4,3,9,Low Value
10306,15,9,179920.91999999998,4,4,2,10,Medium Value
10307,36,6,169435.43,3,2,2,7,Low Value
10308,36,5,197312.87,3,1,2,6,At Risk
10309,29,6,143275.16,3,2,1,6,At Risk
10310,0,10,241651.72,5,4,3,12,Medium Value
10311,22,8,264867.62,3,3,3,9,Low Value
10312,43,17,790985.08,2,5,5,12,Medium Value
10313,22,6,154615.72,3,2,1,6,At Risk
10314,6,5,94655.45,5,1,1,7,Low Value
10315,2,7,407120.53,5,2,5,12,Medium Value
10316,4,8,427178.16000000003,5,3,5,13,High Value
10317,0,10,316801.46,5,4,4,13,High Value
10318,50,7,336005.98,2,2,4,8,Low Value
10319,9,6,90158.41,4,2,1,7,Low Value
10320,75,13,476454.63,1,5,5,11,Medium Value
10321,3,8,245610.4,5,3,3,11,Medium Value
10322,46,8,232649.43,2,3,3,8,Low Value
10323,38,8,179113.32,3,3,2,8,Low Value
10324,134,3,284093.08999999997,1,1,3,5,At Risk
10325,207,2,28177.78,1,1,1,3,At Risk
10326,66,8,196814.27,2,3,2,7,Low Value
10327,30,6,150030.71000000002,3,2,1,6,At Risk
10328,131,8,277286.57,1,3,3,7,Low Value
10329,41,10,234861.04,2,4,3,9,Low Value
10330,24,7,265358.18,3,2,3,8,Low Value
10331,61,10,265265.81,2,4,3,9,Low Value
10332,44,10,498142.02,2,4,5,11,Medium Value
10333,83,8,319863.26,1,3,4,8,Low Value
10334,134,9,235845.68,1,4,3,8,Low Value
10335,61,2,138350.06,2,1,1,4,At Risk
10336,53,7,215371.29,2,2,2,6,At Risk
10337,33,6,162989.34999999998,3,2,2,7,Low Value
10338,0,5,110987.62,5,1,1,7,Low Value
10339,0,9,189216.77000000002,5,4,2,11,Medium Value
10340,14,7,272137.04,4,2,3,9,Low Value
10341,37,7,297253.81,3,2,4,9,Low Value
10342,155,3,119216.09,1,1,1,3,At Risk
10343,7,9,241184.41,5,4,3,12,Medium Value
10344,87,14,458536.91000000003,1,5,5,11,Medium Value
10345,26,8,225731.63,3,3,3,9,Low Value
10346,51,9,321503.03,2,4,4,10,Medium Value
10347,188,3,143447.45,1,1,1,3,At Risk
10348,56,8,208447.71000000002,2,3,2,7,Low Value
10349,24,12,441168.76,3,5,5,13,High Value
10350,2,6,181690.91,5,2,2,9,Low Value
10351,1,13,329454.57,5,5,4,14,High Value
10352,56,4,137080.0,2,1,1,4,At Risk
10353,39,10,161309.72,3,4,1,8,Low Value
10354,20,7,148370.38999999998,4,2,1,7,Low Value
10355,20,12,326029.54,4,5,4,13,High Value
10356,69,9,290123.95,2,4,4,10,Medium Value
10357,18,4,171049.79,4,1,2,7,Low Value
10358,40,11,273086.46,3,5,3,11,Medium Value
10359,9,12,228357.94,4,5,3,12,Medium Value
10360,34,4,172013.07,3,1,2,6,At Risk
10361,215,6,159964.41999999998,1,2,1,4,At Risk
10362,80,7,151908.39,1,2,1,4,At Risk
10363,12,10,177041.31,4,4,2,10,Medium Value
10364,32,8,268821.72000000003,3,3,3,9,Low Value
10365,89,6,260606.49,1,2,3,6,At Risk
10366,93,7,273593.20999999996,1,2,3,6,At Risk
10367,40,9,252131.0,3,4,3,10,Medium Value
10368,13,11,244062.45,4,5,3,12,Medium Value
10369,48,5,207991.56,2,1,2,5,At Risk
10370,37,7,176602.52,3,2,2,7,Low Value
10371,100,9,338979.32,1,4,4,9,Low Value
10372,6,9,283549.74,5,4,3,12,Medium Value
10373,53,9,297261.7,2,4,4,10,Medium Value
10374,18,14,557241.27,4,5,5,14,High Value
10375,15,14,425430.01999999996,4,5,5,14,High Value
10376,90,4,178459.11000000002,1,1,2,4,At Risk
10377,33,10,218878.7,3,4,2,9,Low Value
10378,40,9,249115.74,3,4,3,10,Medium Value
10379,21,8,176915.14,4,3,2,9,Low Value
10380,7,3,110671.26,5,1,1,7,Low Value
10381,24,11,347156.64,3,5,4,12,Medium Value
10382,34,18,694183.1,3,5,5,13,High Value
10383,10,8,191991.78,4,3,2,9,Low Value
10384,32,5,184183.89,3,1,2,6,At Risk
10385,60,10,429018.58,2,4,5,11,Medium Value
10386,2,11,419459.65,5,5,5,15,High Value
10387,142,7,168725.45,1,2,2,5,At Risk
10388,4,6,205541.15,5,2,2,9,Low Value
10389,74,6,217997.52,1,2,2,5,At Risk
10390,116,5,120220.31,1,1,1,3,At Risk
10391,36,7,170707.97,3,2,2,7,Low Value
10392,33,9,327863.5,3,4,4,11,Medium Value
10393,4,7,253344.28,5,2,3,10,Medium Value
10394,2,13,642779.43,5,5,5,15,High Value
10395,28,5,105322.02,3,1,1,5,At Risk
10396,26,5,130802.26000000001,3,1,1,5,At Risk
10397,58,10,232964.91999999998,2,4,3,9,Low Value
10398,140,8,462204.32999999996,1,3,5,9,Low Value
10399,9,6,149283.17,4,2,1,7,Low Value
10400,7,4,208274.99,5,1,2,8,Low Value
10401,42,7,196521.52,2,2,2,6,At Risk
10402,0,7,143790.24,5,2,1,8,Low Value
10403,44,12,352084.63,2,5,4,11,Medium Value
10404,141,11,393305.05,1,5,5,11,Medium Value
10405,61,8,289459.08999999997,2,3,4,9,Low Value
10406,82,8,217990.89,1,3,2,6,At Risk
10407,5,8,155068.69,5,3,1,9,Low Value
10408,126,6,260001.63999999998,1,2,3,6,At Risk
10409,13,10,326881.87,4,4,4,12,Medium Value
10410,118,7,223833.92,1,2,2,5,At Risk
10411,88,6,181063.99,1,2,2,5,At Risk
10412,25,8,237019.88,3,3,3,9,Low Value
10413,47,12,253198.55,2,5,3,10,Medium Value
10414,4,11,282246.6,5,5,3,13,High Value
10415,66,6,349420.32,2,2,4,8,Low Value
10416,81,6,322275.74,1,2,4,7,Low Value
10417,65,8,253503.66,2,3,3,8,Low Value
10418,5,12,365466.71,5,5,4,14,High Value
10419,73,7,183308.63,1,2,2,5,At Risk
10420,21,14,568166.03,4,5,5,14,High Value
10421,10,11,293585.64999999997,4,5,4,13,High Value
10422,25,8,318898.33,3,3,4,10,Medium Value
10423,18,4,140349.05,4,1,1,6,At Risk
10424,9,7,135458.81,4,2,1,7,Low Value
10425,27,7,137916.18,3,2,1,6,At Risk
10426,15,6,313565.04000000004,4,2,4,10,Medium Value
10427,44,18,329468.15,2,5,4,11,Medium Value
10428,6,8,392142.08,5,3,5,13,High Value
10429,28,11,501400.21,3,5,5,13,High Value
10430,22,10,417151.28,3,4,5,12,Medium Value
10431,21,11,355409.8,4,5,4,13,High Value
10432,11,12,405476.37,4,5,5,14,High Value
10433,143,2,90555.63,1,1,1,3,At Risk
10434,1,12,295456.48,5,5,4,14,High Value
10435,7,6,219114.84,5,2,2,9,Low Value
10436,1,7,173677.1,5,2,2,9,Low Value
10437,13,8,363962.54000000004,4,3,4,11,Medium Value
10438,7,13,505869.3,5,5,5,15,High Value
10439,44,4,237180.72999999998,2,1,3,6,At Risk
10440,118,5,226561.49,1,1,3,5,At Risk
10441,92,8,150051.63999999998,1,3,1,5,At Risk
10442,93,3,141970.08000000002,1,1,1,3,At Risk
10443,46,7,293041.9,2,2,4,8,Low Value
10444,90,2,47740.23,1,1,1,3,At Risk
10445,258,6,189417.15,1,2,2,5,At Risk
10446,8,8,217414.65999999997,5,3,2,10,Medium Value
10447,127,4,203952.0,1,1,2,4,At Risk
10448,61,6,207922.77000000002,2,2,2,6,At Risk
10449,61,11,347076.98,2,5,4,11,Medium Value
10450,36,5,262965.66,3,1,3,7,Low Value
10451,5,12,322728.55,5,5,4,14,High Value
10452,75,9,503022.94,1,4,5,10,Medium Value
10453,28,11,374512.91000000003,3,5,5,13,High Value
10454,54,6,115186.01,2,2,1,5,At Risk
10455,32,8,317586.04,3,3,4,10,Medium Value
10456,35,12,587247.22,3,5,5,13,High Value
10457,42,9,263233.91000000003,2,4,3,9,Low Value
10458,31,11,365383.8,3,5,4,12,Medium Value
10459,53,7,247594.16,2,2,3,7,Low Value
10460,21,9,246639.46,4,4,3,11,Medium Value
10461,63,12,389759.71,2,5,5,12,Medium Value
10462,59,8,167696.38,2,3,2,7,Low Value
10463,19,9,263841.37,4,4,3,11,Medium Value
10464,36,4,108126.85,3,1,1,5,At Risk
10465,29,6,185746.82,3,2,2,7,Low Value
10466,17,12,385712.89,4,5,5,14,High Value
10467,47,7,234165.75,2,2,3,7,Low Value
10468,80,6,207327.91999999998,1,2,2,5,At Risk
10469,111,9,299303.03,1,4,4,9,Low Value
10470,0,10,226427.32,5,4,3,12,Medium Value
10471,26,9,153294.76,3,4,1,8,Low Value
10472,103,7,390722.99,1,2,5,8,Low Value
10473,69,5,194861.9,2,1,2,5,At Risk
10474,4,5,103486.68000000001,5,1,1,7,Low Value
10475,181,2,97312.04,1,1,1,3,At Risk
10476,47,10,166152.63,2,4,2,8,Low Value
10477,50,5,99532.35,2,1,1,4,At Risk
10478,5,5,142482.65,5,1,1,7,Low Value
10479,5,14,314748.9,5,5,4,14,High Value
10480,36,7,195246.4,3,2,2,7,Low Value
10481,55,9,279262.89,2,4,3,9,Low Value
10482,50,7,270796.24,2,2,3,7,Low Value
10483,4,10,261886.15,5,4,3,12,Medium Value
10484,48,7,112736.44,2,2,1,5,At Risk
10485,10,10,424287.0,4,4,5,13,High Value
10486,67,3,68995.63,2,1,1,4,At Risk
10487,9,10,284864.70999999996,4,4,3,11,Medium Value
10488,49,11,372955.38,2,5,5,12,Medium Value
10489,19,5,136544.19,4,1,1,6,At Risk
10490,108,6,307248.43,1,2,4,7,Low Value
10491,20,8,354383.55,4,3,4,11,Medium Value
10492,26,6,161019.6,3,2,1,6,At Risk
10493,29,7,182161.94,3,2,2,7,Low Value
10494,71,11,150299.03,2,5,1,8,Low Value
10495,37,13,484743.86,3,5,5,13,High Value
10496,73,3,52384.58,1,1,1,3,At Risk
10497,33,7,207984.93,3,2,2,7,Low Value
10498,34,11,197324.6,3,5,2,10,Medium Value
10499,13,8,80953.56,4,3,1,8,Low Value
10500,116,5,132520.25,1,1,1,3,At Risk
10501,69,10,474635.4,2,4,5,11,Medium Value
10502,78,8,163430.48,1,3,2,6,At Risk
10503,9,7,291502.6,4,2,4,10,Medium Value
10504,61,6,178209.84999999998,2,2,2,6,At Risk
10505,114,3,178653.71,1,1,2,4,At Risk
10506,26,9,238942.34,3,4,3,10,Medium Value
10507,63,11,607536.53,2,5,5,12,Medium Value
10508,12,7,264627.1,4,2,3,9,Low Value
10509,74,7,235954.51,1,2,3,6,At Risk
10510,25,11,258592.56,3,5,3,11,Medium Value
10511,17,12,230259.80000000002,4,5,3,12,Medium Value
10512,32,7,266629.9,3,2,3,8,Low Value
10513,201,3,199369.5,1,1,2,4,At Risk
10514,20,9,211740.98,4,4,2,10,Medium Value
10515,30,10,166996.94,3,4,2,9,Low Value
10516,102,6,180193.46,1,2,2,5,At Risk
10517,54,8,212442.65999999997,2,3,2,7,Low Value
10518,10,7,253228.2,4,2,3,9,Low Value
10519,44,11,289396.44,2,5,4,11,Medium Value
10520,6,6,192971.93,5,2,2,9,Low Value
10521,25,14,598989.91,3,5,5,13,High Value
10522,5,10,459606.56,5,4,5,14,High Value
10523,70,11,503192.33999999997,2,5,5,12,Medium Value
10524,71,7,163880.12,2,2,2,6,At Risk
10525,13,10,383522.82,4,4,5,13,High Value
10526,7,7,255847.26,5,2,3,10,Medium Value
10527,150,5,227197.01,1,1,3,5,At Risk
10528,34,11,360390.65,3,5,4,12,Medium Value
10529,118,11,195377.56,1,5,2,8,Low Value
10530,111,9,131980.51,1,4,1,6,At Risk
10531,35,13,446663.39,3,5,5,13,High Value
10532,1,7,85314.53,5,2,1,8,Low Value
10533,28,4,155124.64,3,1,1,5,At Risk
10534,8,6,156872.13,5,2,1,8,Low Value
10535,88,7,249977.8,1,2,3,6,At Risk
10536,89,10,313588.47,1,4,4,9,Low Value
10537,53,6,224190.83000000002,2,2,2,6,At Risk
10538,41,12,326185.35,2,5,4,11,Medium Value
10539,34,9,207045.88999999998,3,4,2,9,Low Value
10540,17,12,349013.46,4,5,4,13,High Value
10541,37,9,359184.46,3,4,4,11,Medium Value
10542,9,5,176988.9,4,1,2,7,Low Value
10543,148,4,152840.57,1,1,1,3,At Risk
10544,26,7,268194.91000000003,3,2,3,8,Low Value
10545,92,6,158193.71000000002,1,2,1,4,At Risk
10546,7,8,181687.94999999998,5,3,2,10,Medium Value
10547,10,9,249965.1,4,4,3,11,Medium Value
10548,39,5,224424.38,3,1,2,6,At Risk
10549,32,12,371298.69,3,5,5,13,High Value
10550,63,6,247834.88999999998,2,2,3,7,Low Value
10551,141,10,306907.69,1,4,4,9,Low Value
10552,4,10,323754.7,5,4,4,13,High Value
10553,16,12,436911.49,4,5,5,14,High Value
10554,96,6,69304.62999999999,1,2,1,4,At Risk
10555,9,9,282148.26,4,4,3,11,Medium Value
10556,25,11,295115.32,3,5,4,12,Medium Value
10557,105,8,191568.15,1,3,2,6,At Risk
10558,48,5,137823.98,2,1,1,4,At Risk
10559,13,5,215696.88,4,1,2,7,Low Value
10560,73,13,282156.76,1,5,3,9,Low Value
10561,30,14,376056.88,3,5,5,13,High Value
10562,7,8,192532.95,5,3,2,10,Medium Value
10563,8,10,374988.79,5,4,5,14,High Value
10564,21,9,364109.83,4,4,4,12,Medium Value
10565,8,9,167305.44,5,4,2,11,Medium Value
10566,46,8,375067.1,2,3,5,10,Medium Value
10567,45,8,245696.92,2,3,3,8,Low Value
10568,22,6,292190.22,3,2,4,9,Low Value
10569,39,12,239116.46,3,5,3,11,Medium Value
10570,24,11,474587.12,3,5,5,13,High Value
10571,5,10,310293.89,5,4,4,13,High Value
10572,93,8,452425.92,1,3,5,9,Low Value
10573,6,14,362143.6,5,5,4,14,High Value
10574,48,6,142302.18,2,2,1,5,At Risk
10575,57,8,171749.77,2,3,2,7,Low Value
10576,15,12,267987.58999999997,4,5,3,12,Medium Value
10577,61,5,85596.19,2,1,1,4,At Risk
10578,0,10,269067.3,5,4,3,12,Medium Value
10579,80,7,253789.41999999998,1,2,3,6,At Risk
10580,8,2,158598.7,5,1,1,7,Low Value
10581,65,4,104202.1,2,1,1,4,At Risk
10582,1,8,392618.5,5,3,5,13,High Value
10583,24,8,229611.17,3,3,3,9,Low Value
10584,29,11,246465.94,3,5,3,11,Medium Value
10585,14,12,342554.38,4,5,4,13,High Value
10586,269,1,10044.25,1,1,1,3,At Risk
10587,57,6,289076.62,2,2,4,8,Low Value
10588,0,12,303271.2,5,5,4,14,High Value
10589,36,9,292349.02,3,4,4,11,Medium Value
10590,43,11,397341.51,2,5,5,12,Medium Value
10591,24,12,194249.51,3,5,2,10,Medium Value
10592,132,6,200067.62,1,2,2,5,At Risk
10593,8,5,97034.19,5,1,1,7,Low Value
10594,11,7,287407.46,4,2,3,9,Low Value
10595,62,8,209027.03,2,3,2,7,Low Value
10596,21,12,288970.8,4,5,4,13,High Value
10597,34,2,152039.82,3,1,1,5,At Risk
10598,55,8,137441.66,2,3,1,6,At Risk
10599,12,12,389947.78,4,5,5,14,High Value
10600,50,10,214169.85,2,4,2,8,Low Value
10601,0,10,323706.44,5,4,4,13,High Value
10602,16,5,131637.34,4,1,1,6,At Risk
10603,0,9,452675.93,5,4,5,14,High Value
10604,32,6,161064.69999999998,3,2,1,6,At Risk
10605,28,9,224895.82,3,4,3,10,Medium Value
10606,83,5,171679.27,1,1,2,4,At Risk
10607,14,5,248651.95,4,1,3,8,Low Value
10608,12,4,118188.13,4,1,1,6,At Risk
10609,37,12,450184.51,3,5,5,13,High Value
10610,137,10,231525.59,1,4,3,8,Low Value
10611,31,10,307128.18,3,4,4,11,Medium Value
10612,19,12,385154.2,4,5,5,14,High Value
10613,57,6,182518.0,2,2,2,6,At Risk
10614,5,10,272425.81,5,4,3,12,Medium Value
10615,4,12,598903.76,5,5,5,15,High Value
10616,13,10,319230.01,4,4,4,12,Medium Value
10617,6,6,271720.43,5,2,3,10,Medium Value
10618,130,10,478801.01,1,4,5,10,Medium Value
10619,119,2,19077.37,1,1,1,3,At Risk
10620,84,5,115924.26999999999,1,1,1,3,At Risk
10621,3,8,253463.94,5,3,3,11,Medium Value
10622,5,12,498420.84,5,5,5,15,High Value
10623,4,16,471685.72,5,5,5,15,High Value
10624,37,7,169698.68,3,2,2,7,Low Value
10625,4,3,202978.08000000002,5,1,2,8,Low Value
10626,44,5,307544.91000000003,2,1,4,7,Low Value
10627,60,9,213615.21,2,4,2,8,Low Value
10628,183,6,393055.18,1,2,5,8,Low Value
10629,25,7,121783.92,3,2,1,6,At Risk
10630,23,10,388288.94,3,4,5,12,Medium Value
10631,47,14,502073.83,2,5,5,12,Medium Value
10632,10,8,199983.86,4,3,2,9,Low Value
10633,4,8,240539.43,5,3,3,11,Medium Value
10634,17,10,266241.38,4,4,3,11,Medium Value
10635,60,4,43502.71000000001,2,1,1,4,At Risk
10636,79,9,364918.63,1,4,4,9,Low Value
10637,72,10,408345.42000000004,1,4,5,10,Medium Value
10638,54,7,328020.85,2,2,4,8,Low Value
10639,40,5,120828.7,3,1,1,5,At Risk
10640,154,7,272611.57999999996,1,2,3,6,At Risk
10641,57,11,339122.16000000003,2,5,4,11,Medium Value
10642,42,6,129173.1,2,2,1,5,At Risk
10643,6,8,208883.84999999998,5,3,2,10,Medium Value
10644,16,5,340876.37,4,1,4,9,Low Value
10645,71,7,283153.45999999996,2,2,3,7,Low Value
10646,34,7,288721.07999999996,3,2,3,8,Low Value
10647,11,10,302725.55,4,4,4,12,Medium Value
10648,68,5,65040.56999999999,2,1,1,4,At Risk
10649,32,8,197246.05,3,3,2,8,Low Value
10650,52,5,209933.63,2,1,2,5,At Risk
10651,58,13,451421.45,2,5,5,12,Medium Value
10652,65,7,279479.35,2,2,3,7,Low Value
10653,0,7,108631.12,5,2,1,8,Low Value
10654,8,13,464379.42,5,5,5,15,High Value
10655,25,10,507773.87,3,4,5,12,Medium Value
10656,5,9,189813.03,5,4,2,11,Medium Value
10657,59,10,401322.66000000003,2,4,5,11,Medium Value
10658,55,7,179613.59,2,2,2,6,At Risk
10659,43,13,567880.14,2,5,5,12,Medium Value
10660,80,9,290565.68,1,4,4,9,Low Value
10661,1,18,606057.46,5,5,5,15,High Value
10662,35,9,230138.27,3,4,3,10,Medium Value
10663,9,15,364022.06,4,5,4,13,High Value
10664,8,7,212485.74000000002,5,2,2,9,Low Value
10665,13,5,127133.32,4,1,1,6,At Risk
10666,22,6,184940.08,3,2,2,7,Low Value
10667,163,3,157815.14,1,1,1,3,At Risk
10668,9,10,178649.77,4,4,2,10,Medium Value
10669,18,7,274358.45,4,2,3,9,Low Value
10670,99,5,102861.6,1,1,1,3,At Risk
10671,6,12,410652.48,5,5,5,15,High Value
10672,77,9,201891.71,1,4,2,7,Low Value
10673,60,5,220407.06,2,1,2,5,At Risk
10674,47,12,198338.39,2,5,2,9,Low Value
10675,4,8,259874.13,5,3,3,11,Medium Value
10676,98,4,119531.14,1,1,1,3,At Risk
10677,107,5,154112.75,1,1,1,3,At Risk
10678,13,9,327411.42,4,4,4,12,Medium Value
10679,4,5,126070.36,5,1,1,7,Low Value
10680,97,4,259428.43,1,1,3,5,At Risk
10681,19,11,359441.59,4,5,4,13,High Value
10682,40,9,212815.25,3,4,2,9,Low Value
10683,1,5,136310.91,5,1,1,7,Low Value
10684,110,8,440633.5,1,3,5,9,Low Value
10685,27,11,336939.7,3,5,4,12,Medium Value
10686,13,7,108724.83,4,2,1,7,Low Value
10687,52,8,247731.53,2,3,3,8,Low Value
10688,35,12,348477.22,3,5,4,12,Medium Value
10689,16,7,221800.42,4,2,2,8,Low Value
10690,17,16,539210.89,4,5,5,14,High Value
10691,52,7,189099.03,2,2,2,6,At Risk
10692,18,7,263856.4,4,2,3,9,Low Value
10693,24,7,149168.18,3,2,1,6,At Risk
10694,13,6,202849.93,4,2,2,8,Low Value
10695,14,11,423185.45,4,5,5,14,High Value
10696,18,11,377366.49,4,5,5,14,High Value
10697,63,6,110820.2,2,2,1,5,At Risk
10698,0,7,137307.46,5,2,1,8,Low Value
10699,26,9,212410.58000000002,3,4,2,9,Low Value
10700,3,9,206109.01,5,4,2,11,Medium Value
10701,55,8,258470.95,2,3,3,8,Low Value
10702,77,3,165395.65,1,1,2,4,At Risk
10703,124,5,186969.97,1,1,2,4,At Risk
10704,7,10,306090.82,5,4,4,13,High Value
10705,33,11,365497.05,3,5,4,12,Medium Value
10706,94,8,239520.51,1,3,3,7,Low Value
10707,23,6,223026.5,3,2,2,7,Low Value
10708,46,12,302181.23,2,5,4,11,Medium Value
10709,85,11,621474.16,1,5,5,11,Medium Value
10710,83,6,184535.66999999998,1,2,2,5,At Risk
10711,40,6,185078.66999999998,3,2,2,7,Low Value
10712,139,14,537366.23,1,5,5,11,Medium Value
10713,88,5,88217.0,1,1,1,3,At Risk
10714,39,8,192310.56,3,3,2,8,Low Value
10715,19,13,281123.83,4,5,3,12,Medium Value
10716,72,6,208140.56,1,2,2,5,At Risk
10717,13,7,188419.5,4,2,2,8,Low Value
10718,13,7,245026.78,4,2,3,9,Low Value
10719,1,12,318282.9,5,5,4,14,High Value
10720,16,13,396324.75,4,5,5,14,High Value
10721,15,15,689143.75,4,5,5,14,High Value
10722,48,11,367346.98,2,5,4,11,Medium Value
10723,45,11,553290.22,2,5,5,12,Medium Value
10724,35,7,174802.72,3,2,2,7,Low Value
10725,111,9,277053.49,1,4,3,8,Low Value
10726,87,7,245651.24,1,2,3,6,At Risk
10727,35,8,230547.06,3,3,3,9,Low Value
10728,73,6,265657.84,1,2,3,6,At Risk
10729,5,6,138846.2,5,2,1,8,Low Value
10730,169,8,143081.46,1,3,1,5,At Risk
10731,61,9,252596.9,2,4,3,9,Low Value
10732,14,11,273500.35000000003,4,5,3,12,Medium Value
10733,15,9,197502.91,4,4,2,10,Medium Value
10734,39,8,354625.4,3,3,4,10,Medium Value
10735,22,9,410820.36,3,4,5,12,Medium Value
10736,0,13,459668.09,5,5,5,15,High Value
10737,45,9,216572.82,2,4,2,8,Low Value
10738,8,6,140962.16,5,2,1,8,Low Value
10739,15,12,416691.61,4,5,5,14,High Value
10740,48,5,189619.18,2,1,2,5,At Risk
10741,199,6,218093.18,1,2,2,5,At Risk
10742,94,7,128951.29000000001,1,2,1,4,At Risk
10743,31,9,220329.27000000002,3,4,2,9,Low Value
10744,14,13,302602.54,4,5,4,13,High Value
10745,83,5,257748.94,1,1,3,5,At Risk
10746,60,4,288635.57,2,1,3,6,At Risk
10747,24,8,285638.72,3,3,3,9,Low Value
10748,40,5,172513.03,3,1,2,6,At Risk
10749,24,6,216158.69,3,2,2,7,Low Value
10750,57,8,200321.72999999998,2,3,2,7,Low Value
10751,46,10,362947.15,2,4,4,10,Medium Value
10752,76,8,317079.71,1,3,4,8,Low Value
10753,51,4,162373.84,2,1,2,5,At Risk
10754,3,9,232877.42,5,4,3,12,Medium Value
10755,80,12,518011.86,1,5,5,11,Medium Value
10756,27,9,319014.46,3,4,4,11,Medium Value
10757,14,9,247922.84000000003,4,4,3,11,Medium Value
10758,14,7,272716.89,4,2,3,9,Low Value
10759,6,12,452937.85,5,5,5,15,High Value
10760,48,11,649304.24,2,5,5,12,Medium Value
10761,33,4,159060.6,3,1,1,5,At Risk
10762,26,7,149877.51,3,2,1,6,At Risk
10763,23,10,204027.91999999998,3,4,2,9,Low Value
10764,45,6,225544.66,2,2,3,7,Low Value
10765,20,7,376481.75999999995,4,2,5,11,Medium Value
10766,102,5,202236.83000000002,1,1,2,4,At Risk
10767,26,8,307092.37,3,3,4,10,Medium Value
10768,13,4,91190.45999999999,4,1,1,6,At Risk
10769,3,8,179654.62,5,3,2,10,Medium Value
10770,10,8,200845.91,4,3,2,9,Low Value
10771,4,6,252403.86,5,2,3,10,Medium Value
10772,6,8,255743.9,5,3,3,11,Medium Value
10773,125,5,96008.33,1,1,1,3,At Risk
10774,8,6,122390.12000000001,5,2,1,8,Low Value
10775,27,9,486513.02,3,4,5,12,Medium Value
10776,7,9,146153.1,5,4,1,10,Medium Value
10777,104,6,97922.88,1,2,1,4,At Risk
10778,137,12,370395.38,1,5,5,11,Medium Value
10779,157,9,489713.36,1,4,5,10,Medium Value
10780,4,7,142097.89,5,2,1,8,Low Value
10781,49,5,109799.74,2,1,1,4,At Risk
10782,8,4,149304.9,5,1,1,7,Low Value
10783,58,4,196238.47,2,1,2,5,At Risk
10784,190,5,96766.95,1,1,1,3,At Risk
10785,14,10,440627.89999999997,4,4,5,13,High Value
10786,27,10,378520.89,3,4,5,12,Medium Value
10787,30,9,279995.53,3,4,3,10,Medium Value
10788,50,9,354375.23,2,4,4,10,Medium Value
10789,6,8,369241.07999999996,5,3,5,13,High Value
10790,94,9,165614.39,1,4,2,7,Low Value
10791,3,8,239280.98,5,3,3,11,Medium Value
10792,68,6,276197.87,2,2,3,7,Low Value
10793,3,8,394124.01,5,3,5,13,High Value
10794,83,7,162494.43,1,2,2,5,At Risk
10795,46,6,242875.2,2,2,3,7,Low Value
10796,72,6,109771.1,1,2,1,4,At Risk
10797,5,10,365500.78,5,4,4,13,High Value
10798,10,12,417753.28,4,5,5,14,High Value
10799,49,8,296183.42,2,3,4,9,Low Value
10800,42,12,543060.4,2,5,5,12,Medium Value
10801,12,7,175447.88999999998,4,2,2,8,Low Value
10802,92,4,123743.83,1,1,1,3,At Risk
10803,60,10,439017.78,2,4,5,11,Medium Value
10804,15,6,98016.63,4,2,1,7,Low Value
10805,45,8,198738.08000000002,2,3,2,7,Low Value
10806,81,3,40025.66,1,1,1,3,At Risk
10807,10,11,472837.41,4,5,5,14,High Value
10808,94,5,93409.58,1,1,1,3,At Risk
10809,14,8,339947.82,4,3,4,11,Medium Value
10810,51,8,388949.65,2,3,5,10,Medium Value
10811,3,8,186826.8,5,3,2,10,Medium Value
10812,7,19,510895.06,5,5,5,15,High Value
10813,68,3,149756.49,2,1,1,4,At Risk
10814,56,4,210084.35,2,1,2,5,At Risk
10815,8,12,388847.48,5,5,5,15,High Value
10816,10,6,142060.24,4,2,1,7,Low Value
10817,25,9,253211.18000000002,3,4,3,10,Medium Value
10818,36,4,252699.36,3,1,3,7,Low Value
10819,25,11,425622.0,3,5,5,13,High Value
10820,30,11,362766.1,3,5,4,12,Medium Value
10821,18,9,424873.57,4,4,5,13,High Value
10822,62,7,148356.98,2,2,1,5,At Risk
10823,6,9,248453.74,5,4,3,12,Medium Value
10824,8,7,301320.9,5,2,4,11,Medium Value
10825,132,8,311102.39,1,3,4,8,Low Value
10826,21,10,401061.32,4,4,5,13,High Value
10827,1,14,522060.95,5,5,5,15,High Value
10828,4,5,134747.32,5,1,1,7,Low Value
10829,88,8,111407.26,1,3,1,5,At Risk
10830,45,15,443298.4,2,5,5,12,Medium Value
10831,25,8,273441.29,3,3,3,9,Low Value
10832,41,9,171824.01,2,4,2,8,Low Value
10833,66,6,179931.93,2,2,2,6,At Risk
10834,111,6,146764.71,1,2,1,4,At Risk
10835,29,5,136628.21,3,1,1,5,At Risk
10836,60,11,202666.82,2,5,2,9,Low Value
10837,1,7,364424.57,5,2,4,11,Medium Value
10838,6,5,131795.7,5,1,1,7,Low Value
10839,8,16,636541.28,5,5,5,15,High Value
10840,10,12,232265.0,4,5,3,12,Medium Value
10841,9,7,144788.81,4,2,1,7,Low Value
10842,67,9,249161.97999999998,2,4,3,9,Low Value
10843,60,8,228770.61000000002,2,3,3,8,Low Value
10844,154,4,97596.63,1,1,1,3,At Risk
10845,43,10,303174.79,2,4,4,10,Medium Value
10846,90,9,153104.3,1,4,1,6,At Risk
10847,17,10,322023.59,4,4,4,12,Medium Value
10848,133,5,100187.27,1,1,1,3,At Risk
10849,18,11,334528.49,4,5,4,13,High Value
10850,4,11,293168.57,5,5,4,14,High Value
10851,90,10,377447.19,1,4,5,10,Medium Value
10852,46,6,142185.46,2,2,1,5,At Risk
10853,4,9,320079.1,5,4,4,13,High Value
10854,7,14,418837.82,5,5,5,15,High Value
10855,52,9,320503.39,2,4,4,10,Medium Value
10856,40,9,234983.16,3,4,3,10,Medium Value
10857,6,9,302622.33,5,4,4,13,High Value
10858,21,14,402873.8,4,5,5,14,High Value
10859,26,7,156631.88999999998,3,2,1,6,At Risk
10860,61,6,174424.06,2,2,2,6,At Risk
10861,16,8,137538.66,4,3,1,8,Low Value
10862,24,5,130552.84,3,1,1,5,At Risk
10863,24,14,520880.01,3,5,5,13,High Value
10864,4,11,288332.61,5,5,3,13,High Value
10865,42,11,379676.45999999996,2,5,5,12,Medium Value
10866,17,12,349875.2,4,5,4,13,High Value
10867,59,11,416044.41,2,5,5,12,Medium Value
10868,10,7,316289.09,4,2,4,10,Medium Value
10869,17,8,230782.31,4,3,3,10,Medium Value
10870,44,5,236720.73,2,1,3,6,At Risk
10871,28,8,232017.37,3,3,3,9,Low Value
10872,72,7,229652.82,1,2,3,6,At Risk
10873,16,10,268796.92,4,4,3,11,Medium Value
10874,15,13,449686.33,4,5,5,14,High Value
10875,71,3,55565.03,2,1,1,4,At Risk
10876,27,8,261508.64,3,3,3,9,Low Value
10877,56,8,268873.73,2,3,3,8,Low Value
10878,4,5,82591.11,5,1,1,7,Low Value
10879,43,6,119087.86,2,2,1,5,At Risk
10880,32,2,117586.14,3,1,1,5,At Risk
10881,27,7,146565.24,3,2,1,6,At Risk
10882,4,9,343338.23,5,4,4,13,High Value
10883,17,9,473002.08999999997,4,4,5,13,High Value
10884,27,3,276977.55,3,1,3,7,Low Value
10885,5,7,39938.59,5,2,1,8,Low Value
10886,14,8,267385.04,4,3,3,10,Medium Value
10887,42,12,247758.69,2,5,3,10,Medium Value
10888,17,7,330558.36,4,2,4,10,Medium Value
10889,10,9,231841.35,4,4,3,11,Medium Value
10890,1,7,233576.36000000002,5,2,3,10,Medium Value
10891,48,4,171853.31,2,1,2,5,At Risk
10892,3,8,200833.81,5,3,2,10,Medium Value
10893,2,5,262723.08,5,1,3,9,Low Value
10894,56,5,188171.75,2,1,2,5,At Risk
10895,21,6,167785.01,4,2,2,8,Low Value
10896,18,7,286252.86,4,2,3,9,Low Value
10897,10,11,320719.84,4,5,4,13,High Value
10898,43,7,102561.11,2,2,1,5,At Risk
10899,150,3,50814.82,1,1,1,3,At Risk
10900,13,10,309642.52,4,4,4,12,Medium Value
10901,15,11,373745.77999999997,4,5,5,14,High Value
10902,55,12,272783.76,2,5,3,10,Medium Value
10903,44,4,135372.36,2,1,1,4,At Risk
10904,32,9,339743.01,3,4,4,11,Medium Value
10905,88,4,105071.37,1,1,1,3,At Risk
10906,39,12,416727.07,3,5,5,13,High Value
10907,125,6,335956.61,1,2,4,7,Low Value
10908,132,11,278462.2,1,5,3,9,Low Value
10909,139,8,143832.13,1,3,1,5,At Risk
10910,66,8,261848.07,2,3,3,8,Low Value
10911,11,12,432575.25,4,5,5,14,High Value
10912,4,6,159786.59,5,2,1,8,Low Value
10913,48,13,502281.75,2,5,5,12,Medium Value
10914,11,11,320501.43,4,5,4,13,High Value
10915,18,8,176191.62,4,3,2,9,Low Value
10916,34,7,206989.05,3,2,2,7,Low Value
10917,119,6,271907.36,1,2,3,6,At Risk
10918,114,5,236518.66999999998,1,1,3,5,At Risk
10919,38,13,319207.22,3,5,4,12,Medium Value
10920,4,5,110858.44,5,1,1,7,Low Value
10921,152,9,318320.54,1,4,4,9,Low Value
10922,0,7,301356.01,5,2,4,11,Medium Value
10923,112,6,186030.56,1,2,2,5,At Risk
10924,26,2,35857.86,3,1,1,5,At Risk
10925,12,11,426714.01,4,5,5,14,High Value
10926,13,10,358755.07,4,4,4,12,Medium Value
10927,18,7,177628.18,4,2,2,8,Low Value
10928,20,13,605032.44,4,5,5,14,High Value
10929,83,6,165195.7,1,2,2,5,At Risk
10930,0,7,222938.35,5,2,2,9,Low Value
10931,170,4,136057.08,1,1,1,3,At Risk
10932,85,8,338913.98,1,3,4,8,Low Value
10933,0,8,306124.09,5,3,4,12,Medium Value
10934,5,5,194459.54,5,1,2,8,Low Value
10935,15,10,327019.74,4,4,4,12,Medium Value
10936,80,8,133023.78,1,3,1,5,At Risk
10937,157,5,139398.86,1,1,1,3,At Risk
10938,39,12,369819.06,3,5,5,13,High Value
10939,14,11,382523.4,4,5,5,14,High Value
10940,123,5,246105.88999999998,1,1,3,5,At Risk
10941,49,7,334308.57,2,2,4,8,Low Value
10942,27,13,534254.63,3,5,5,13,High Value
10943,36,10,331366.41000000003,3,4,4,11,Medium Value
10944,88,8,280743.8,1,3,3,7,Low Value
10945,30,7,242720.94999999998,3,2,3,8,Low Value
10946,20,10,346630.54000000004,4,4,4,12,Medium Value
10947,91,4,51203.57,1,1,1,3,At Risk
10948,108,6,213701.26,1,2,2,5,At Risk
10949,133,6,324509.28,1,2,4,7,Low Value
10950,87,4,127299.52,1,1,1,3,At Risk
10951,73,7,145186.78,1,2,1,4,At Risk
10952,7,11,400859.69,5,5,5,15,High Value
10953,34,5,132977.02,3,1,1,5,At Risk
10954,9,8,323588.91,4,3,4,11,Medium Value
10955,14,10,267115.94,4,4,3,11,Medium Value
10956,7,10,281156.85,5,4,3,12,Medium Value
10957,118,7,135329.65,1,2,1,4,At Risk
10958,71,9,332318.97,2,4,4,10,Medium Value
10959,171,3,173898.54,1,1,2,4,At Risk
10960,11,7,268663.25,4,2,3,9,Low Value
10961,16,6,111955.36,4,2,1,7,Low Value
10962,34,3,155852.81,3,1,1,5,At Risk
10963,11,9,196411.78999999998,4,4,2,10,Medium Value
10964,5,9,275462.33,5,4,3,12,Medium Value
10965,12,10,220272.46999999997,4,4,2,10,Medium Value
10966,17,11,173677.75,4,5,2,11,Medium Value
10967,14,11,338679.48,4,5,4,13,High Value
10968,88,6,200196.34,1,2,2,5,At Risk
10969,161,6,230536.66999999998,1,2,3,6,At Risk
10970,45,5,306928.38,2,1,4,7,Low Value
10971,58,7,239587.21,2,2,3,7,Low Value
10972,8,7,238969.57,5,2,3,10,Medium Value
10973,29,11,485143.81000000006,3,5,5,13,High Value
10974,4,8,298886.22000000003,5,3,4,12,Medium Value
10975,27,5,89654.09,3,1,1,5,At Risk
10976,30,7,288047.5,3,2,3,8,Low Value
10977,79,12,308295.89,1,5,4,10,Medium Value
10978,11,10,347862.82999999996,4,4,4,12,Medium Value
10979,215,4,92878.62999999999,1,1,1,3,At Risk
10980,12,9,335235.04,4,4,4,12,Medium Value
10981,46,9,159276.77,2,4,1,7,Low Value
10982,61,12,281809.43,2,5,3,10,Medium Value
10983,59,7,147516.39,2,2,1,5,At Risk
10984,34,5,300348.76999999996,3,1,4,8,Low Value
10985,67,6,174417.03,2,2,2,6,At Risk
10986,64,6,116565.94,2,2,1,5,At Risk
10987,20,10,276035.33999999997,4,4,3,11,Medium Value
10988,19,16,607586.41,4,5,5,14,High Value
10989,15,8,343362.61,4,3,4,11,Medium Value
10990,3,5,278410.08,5,1,3,9,Low Value
10991,39,12,533187.1,3,5,5,13,High Value
10992,5,8,149765.65,5,3,1,9,Low Value
10993,2,7,213696.34,5,2,2,9,Low Value
10994,31,5,102779.17,3,1,1,5,At Risk
10995,75,6,113108.45,1,2,1,4,At Risk
10996,4,6,256957.71000000002,5,2,3,10,Medium Value
10997,29,11,440410.82,3,5,5,13,High Value
10998,9,13,488207.8,4,5,5,14,High Value
10999,3,10,182227.41,5,4,2,11,Medium Value
11000,88,5,241218.55,1,1,3,5,At Risk
11001,19,8,175681.77000000002,4,3,2,9,Low Value
11002,10,10,601682.91,4,4,5,13,High Value
11003,20,14,320365.83999999997,4,5,4,13,High Value
11004,53,7,145734.66,2,2,1,5,At Risk
11005,34,7,319437.94,3,2,4,9,Low Value
11006,106,7,118545.85,1,2,1,4,At Risk
11007,21,7,323982.67,4,2,4,10,Medium Value
11008,37,6,239731.7,3,2,3,8,Low Value
11009,77,9,439378.79,1,4,5,10,Medium Value
11010,2,7,133414.19,5,2,1,8,Low Value
11011,39,8,268300.71,3,3,3,9,Low Value
11012,7,8,302086.68,5,3,4,12,Medium Value
11013,7,15,369359.96,5,5,5,15,High Value
11014,14,9,135391.28,4,4,1,9,Low Value
11015,8,9,452974.36,5,4,5,14,High Value
11016,1,9,183488.16999999998,5,4,2,11,Medium Value
11017,16,15,739379.27,4,5,5,14,High Value
11018,0,6,161745.07,5,2,1,8,Low Value
11019,54,8,224016.85,2,3,2,7,Low Value
11020,6,12,432710.34,5,5,5,15,High Value
11021,0,11,284454.69,5,5,3,13,High Value
11022,4,8,191893.7,5,3,2,10,Medium Value
11023,20,10,473147.2,4,4,5,13,High Value
11024,1,8,157102.58000000002,5,3,1,9,Low Value
11025,46,9,257333.94,2,4,3,9,Low Value
11026,6,9,302398.5,5,4,4,13,High Value
11027,24,11,300597.73,3,5,4,12,Medium Value
11028,12,12,467267.51,4,5,5,14,High Value
11029,64,6,204437.21000000002,2,2,2,6,At Risk
11030,0,15,606645.79,5,5,5,15,High Value
11031,63,12,454296.45999999996,2,5,5,12,Medium Value
11032,88,5,161846.47999999998,1,1,2,4,At Risk
11033,0,10,416929.56,5,4,5,14,High Value
11034,79,8,179400.31,1,3,2,6,At Risk
11035,23,9,176699.44,3,4,2,9,Low Value
11036,79,5,74832.34,1,1,1,3,At Risk
11037,21,8,220798.41999999998,4,3,2,9,Low Value
11038,67,7,272059.83,2,2,3,7,Low Value
11039,144,1,54581.4,1,1,1,3,At Risk
11040,23,7,155250.18,3,2,1,6,At Risk
11041,33,11,427134.53,3,5,5,13,High Value
11042,1,11,188260.08000000002,5,5,2,12,Medium Value
11043,2,10,184451.96,5,4,2,11,Medium Value
11044,136,4,148030.13999999998,1,1,1,3,At Risk
11045,6,11,316169.6,5,5,4,14,High Value
11046,61,5,78542.51000000001,2,1,1,4,At Risk
11047,8,14,338692.39,5,5,4,14,High Value
11048,70,5,117299.97,2,1,1,4,At Risk
11049,54,8,209848.5,2,3,2,7,Low Value
11050,40,11,429695.23,3,5,5,13,High Value
11051,103,5,239996.12,1,1,3,5,At Risk
11052,163,3,38958.369999999995,1,1,1,3,At Risk
11053,51,9,339127.44,2,4,4,10,Medium Value
11054,70,10,312688.79000000004,2,4,4,10,Medium Value
11055,4,10,492204.23,5,4,5,14,High Value
11056,29,9,408894.06,3,4,5,12,Medium Value
11057,18,9,330929.77,4,4,4,12,Medium Value
11058,4,7,455876.39,5,2,5,12,Medium Value
11059,3,11,417852.58,5,5,5,15,High Value
11060,103,6,263200.95,1,2,3,6,At Risk
11061,50,5,88634.86,2,1,1,4,At Risk
11062,41,6,234087.69,2,2,3,7,Low Value
11063,115,4,174538.39,1,1,2,4,At Risk
11064,43,6,251496.23,2,2,3,7,Low Value
11065,52,5,79713.44,2,1,1,4,At Risk
11066,13,4,118108.79999999999,4,1,1,6,At Risk
11067,13,12,350814.5,4,5,4,13,High Value
11068,50,8,150821.93,2,3,1,6,At Risk
11069,61,7,230233.47,2,2,3,7,Low Value
11070,19,10,342291.71,4,4,4,12,Medium Value
11071,89,3,74591.09,1,1,1,3,At Risk
11072,47,8,170284.17,2,3,2,7,Low Value
11073,10,13,529866.91,4,5,5,14,High Value
11074,4,6,228649.06,5,2,3,10,Medium Value
11075,10,6,223671.97999999998,4,2,2,8,Low Value
11076,33,5,219556.34,3,1,2,6,At Risk
11077,5,10,223547.97,5,4,2,11,Medium Value
11078,159,11,357618.86,1,5,4,10,Medium Value
11079,3,13,409269.66000000003,5,5,5,15,High Value
11080,1,12,323369.32,5,5,4,14,High Value
11081,73,6,77047.42,1,2,1,4,At Risk
11082,19,6,184140.12,4,2,2,8,Low Value
11083,8,11,528105.1699999999,5,5,5,15,High Value
11084,12,10,245164.23,4,4,3,11,Medium Value
11085,113,7,212384.02000000002,1,2,2,5,At Risk
11086,65,9,246075.2,2,4,3,9,Low Value
11087,9,6,254698.35000000003,4,2,3,9,Low Value
11088,14,7,225607.88,4,2,3,9,Low Value
11089,102,8,405576.67,1,3,5,9,Low Value
11090,8,10,345254.54000000004,5,4,4,13,High Value
11091,43,2,77397.43,2,1,1,4,At Risk
11092,45,11,240939.96000000002,2,5,3,10,Medium Value
11093,23,11,233543.1,3,5,3,11,Medium Value
11094,7,5,136194.67,5,1,1,7,Low Value
11095,25,8,278165.35,3,3,3,9,Low Value
11096,51,9,212030.07,2,4,2,8,Low Value
11097,37,1,25335.02,3,1,1,5,At Risk
11098,74,8,282566.77,1,3,3,7,Low Value
11099,83,3,113048.97,1,1,1,3,At Risk
11100,45,13,253280.07,2,5,3,10,Medium Value
11101,41,6,305386.86,2,2,4,8,Low Value
11102,53,9,291707.2,2,4,4,10,Medium Value
11103,30,12,563954.8,3,5,5,13,High Value
11104,73,5,277774.57,1,1,3,5,At Risk
11105,70,10,299774.65,2,4,4,10,Medium Value
11106,39,9,236923.95,3,4,3,10,Medium Value
11107,46,5,161695.55000000002,2,1,1,4,At Risk
11108,38,10,428131.42000000004,3,4,5,12,Medium Value
11109,19,11,419179.32,4,5,5,14,High Value
11110,14,3,16582.11,4,1,1,6,At Risk
11111,40,4,108567.95,3,1,1,5,At Risk
11112,139,7,95141.69,1,2,1,4,At Risk
11113,73,10,283769.55,1,4,3,8,Low Value
11114,76,7,235766.08000000002,1,2,3,6,At Risk
11115,12,8,230056.58000000002,4,3,3,10,Medium Value
11116,6,10,377135.21,5,4,5,14,High Value
11117,83,12,515116.4,1,5,5,11,Medium Value
11118,40,6,135703.2,3,2,1,6,At Risk
11119,7,6,143120.47,5,2,1,8,Low Value
11120,23,12,325824.35,3,5,4,12,Medium Value
11121,40,7,186387.49,3,2,2,7,Low Value
11122,23,7,92001.20999999999,3,2,1,6,At Risk
11123,11,7,239828.99000000002,4,2,3,9,Low Value
11124,4,7,168354.59,5,2,2,9,Low Value
11125,56,7,243977.79,2,2,3,7,Low Value
11126,55,7,154292.68,2,2,1,5,At Risk
11127,8,7,265630.45999999996,5,2,3,10,Medium Value
11128,76,7,183091.65999999997,1,2,2,5,At Risk
11129,84,7,253075.24999999997,1,2,3,6,At Risk
11130,15,6,163568.66999999998,4,2,2,8,Low Value
11131,101,8,463578.52,1,3,5,9,Low Value
11132,10,11,357328.15,4,5,4,13,High Value
11133,15,6,210776.88,4,2,2,8,Low Value
11134,148,2,165004.45,1,1,2,4,At Risk
11135,61,8,396737.41000000003,2,3,5,10,Medium Value
11136,201,1,25982.88,1,1,1,3,At Risk
11137,40,10,552359.34,3,4,5,12,Medium Value
11138,12,15,456438.91000000003,4,5,5,14,High Value
11139,35,8,441973.31,3,3,5,11,Medium Value
11140,7,9,318068.35,5,4,4,13,High Value
11141,23,8,196206.81,3,3,2,8,Low Value
11142,5,10,339645.79,5,4,4,13,High Value
11143,117,7,290038.16,1,2,4,7,Low Value
11144,43,10,411485.78,2,4,5,11,Medium Value
11145,70,6,194441.85,2,2,2,6,At Risk
11146,6,7,368523.06,5,2,4,11,Medium Value
11147,31,9,252638.46,3,4,3,10,Medium Value
11148,56,7,192444.91999999998,2,2,2,6,At Risk
11149,23,5,185928.95,3,1,2,6,At Risk
11150,97,10,227060.03,1,4,3,8,Low Value
11151,103,3,48965.200000000004,1,1,1,3,At Risk
11152,22,5,100344.87,3,1,1,5,At Risk
11153,78,4,92946.41,1,1,1,3,At Risk
11154,165,7,199355.51,1,2,2,5,At Risk
11155,1,10,340513.8,5,4,4,13,High Value
11156,106,6,115442.96,1,2,1,4,At Risk
11157,88,3,177726.16,1,1,2,4,At Risk
11158,11,9,179852.2,4,4,2,10,Medium Value
11159,10,9,336033.74,4,4,4,12,Medium Value
11160,46,6,265799.54,2,2,3,7,Low Value
11161,24,6,259328.14,3,2,3,8,Low Value
11162,39,10,286694.2,3,4,3,10,Medium Value
11163,29,9,205188.41,3,4,2,9,Low Value
11164,62,8,216907.69,2,3,2,7,Low Value
11165,72,7,204647.32,1,2,2,5,At Risk
11166,22,8,155776.19,3,3,1,7,Low Value
11167,42,16,735389.66,2,5,5,12,Medium Value
11168,95,4,109809.5,1,1,1,3,At Risk
11169,0,12,263559.09,5,5,3,13,High Value
11170,8,13,482538.32,5,5,5,15,High Value
11171,40,8,332464.21,3,3,4,10,Medium Value
11172,43,13,415291.18,2,5,5,12,Medium Value
11173,42,9,335648.08999999997,2,4,4,10,Medium Value
11174,2,12,326574.6,5,5,4,14,High Value
11175,13,6,69818.48,4,2,1,7,Low Value
11176,83,9,290577.73,1,4,4,9,Low Value
11177,175,6,275309.61,1,2,3,6,At Risk
11178,11,8,290879.75,4,3,4,11,Medium Value
11179,4,18,590214.62,5,5,5,15,High Value
11180,5,10,272914.98,5,4,3,12,Medium Value
11181,63,10,336859.97000000003,2,4,4,10,Medium Value
11182,17,5,75211.37,4,1,1,6,At Risk
11183,57,5,242290.88,2,1,3,6,At Risk
11184,16,10,397887.22000000003,4,4,5,13,High Value
11185,25,17,451815.97000000003,3,5,5,13,High Value
11186,77,10,256644.03,1,4,3,8,Low Value
11187,8,12,399625.52,5,5,5,15,High Value
11188,64,8,200810.56,2,3,2,7,Low Value
11189,64,10,412181.76,2,4,5,11,Medium Value
11190,25,10,237391.02,3,4,3,10,Medium Value
11191,35,9,183860.62,3,4,2,9,Low Value
11192,3,14,551560.79,5,5,5,15,High Value
11193,94,4,213443.15000000002,1,1,2,4,At Risk
11194,46,10,271047.92,2,4,3,9,Low Value
11195,37,6,348002.05,3,2,4,9,Low Value
11196,32,15,586469.56,3,5,5,13,High Value
11197,74,7,254421.38,1,2,3,6,At Risk
11198,44,7,156204.42,2,2,1,5,At Risk
11199,0,5,155100.55,5,1,1,7,Low Value
11200,159,12,427115.46,1,5,5,11,Medium Value
11201,124,7,381065.5,1,2,5,8,Low Value
11202,90,8,170108.64,1,3,2,6,At Risk
11203,22,12,437045.52,3,5,5,13,High Value
11204,48,8,325723.62,2,3,4,9,Low Value
11205,48,13,388228.9,2,5,5,12,Medium Value
11206,64,8,192172.32,2,3,2,7,Low Value
11207,20,6,158167.71,4,2,1,7,Low Value
11208,30,8,225394.16,3,3,3,9,Low Value
11209,13,10,428672.43,4,4,5,13,High Value
11210,43,9,190721.7,2,4,2,8,Low Value
11211,1,9,286885.80000000005,5,4,3,12,Medium Value
11212,5,10,269472.18,5,4,3,12,Medium Value
11213,103,12,334237.73,1,5,4,10,Medium Value
11214,37,9,260301.63999999998,3,4,3,10,Medium Value
11215,8,11,538859.95,5,5,5,15,High Value
11216,28,10,393259.8,3,4,5,12,Medium Value
11217,56,8,213400.0,2,3,2,7,Low Value
11218,14,7,263185.01,4,2,3,9,Low Value
11219,54,7,152152.79,2,2,1,5,At Risk
11220,25,15,628470.77,3,5,5,13,High Value
11221,32,11,273763.27,3,5,3,11,Medium Value
11222,103,4,116258.45999999999,1,1,1,3,At Risk
11223,21,11,273988.22000000003,4,5,3,12,Medium Value
11224,14,6,166098.35,4,2,2,8,Low Value
11225,5,20,634070.22,5,5,5,15,High Value
11226,34,8,253265.74,3,3,3,9,Low Value
11227,166,6,437147.29,1,2,5,8,Low Value
11228,6,20,485509.79,5,5,5,15,High Value
11229,23,16,574394.69,3,5,5,13,High Value
11230,11,13,481702.66000000003,4,5,5,14,High Value
11231,27,7,224580.42,3,2,2,7,Low Value
11232,55,6,123641.20000000001,2,2,1,5,At Risk
11233,20,12,326958.38,4,5,4,13,High Value
11234,17,11,454653.41,4,5,5,14,High Value
11235,42,7,187887.11000000002,2,2,2,6,At Risk
11236,25,11,393860.83999999997,3,5,5,13,High Value
11237,0,13,384681.58,5,5,5,15,High Value
11238,26,10,285915.51,3,4,3,10,Medium Value
11239,113,7,265434.22,1,2,3,6,At Risk
11240,142,10,283296.34,1,4,3,8,Low Value
11241,2,9,386201.14,5,4,5,14,High Value
11242,35,6,370340.79000000004,3,2,5,10,Medium Value
11243,99,4,81549.66999999998,1,1,1,3,At Risk
11244,18,9,368134.52,4,4,4,12,Medium Value
11245,13,12,355072.64,4,5,4,13,High Value
11246,3,13,283865.95,5,5,3,13,High Value
11247,12,8,362531.8,4,3,4,11,Medium Value
11248,5,9,382261.76,5,4,5,14,High Value
11249,154,5,273085.65,1,1,3,5,At Risk
11250,49,6,213094.22,2,2,2,6,At Risk
11251,19,8,204199.08,4,3,2,9,Low Value
11252,34,12,295277.96,3,5,4,12,Medium Value
11253,13,7,336552.71,4,2,4,10,Medium Value
11254,17,10,286365.16000000003,4,4,3,11,Medium Value
11255,12,10,333973.49,4,4,4,12,Medium Value
11256,153,5,141370.35,1,1,1,3,At Risk
11257,20,5,233781.72999999998,4,1,3,8,Low Value
11258,138,7,225202.87,1,2,3,6,At Risk
11259,52,9,158718.19999999998,2,4,1,7,Low Value
11260,86,6,293421.54000000004,1,2,4,7,Low Value
11261,50,10,546310.3300000001,2,4,5,11,Medium Value
11262,1,8,223765.67,5,3,2,10,Medium Value
11263,92,9,298256.37,1,4,4,9,Low Value
11264,7,12,491285.45999999996,5,5,5,15,High Value
11265,91,8,308481.11,1,3,4,8,Low Value
11266,3,5,133146.86,5,1,1,7,Low Value
11267,41,12,386254.24,2,5,5,12,Medium Value
11268,10,8,180748.14,4,3,2,9,Low Value
11269,51,6,185251.43,2,2,2,6,At Risk
11270,4,7,131315.1,5,2,1,8,Low Value
11271,54,5,87300.61,2,1,1,4,At Risk
11272,121,9,259309.11,1,4,3,8,Low Value
11273,19,4,90897.89,4,1,1,6,At Risk
11274,95,7,161646.71,1,2,1,4,At Risk
11275,7,9,200224.8,5,4,2,11,Medium Value
11276,23,7,184667.28,3,2,2,7,Low Value
11277,49,10,259775.19,2,4,3,9,Low Value
11278,82,5,74846.39,1,1,1,3,At Risk
11279,32,9,258431.71,3,4,3,10,Medium Value
11280,3,10,295431.0,5,4,4,13,High Value
11281,10,9,235991.72,4,4,3,11,Medium Value
11282,161,7,191308.11000000002,1,2,2,5,At Risk
11283,41,8,347422.56,2,3,4,9,Low Value
11284,53,10,410165.33,2,4,5,11,Medium Value
11285,5,9,351712.43,5,4,4,13,High Value
11286,58,5,188311.84,2,1,2,5,At Risk
11287,2,12,408960.83,5,5,5,15,High Value
11288,48,8,161510.13,2,3,1,6,At Risk
11289,3,8,322641.0,5,3,4,12,Medium Value
11290,10,14,505316.82,4,5,5,14,High Value
11291,5,8,170847.08000000002,5,3,2,10,Medium Value
11292,11,14,317232.42,4,5,4,13,High Value
11293,19,11,259755.21,4,5,3,12,Medium Value
11294,84,5,163154.34,1,1,2,4,At Risk
11295,39,8,233308.73,3,3,3,9,Low Value
11296,29,8,330817.18,3,3,4,10,Medium Value
11297,29,6,156908.87,3,2,1,6,At Risk
11298,14,10,212117.43,4,4,2,10,Medium Value
11299,50,8,244813.16999999998,2,3,3,8,Low Value
11300,120,5,129020.3,1,1,1,3,At Risk
11301,3,11,336580.75,5,5,4,14,High Value
11302,46,10,133451.48,2,4,1,7,Low Value
11303,56,7,394636.7,2,2,5,9,Low Value
11304,76,8,306318.24,1,3,4,8,Low Value
11305,4,7,318064.12,5,2,4,11,Medium Value
11306,74,6,180650.34,1,2,2,5,At Risk
11307,9,7,187470.56,4,2,2,8,Low Value
11308,60,9,180629.51,2,4,2,8,Low Value
11309,62,4,92357.2,2,1,1,4,At Risk
11310,76,6,179331.54,1,2,2,5,At Risk
11311,80,9,308498.45999999996,1,4,4,9,Low Value
11312,12,9,194001.81,4,4,2,10,Medium Value
11313,4,8,163650.4,5,3,2,10,Medium Value
11314,71,6,145852.7,2,2,1,5,At Risk
11315,34,7,236576.93000000002,3,2,3,8,Low Value
11316,27,11,488066.42,3,5,5,13,High Value
11317,59,7,131902.5,2,2,1,5,At Risk
11318,43,9,214572.21,2,4,2,8,Low Value
11319,58,5,124115.16,2,1,1,4,At Risk
11320,17,14,579350.05,4,5,5,14,High Value
11321,104,11,350264.22,1,5,4,10,Medium Value
11322,34,6,233630.45,3,2,3,8,Low Value
11323,136,3,54959.340000000004,1,1,1,3,At Risk
11324,26,8,282591.3,3,3,3,9,Low Value
11325,26,12,670512.26,3,5,5,13,High Value
11326,35,11,305619.94,3,5,4,12,Medium Value
11327,28,6,209133.40000000002,3,2,2,7,Low Value
11328,47,10,405120.2,2,4,5,11,Medium Value
11329,30,7,189786.31,3,2,2,7,Low Value
11330,13,9,456891.75,4,4,5,13,High Value
11331,71,3,139864.41999999998,2,1,1,4,At Risk
11332,114,11,526760.6,1,5,5,11,Medium Value
11333,30,6,100884.7,3,2,1,6,At Risk
11334,27,9,420802.03,3,4,5,12,Medium Value
11335,29,8,96944.52,3,3,1,7,Low Value
11336,16,11,209081.65,4,5,2,11,Medium Value
11337,23,11,410475.24,3,5,5,13,High Value
11338,10,12,256706.47,4,5,3,12,Medium Value
11339,35,7,311715.91000000003,3,2,4,9,Low Value
11340,1,7,176941.39,5,2,2,9,Low Value
11341,89,14,521763.64999999997,1,5,5,11,Medium Value
11342,26,9,282671.64,3,4,3,10,Medium Value
11343,39,8,262562.64999999997,3,3,3,9,Low Value
11344,92,9,309012.35000000003,1,4,4,9,Low Value
11345,24,11,411642.59,3,5,5,13,High Value
11346,11,10,348596.52,4,4,4,12,Medium Value
11347,5,9,251833.51,5,4,3,12,Medium Value
11348,7,10,179118.41,5,4,2,11,Medium Value
11349,29,6,214639.39,3,2,2,7,Low Value
11350,236,5,149128.75,1,1,1,3,At Risk
11351,56,9,412911.62,2,4,5,11,Medium Value
11352,19,9,212265.44,4,4,2,10,Medium Value
11353,107,4,65502.69,1,1,1,3,At Risk
11354,14,9,238938.21,4,4,3,11,Medium Value
11355,9,18,664444.03,4,5,5,14,High Value
11356,9,9,154215.47,4,4,1,9,Low Value
11357,8,13,334759.03,5,5,4,14,High Value
11358,45,8,414812.41000000003,2,3,5,10,Medium Value
11359,35,8,171095.66,3,3,2,8,Low Value
11360,20,13,365759.41,4,5,4,13,High Value
11361,14,9,257833.83000000002,4,4,3,11,Medium Value
11362,90,7,324188.65,1,2,4,7,Low Value
11363,99,8,341503.7,1,3,4,8,Low Value
11364,10,13,418188.96,4,5,5,14,High Value
11365,40,12,258545.98,2,5,3,10,Medium Value
11366,3,14,526218.8200000001,5,5,5,15,High Value
11367,64,7,271313.47,2,2,3,7,Low Value
11368,2,10,358250.88,5,4,4,13,High Value
11369,4,14,446488.02,5,5,5,15,High Value
11370,21,8,314091.57,4,3,4,11,Medium Value
11371,37,10,432891.81,3,4,5,12,Medium Value
11372,34,11,301575.36,3,5,4,12,Medium Value
11373,99,7,236034.07,1,2,3,6,At Risk
11374,2,8,369850.88,5,3,5,13,High Value
11375,192,5,222049.69,1,1,2,4,At Risk
11376,65,8,148834.22,2,3,1,6,At Risk
11377,80,5,176444.86000000002,1,1,2,4,At Risk
11378,25,6,185490.93,3,2,2,7,Low Value
11379,45,7,207126.91999999998,2,2,2,6,At Risk
11380,48,7,154242.64,2,2,1,5,At Risk
11381,49,10,560759.74,2,4,5,11,Medium Value
11382,189,8,233454.15000000002,1,3,3,7,Low Value
11383,106,12,348611.92,1,5,4,10,Medium Value
11384,19,5,273988.49,4,1,3,8,Low Value
11385,62,11,292582.6,2,5,4,11,Medium Value
11386,15,10,435889.54,4,4,5,13,High Value
11387,42,11,422018.65,2,5,5,12,Medium Value
11388,142,10,196959.16,1,4,2,7,Low Value
11389,1,8,184807.05,5,3,2,10,Medium Value
11390,43,9,294215.49,2,4,4,10,Medium Value
11391,86,7,193598.94,1,2,2,5,At Risk
11392,44,13,414650.91,2,5,5,12,Medium Value
11393,19,7,337047.59,4,2,4,10,Medium Value
11394,41,11,323488.76,2,5,4,11,Medium Value
11395,59,8,409958.88,2,3,5,10,Medium Value
11396,102,4,181210.79,1,1,2,4,At Risk
11397,60,10,328133.35,2,4,4,10,Medium Value
11398,3,7,122921.17,5,2,1,8,Low Value
11399,7,15,537308.11,5,5,5,15,High Value
11400,31,10,202196.72999999998,3,4,2,9,Low Value
11401,61,8,122850.79,2,3,1,6,At Risk
11402,10,9,226970.99,4,4,3,11,Medium Value
11403,57,6,274559.33,2,2,3,7,Low Value
11404,39,10,386519.98,3,4,5,12,Medium Value
11405,93,5,182714.61,1,1,2,4,At Risk
11406,213,6,178513.11000000002,1,2,2,5,At Risk
11407,40,11,256630.84,2,5,3,10,Medium Value
11408,128,7,219558.47,1,3,2,6,At Risk
11409,10,10,431268.4,4,4,5,13,High Value
11410,88,8,130114.40000000001,1,3,1,5,At Risk
11411,4,8,208095.61,5,3,2,10,Medium Value
11412,10,7,240703.91,4,3,3,10,Medium Value
11413,13,7,290555.84,4,3,4,11,Medium Value
11414,58,11,338764.68,2,5,4,11,Medium Value
11415,57,8,248358.28999999998,2,3,3,8,Low Value
11416,45,12,381261.26,2,5,5,12,Medium Value
11417,138,5,195090.11,1,1,2,4,At Risk
11418,99,7,278484.07,1,3,3,7,Low Value
11419,26,12,352073.72000000003,3,5,4,12,Medium Value
11420,9,7,255426.02,4,3,3,10,Medium Value
11421,3,2,103551.71,5,1,1,7,Low Value
11422,74,12,389587.17,1,5,5,11,Medium Value
11423,79,8,263599.96,1,3,3,7,Low Value
11424,26,7,267592.24,3,3,3,9,Low Value
11425,21,14,283223.97,4,5,3,12,Medium Value
11426,79,7,154532.86000000002,1,3,1,5,At Risk
11427,4,10,370482.31,5,4,5,14,High Value
11428,6,9,358954.58999999997,5,4,4,13,High Value
11429,14,12,563426.51,4,5,5,14,High Value
11430,54,11,344832.27999999997,2,5,4,11,Medium Value
11431,25,11,388022.73,3,5,5,13,High Value
11432,34,13,386278.77999999997,3,5,5,13,High Value
11433,30,12,341986.32,3,5,4,12,Medium Value
11434,24,9,343283.58,3,4,4,11,Medium Value
11435,20,7,194724.94,4,3,2,9,Low Value
11436,14,13,309433.69,4,5,4,13,High Value
11437,47,13,339309.75,2,5,4,11,Medium Value
11438,37,8,204676.94,3,3,2,8,Low Value
11439,1,6,155709.44,5,2,1,8,Low Value
11440,12,13,361980.79,4,5,4,13,High Value
11441,8,13,432452.62,5,5,5,15,High Value
11442,74,7,202991.22,1,3,2,6,At Risk
11443,114,5,149189.04,1,1,1,3,At Risk
11444,70,5,118701.33,2,1,1,4,At Risk
11445,21,12,260697.5,4,5,3,12,Medium Value
11446,26,6,104247.37,3,2,1,6,At Risk
11447,70,7,170289.66,2,3,2,7,Low Value
11448,16,13,316412.15,4,5,4,13,High Value
11449,151,8,311173.01,1,3,4,8,Low Value
11450,27,14,442195.39,3,5,5,13,High Value
11451,168,9,343916.08,1,4,4,9,Low Value
11452,5,12,351212.25,5,5,4,14,High Value
11453,65,11,325371.54,2,5,4,11,Medium Value
11454,16,15,357770.75,4,5,4,13,High Value
11455,20,9,283779.76,4,4,3,11,Medium Value
11456,205,4,202704.49000000002,1,1,2,4,At Risk
11457,61,6,181358.37,2,2,2,6,At Risk
11458,12,9,472223.86,4,4,5,13,High Value
11459,76,9,230249.86000000002,1,4,3,8,Low Value
11460,25,4,106688.35,3,1,1,5,At Risk
11461,57,5,164861.64,2,1,2,5,At Risk
11462,14,6,263695.9,4,2,3,9,Low Value
11463,38,7,218846.22999999998,3,3,2,8,Low Value
11464,41,7,255131.17,2,3,3,8,Low Value
11465,33,11,311281.02999999997,3,5,4,12,Medium Value
11466,60,9,374084.98,2,4,5,11,Medium Value
11467,51,9,193319.33000000002,2,4,2,8,Low Value
11468,86,9,338004.25,1,4,4,9,Low Value
11469,5,13,246749.55,5,5,3,13,High Value
11470,82,6,140043.4,1,2,1,4,At Risk
11471,24,5,172241.5,3,1,2,6,At Risk
11472,105,4,261770.69,1,1,3,5,At Risk
11473,6,9,189397.17,5,4,2,11,Medium Value
11474,105,9,234822.27,1,4,3,8,Low Value
11475,19,7,136893.11,4,3,1,8,Low Value
11476,44,9,144031.99,2,4,1,7,Low Value
11477,3,10,233697.13,5,4,3,12,Medium Value
11478,84,9,232043.13,1,4,3,8,Low Value
11479,11,13,691373.61,4,5,5,14,High Value
11480,12,7,189071.80000000002,4,3,2,9,Low Value
11481,33,8,240572.78,3,3,3,9,Low Value
11482,106,6,170275.24,1,2,2,5,At Risk
11483,4,7,144849.66,5,3,1,9,Low Value
11484,11,11,460966.64999999997,4,5,5,14,High Value
11485,25,7,289038.74,3,3,4,10,Medium Value
11486,10,10,576899.47,4,4,5,13,High Value
11487,2,10,404670.35,5,4,5,14,High Value
11488,11,10,278610.83999999997,4,4,3,11,Medium Value
11489,33,7,307833.69,3,3,4,10,Medium Value
11490,23,8,259060.71,3,3,3,9,Low Value
11491,111,5,208424.55,1,1,2,4,At Risk
11492,6,5,109954.95999999999,5,1,1,7,Low Value
11493,2,7,174087.68,5,3,2,10,Medium Value
11494,37,11,671457.85,3,5,5,13,High Value
11495,141,5,87354.51000000001,1,1,1,3,At Risk
11496,6,12,437315.4,5,5,5,15,High Value
11497,26,7,148970.43,3,3,1,7,Low Value
11498,118,13,605736.09,1,5,5,11,Medium Value
11499,107,4,138914.58,1,1,1,3,At Risk
11500,62,10,541760.42,2,4,5,11,Medium Value
11501,8,11,290612.77,5,5,4,14,High Value
11502,71,8,197570.22,2,3,2,7,Low Value
11503,17,9,179699.63,4,4,2,10,Medium Value
11504,45,10,223738.47999999998,2,4,2,8,Low Value
11505,8,10,264948.3,5,4,3,12,Medium Value
11506,186,5,110947.18,1,1,1,3,At Risk
11507,5,5,131038.59,5,1,1,7,Low Value
11508,24,14,621042.38,3,5,5,13,High Value
11509,0,10,363326.21,5,4,4,13,High Value
11510,22,13,393627.3,3,5,5,13,High Value
11511,205,6,281422.19,1,2,3,6,At Risk
11512,30,9,428890.37,3,4,5,12,Medium Value
11513,329,2,76340.92,1,1,1,3,At Risk
11514,4,4,162065.29,5,1,2,8,Low Value
11515,58,7,88268.0,2,3,1,6,At Risk
11516,57,5,165374.36000000002,2,1,2,5,At Risk
11517,32,9,334029.19,3,4,4,11,Medium Value
11518,74,8,190738.08,1,3,2,6,At Risk
11519,53,8,156399.82,2,3,1,6,At Risk
11520,76,7,251932.68,1,3,3,7,Low Value
11521,73,6,205429.99,1,2,2,5,At Risk
11522,45,11,367139.09,2,5,4,11,Medium Value
11523,83,6,139924.52,1,2,1,4,At Risk
11524,48,16,587568.14,2,5,5,12,Medium Value
11525,29,4,79241.16,3,1,1,5,At Risk
11526,100,13,402277.45,1,5,5,11,Medium Value
11527,38,8,292173.70999999996,3,3,4,10,Medium Value
11528,89,7,263040.91,1,3,3,7,Low Value
11529,4,12,421920.05000000005,5,5,5,15,High Value
11530,28,7,244866.53,3,3,3,9,Low Value
11531,11,11,215811.89,4,5,2,11,Medium Value
11532,17,10,260238.54,4,4,3,11,Medium Value
11533,26,10,550118.72,3,4,5,12,Medium Value
11534,75,5,122711.51000000001,1,1,1,3,At Risk
11535,18,7,243554.86,4,3,3,10,Medium Value
11536,19,8,290896.02,4,3,4,11,Medium Value
11537,88,7,273647.92,1,3,3,7,Low Value
11538,39,13,395226.32,3,5,5,13,High Value
11539,56,7,99251.23999999999,2,3,1,6,At Risk
11540,68,3,90713.85,2,1,1,4,At Risk
11541,5,10,349055.95,5,4,4,13,High Value
11542,42,4,70543.38,2,1,1,4,At Risk
11543,23,11,403977.14,3,5,5,13,High Value
11544,16,4,107855.23999999999,4,1,1,6,At Risk
11545,52,10,333769.77,2,4,4,10,Medium Value
11546,78,6,130569.63,1,2,1,4,At Risk
11547,45,9,325107.75,2,4,4,10,Medium Value
11548,2,11,402802.71,5,5,5,15,High Value
11549,4,15,374390.49,5,5,5,15,High Value
11550,26,11,231164.28,3,5,3,11,Medium Value
11551,27,7,179807.27,3,3,2,8,Low Value
11552,30,12,481057.96,3,5,5,13,High Value
11553,10,8,208933.79,4,3,2,9,Low Value
11554,45,6,142364.28,2,2,1,5,At Risk
11555,11,7,262809.73,4,3,3,10,Medium Value
11556,97,8,231164.72999999998,1,3,3,7,Low Value
11557,1,8,265579.98,5,3,3,11,Medium Value
11558,33,11,405916.87,3,5,5,13,High Value
11559,72,3,76998.06999999999,1,1,1,3,At Risk
11560,104,5,202483.96000000002,1,1,2,4,At Risk
11561,19,6,157958.88,4,2,1,7,Low Value
11562,47,4,160435.79,2,1,1,4,At Risk
11563,55,5,376318.14,2,1,5,8,Low Value
11564,2,6,126749.9,5,2,1,8,Low Value
11565,42,7,244796.6,2,3,3,8,Low Value
11566,8,11,424656.78,5,5,5,15,High Value
11567,22,9,226931.99,3,4,3,10,Medium Value
11568,62,5,105568.46,2,1,1,4,At Risk
11569,6,4,101717.97,5,1,1,7,Low Value
11570,65,6,152935.61,2,2,1,5,At Risk
11571,14,10,470846.14,4,4,5,13,High Value
11572,41,10,323824.23,2,4,4,10,Medium Value
11573,8,7,196696.31,5,3,2,10,Medium Value
11574,65,5,93109.28,2,1,1,4,At Risk
11575,149,4,266347.03,1,1,3,5,At Risk
11576,114,2,101185.54,1,1,1,3,At Risk
11577,6,8,188775.83000000002,5,3,2,10,Medium Value
11578,30,8,298255.68,3,3,4,10,Medium Value
11579,133,3,87936.97,1,1,1,3,At Risk
11580,60,11,387733.33,2,5,5,12,Medium Value
11581,54,6,271539.04000000004,2,2,3,7,Low Value
11582,29,8,212072.65000000002,3,3,2,8,Low Value
11583,17,7,261932.69,4,3,3,10,Medium Value
11584,24,11,548458.24,3,5,5,13,High Value
11585,14,10,313102.04,4,4,4,12,Medium Value
11586,29,8,421506.24,3,3,5,11,Medium Value
11587,44,6,417083.97000000003,2,2,5,9,Low Value
11588,5,9,335083.3,5,4,4,13,High Value
11589,25,9,139297.58,3,4,1,8,Low Value
11590,86,9,274914.69,1,4,3,8,Low Value
11591,19,11,143425.82,4,5,1,10,Medium Value
11592,66,9,204015.31,2,4,2,8,Low Value
11593,51,7,148386.66999999998,2,3,1,6,At Risk
11594,42,9,244570.06,2,4,3,9,Low Value
11595,51,5,218362.17,2,1,2,5,At Risk
11596,11,11,157012.11,4,5,1,10,Medium Value
11597,6,8,197280.63,5,3,2,10,Medium Value
11598,97,3,80617.26,1,1,1,3,At Risk
11599,38,9,373539.27999999997,3,4,5,12,Medium Value
11600,9,4,105556.32,4,1,1,6,At Risk
11601,3,7,265549.65,5,3,3,11,Medium Value
11602,19,9,232479.38,4,4,3,11,Medium Value
11603,68,16,421426.7,2,5,5,12,Medium Value
11604,4,9,347153.13,5,4,4,13,High Value
11605,13,17,670359.38,4,5,5,14,High Value
11606,16,12,288024.19,4,5,3,12,Medium Value
11607,277,6,121346.37,1,2,1,4,At Risk
11608,22,4,121813.58,3,1,1,5,At Risk
11609,30,9,200992.1,3,4,2,9,Low Value
11610,22,6,154620.86,3,2,1,6,At Risk
11611,64,6,129659.16,2,2,1,5,At Risk
11612,66,3,62177.94,2,1,1,4,At Risk
11613,19,8,179245.77000000002,4,3,2,9,Low Value
11614,70,6,156683.87,2,2,1,5,At Risk
11615,221,4,124058.45,1,1,1,3,At Risk
11616,35,16,519014.12,3,5,5,13,High Value
11617,216,6,131707.82,1,2,1,4,At Risk
11618,87,7,261986.82,1,3,3,7,Low Value
11619,2,12,264903.62,5,5,3,13,High Value
11620,110,11,273820.01,1,5,3,9,Low Value
11621,10,11,426728.37,4,5,5,14,High Value
11622,31,7,167326.62,3,3,2,8,Low Value
11623,19,6,153814.04,4,2,1,7,Low Value
11624,42,7,297031.61,2,3,4,9,Low Value
11625,20,11,473716.69,4,5,5,14,High Value
11626,18,15,545554.68,4,5,5,14,High Value
11627,16,8,274019.26,4,3,3,10,Medium Value
11628,40,9,286692.22,2,4,3,9,Low Value
11629,51,6,229436.52,2,2,3,7,Low Value
11630,28,8,294878.63,3,3,4,10,Medium Value
11631,33,5,183213.97,3,1,2,6,At Risk
11632,73,12,209576.72,1,5,2,8,Low Value
11633,7,9,178538.17,5,4,2,11,Medium Value
11634,65,10,290322.44,2,4,4,10,Medium Value
11635,31,6,134983.07,3,2,1,6,At Risk
11636,4,12,460898.15,5,5,5,15,High Value
11637,23,8,274452.67,3,3,3,9,Low Value
11638,31,13,620429.53,3,5,5,13,High Value
11639,12,5,162308.0,4,1,2,7,Low Value
11640,37,7,272158.31,3,3,3,9,Low Value
11641,5,6,68042.72,5,2,1,8,Low Value
11642,46,3,42973.18,2,1,1,4,At Risk
11643,2,10,328341.15,5,4,4,13,High Value
11644,10,8,95567.88,4,3,1,8,Low Value
11645,61,9,387096.33999999997,2,4,5,11,Medium Value
11646,151,8,161163.85,1,3,1,5,At Risk
11647,80,10,353909.78,1,4,4,9,Low Value
11648,21,12,264747.35,4,5,3,12,Medium Value
11649,45,6,196387.15,2,2,2,6,At Risk
11650,144,6,129294.15,1,2,1,4,At Risk
11651,9,8,201728.0,4,3,2,9,Low Value
11652,21,11,223155.77000000002,4,5,2,11,Medium Value
11653,10,13,557046.18,4,5,5,14,High Value
11654,3,8,233981.72,5,3,3,11,Medium Value
11655,53,5,189311.45,2,1,2,5,At Risk
11656,13,10,181353.94999999998,4,4,2,10,Medium Value
11657,12,8,292561.93,4,3,4,11,Medium Value
11658,25,5,132904.69,3,1,1,5,At Risk
11659,9,7,260972.12,4,3,3,10,Medium Value
11660,122,5,145263.79,1,1,1,3,At Risk
11661,58,10,231617.16,2,4,3,9,Low Value
11662,45,5,135757.80000000002,2,1,1,4,At Risk
11663,0,9,217091.68,5,4,2,11,Medium Value
11664,5,9,339467.8,5,4,4,13,High Value
11665,14,14,522571.29,4,5,5,14,High Value
11666,41,5,222874.94,2,1,2,5,At Risk
11667,0,7,318324.75999999995,5,3,4,12,Medium Value
11668,41,11,353875.92,2,5,4,11,Medium Value
11669,25,12,267869.89,3,5,3,11,Medium Value
11670,135,5,83052.94,1,1,1,3,At Risk
11671,5,9,226620.5,5,4,3,12,Medium Value
11672,79,8,294879.72000000003,1,3,4,8,Low Value
11673,35,8,341930.21,3,3,4,10,Medium Value
11674,36,7,272823.12,3,3,3,9,Low Value
11675,7,6,89762.18,5,2,1,8,Low Value
11676,34,5,134957.44,3,1,1,5,At Risk
11677,139,6,169209.05,1,2,2,5,At Risk
11678,0,8,252153.40000000002,5,3,3,11,Medium Value
11679,28,2,85800.9,3,1,1,5,At Risk
11680,18,9,391944.69,4,4,5,13,High Value
11681,44,9,232672.3,2,4,3,9,Low Value
11682,21,7,281289.86,4,3,3,10,Medium Value
11683,32,8,225468.08000000002,3,3,3,9,Low Value
11684,40,12,389863.98,2,5,5,12,Medium Value
11685,24,11,354214.56,3,5,4,12,Medium Value
11686,27,5,140434.65,3,1,1,5,At Risk
11687,5,9,217540.16,5,4,2,11,Medium Value
11688,14,6,295264.48,4,2,4,10,Medium Value
11689,7,11,335878.79000000004,5,5,4,14,High Value
11690,83,10,280110.67,1,4,3,8,Low Value
11691,56,10,245178.13,2,4,3,9,Low Value
11692,11,10,456665.62,4,4,5,13,High Value
11693,42,7,265735.24,2,3,3,8,Low Value
11694,109,5,129840.63,1,1,1,3,At Risk
11695,45,6,197444.77000000002,2,2,2,6,At Risk
11696,46,7,145157.38,2,3,1,6,At Risk
11697,13,7,151248.87,4,3,1,8,Low Value
11698,52,9,366021.1,2,4,4,10,Medium Value
11699,10,8,316876.03,4,3,4,11,Medium Value
11700,55,6,167946.0,2,2,2,6,At Risk
11701,4,3,63861.030000000006,5,1,1,7,Low Value
11702,30,4,210864.4,3,1,2,6,At Risk
11703,110,13,465906.42,1,5,5,11,Medium Value
11704,12,16,674711.86,4,5,5,14,High Value
11705,87,8,457574.35000000003,1,3,5,9,Low Value
11706,7,10,325777.51,5,4,4,13,High Value
11707,11,7,156876.95,4,3,1,8,Low Value
11708,56,11,578541.71,2,5,5,12,Medium Value
11709,33,7,164961.28,3,3,2,8,Low Value
11710,4,11,375541.86,5,5,5,15,High Value
11711,182,6,190196.1,1,2,2,5,At Risk
11712,97,9,125988.02,1,4,1,6,At Risk
11713,120,9,339771.16000000003,1,4,4,9,Low Value
11714,22,7,271925.67,3,3,3,9,Low Value
11715,38,9,331517.53,3,4,4,11,Medium Value
11716,53,9,204001.46,2,4,2,8,Low Value
11717,21,5,207309.79,4,1,2,7,Low Value
11718,27,14,422019.59,3,5,5,13,High Value
11719,11,12,416304.82,4,5,5,14,High Value
11720,11,13,224348.94,4,5,2,11,Medium Value
11721,30,8,336786.67,3,3,4,10,Medium Value
11722,212,3,44711.61,1,1,1,3,At Risk
11723,9,6,202623.03,4,2,2,8,Low Value
11724,71,9,201116.82,2,4,2,8,Low Value
11725,34,5,157314.88999999998,3,1,1,5,At Risk
11726,25,11,426187.98,3,5,5,13,High Value
11727,37,12,347924.26,3,5,4,12,Medium Value
11728,61,7,130002.62,2,3,1,6,At Risk
11729,45,6,195807.7,2,2,2,6,At Risk
11730,11,6,255625.74,4,2,3,9,Low Value
11731,42,8,359572.77,2,3,4,9,Low Value
11732,0,8,174565.81,5,3,2,10,Medium Value
11733,20,9,327009.27999999997,4,4,4,12,Medium Value
11734,112,7,177232.14,1,3,2,6,At Risk
11735,14,11,364443.67,4,5,4,13,High Value
11736,29,7,382905.51,3,3,5,11,Medium Value
11737,5,10,265495.45,5,4,3,12,Medium Value
11738,25,10,304442.19,3,4,4,11,Medium Value
11739,28,11,299073.48,3,5,4,12,Medium Value
11740,78,7,284652.2,1,3,3,7,Low Value
11741,11,10,272482.86,4,4,3,11,Medium Value
11742,25,9,367158.52999999997,3,4,4,11,Medium Value
11743,120,4,94030.42,1,1,1,3,At Risk
11744,1,9,482289.3,5,4,5,14,High Value
11745,23,9,261034.78999999998,3,4,3,10,Medium Value
11746,40,7,108027.31999999999,2,3,1,6,At Risk
11747,70,5,63746.15,2,1,1,4,At Risk
11748,4,11,152021.12,5,5,1,11,Medium Value
11749,48,15,358629.49,2,5,4,11,Medium Value
11750,93,5,265591.72,1,1,3,5,At Risk
11751,0,5,223404.14,5,1,2,8,Low Value
11752,97,6,189290.93,1,2,2,5,At Risk
11753,14,10,454588.58,4,4,5,13,High Value
11754,21,9,447199.89,4,4,5,13,High Value
11755,19,12,735686.65,4,5,5,14,High Value
11756,30,8,282639.57,3,3,3,9,Low Value
11757,44,7,197820.87,2,3,2,7,Low Value
11758,36,10,589742.98,3,4,5,12,Medium Value
11759,68,8,257242.58,2,3,3,8,Low Value
11760,148,8,118045.90000000001,1,3,1,5,At Risk
11761,9,6,197858.65999999997,4,2,2,8,Low Value
11762,37,5,121568.97,3,1,1,5,At Risk
11763,60,9,190018.71999999997,2,4,2,8,Low Value
11764,11,11,537543.85,4,5,5,14,High Value
11765,24,11,291850.33,3,5,4,12,Medium Value
11766,60,8,258521.77000000002,2,3,3,8,Low Value
11767,0,8,142016.65,5,3,1,9,Low Value
11768,23,9,177346.24,3,4,2,9,Low Value
11769,11,11,375475.49,4,5,5,14,High Value
11770,24,9,313819.2,3,4,4,11,Medium Value
11771,108,7,126569.91,1,3,1,5,At Risk
11772,91,8,268756.22,1,3,3,7,Low Value
11773,33,11,380714.73,3,5,5,13,High Value
11774,64,6,193870.74,2,2,2,6,At Risk
11775,13,12,593013.08,4,5,5,14,High Value
11776,45,16,471952.82,2,5,5,12,Medium Value
11777,0,13,407231.14,5,5,5,15,High Value
11778,86,7,264724.2,1,3,3,7,Low Value
11779,5,11,401595.98,5,5,5,15,High Value
11780,46,9,225415.37,2,4,3,9,Low Value
11781,36,7,83098.61,3,3,1,7,Low Value
11782,94,5,240499.91999999998,1,1,3,5,At Risk
11783,104,9,87056.31,1,4,1,6,At Risk
11784,4,7,191623.72999999998,5,3,2,10,Medium Value
11785,218,6,285857.98,1,2,3,6,At Risk
11786,14,10,222744.28,4,4,2,10,Medium Value
11787,16,8,255301.57,4,3,3,10,Medium Value
11788,62,9,321828.35,2,4,4,10,Medium Value
11789,43,4,97059.12,2,1,1,4,At Risk
11790,0,7,199801.5,5,3,2,10,Medium Value
11791,17,6,204382.08000000002,4,2,2,8,Low Value
11792,26,9,356759.61,3,4,4,11,Medium Value
11793,191,4,112178.01000000001,1,1,1,3,At Risk
11794,114,10,261723.4,1,4,3,8,Low Value
11795,112,7,291256.02999999997,1,3,4,8,Low Value
11796,3,13,392477.65,5,5,5,15,High Value
11797,4,9,209923.35,5,4,2,11,Medium Value
11798,15,9,127957.58,4,4,1,9,Low Value
11799,50,6,143233.6,2,2,1,5,At Risk
11800,28,7,329594.87,3,3,4,10,Medium Value
11801,96,5,153871.01,1,1,1,3,At Risk
11802,7,11,317979.88,5,5,4,14,High Value
11803,18,13,411587.56,4,5,5,14,High Value
11804,89,10,303836.01,1,4,4,9,Low Value
11805,69,10,256441.99,2,4,3,9,Low Value
11806,45,5,176881.47,2,1,2,5,At Risk
11807,40,8,220653.22,2,3,2,7,Low Value
11808,23,7,135615.24,3,3,1,7,Low Value
11809,118,10,385445.59,1,4,5,10,Medium Value
11810,9,6,157577.81,4,2,1,7,Low Value
11811,103,8,392250.14,1,3,5,9,Low Value
11812,51,9,236800.51,2,4,3,9,Low Value
11813,153,7,206740.25,1,3,2,6,At Risk
11814,51,10,349688.01,2,4,4,10,Medium Value
11815,42,6,194697.68,2,2,2,6,At Risk
11816,0,6,161506.15,5,2,1,8,Low Value
11817,29,10,379330.9,3,4,5,12,Medium Value
11818,41,6,128275.85,2,2,1,5,At Risk
11819,14,11,302749.37,4,5,4,13,High Value
11820,43,7,318977.49,2,3,4,9,Low Value
11821,18,9,286867.24,4,4,3,11,Medium Value
11822,53,6,322231.69,2,2,4,8,Low Value
11823,55,11,397215.68,2,5,5,12,Medium Value
11824,24,12,286752.33999999997,3,5,3,11,Medium Value
11825,32,4,129177.68,3,1,1,5,At Risk
11826,9,12,349638.37,4,5,4,13,High Value
11827,65,9,295757.28,2,4,4,10,Medium Value
11828,16,8,391119.78,4,3,5,12,Medium Value
11829,73,6,164698.65,1,2,2,5,At Risk
11830,15,5,339146.77,4,1,4,9,Low Value
11831,56,6,194077.18,2,2,2,6,At Risk
11832,92,10,230598.13,1,4,3,8,Low Value
11833,15,4,80715.46,4,1,1,6,At Risk
11834,63,12,407227.22000000003,2,5,5,12,Medium Value
11835,0,15,694706.73,5,5,5,15,High Value
11836,29,9,262084.31,3,4,3,10,Medium Value
11837,90,10,386622.59,1,4,5,10,Medium Value
11838,28,10,433215.27,3,4,5,12,Medium Value
11839,47,6,166912.45,2,2,2,6,At Risk
11840,31,9,269008.52,3,4,3,10,Medium Value
11841,62,6,123571.51,2,2,1,5,At Risk
11842,33,11,281476.19,3,5,3,11,Medium Value
11843,6,3,79584.9,5,1,1,7,Low Value
11844,2,10,492991.77,5,4,5,14,High Value
11845,5,5,134983.07,5,1,1,7,Low Value
11846,23,10,309684.16,3,4,4,11,Medium Value
11847,146,3,48106.47,1,1,1,3,At Risk
11848,52,8,190966.30000000002,2,3,2,7,Low Value
11849,22,11,406352.66000000003,3,5,5,13,High Value
11850,19,9,218423.59,4,4,2,10,Medium Value
11851,15,3,78574.06,4,1,1,6,At Risk
11852,52,6,304042.16,2,2,4,8,Low Value
11853,45,14,622670.0700000001,2,5,5,12,Medium Value
11854,97,10,362752.0,1,4,4,9,Low Value
11855,47,6,234072.32,2,2,3,7,Low Value
11856,13,10,225257.66,4,4,3,11,Medium Value
11857,4,10,279916.25,5,4,3,12,Medium Value
11858,130,10,370762.81,1,4,5,10,Medium Value
11859,34,9,171764.76,3,4,2,9,Low Value
11860,49,8,261751.16,2,3,3,8,Low Value
11861,22,10,302810.18,3,4,4,11,Medium Value
11862,19,7,125373.79000000001,4,3,1,8,Low Value
11863,10,8,203771.72,4,3,2,9,Low Value
11864,4,3,128028.1,5,1,1,7,Low Value
11865,33,8,264902.81,3,3,3,9,Low Value
11866,31,10,365677.81,3,4,4,11,Medium Value
11867,63,6,119800.49,2,2,1,5,At Risk
11868,138,6,146854.16,1,2,1,4,At Risk
11869,10,10,289024.99,4,4,4,12,Medium Value
11870,37,14,428080.37,3,5,5,13,High Value
11871,59,10,240415.56,2,4,3,9,Low Value
11872,2,9,288666.62,5,4,3,12,Medium Value
11873,3,12,282085.79,5,5,3,13,High Value
11874,25,10,275956.13,3,4,3,10,Medium Value
11875,36,9,292579.85,3,4,4,11,Medium Value
11876,3,6,233898.04,5,2,3,10,Medium Value
11877,32,5,56152.76,3,1,1,5,At Risk
11878,24,14,413516.37,3,5,5,13,High Value
11879,10,7,206952.05,4,3,2,9,Low Value
11880,17,12,249041.07,4,5,3,12,Medium Value
11881,13,8,220374.5,4,3,2,9,Low Value
11882,14,10,455228.52,4,4,5,13,High Value
11883,33,8,192510.74,3,3,2,8,Low Value
11884,129,2,23874.34,1,1,1,3,At Risk
11885,37,7,287921.45999999996,3,3,3,9,Low Value
11886,27,7,197195.69,3,3,2,8,Low Value
11887,333,1,35933.2,1,1,1,3,At Risk
11888,82,7,150174.09,1,3,1,5,At Risk
11889,120,7,235330.40000000002,1,3,3,7,Low Value
11890,75,6,236993.76,1,2,3,6,At Risk
11891,9,9,305617.82999999996,4,4,4,12,Medium Value
11892,20,7,114343.78,4,3,1,8,Low Value
11893,24,12,441993.32,3,5,5,13,High Value
11894,119,5,217259.31,1,1,2,4,At Risk
11895,7,6,153085.65,5,2,1,8,Low Value
11896,92,10,722381.42,1,4,5,10,Medium Value
11897,78,6,237714.85,1,2,3,6,At Risk
11898,23,4,116920.23,3,1,1,5,At Risk
11899,146,2,105599.63999999998,1,1,1,3,At Risk
11900,7,10,302695.16,5,4,4,13,High Value
11901,44,6,192638.34,2,2,2,6,At Risk
11902,60,8,128986.31,2,3,1,6,At Risk
11903,129,5,200544.35,1,1,2,4,At Risk
11904,0,6,147105.72,5,2,1,8,Low Value
11905,1,16,585156.64,5,5,5,15,High Value
11906,32,9,174723.84,3,4,2,9,Low Value
11907,10,7,171388.21,4,3,2,9,Low Value
11908,6,9,369533.02,5,4,5,14,High Value
11909,62,10,340425.32,2,4,4,10,Medium Value
11910,24,6,209272.58000000002,3,2,2,7,Low Value
11911,38,6,167828.56,3,2,2,7,Low Value
11912,73,4,198155.0,1,1,2,4,At Risk
11913,8,7,147916.81,5,3,1,9,Low Value
11914,6,10,368862.44,5,4,4,13,High Value
11915,21,6,165110.15,4,2,2,8,Low Value
11916,0,17,670028.25,5,5,5,15,High Value
11917,30,9,190681.63,3,4,2,9,Low Value
11918,63,4,93509.57999999999,2,1,1,4,At Risk
11919,11,10,281198.82,4,4,3,11,Medium Value
11920,39,10,322755.26,3,4,4,11,Medium Value
11921,64,9,287484.14,2,4,3,9,Low Value
11922,98,8,203144.72999999998,1,3,2,6,At Risk
11923,70,5,131480.81,2,1,1,4,At Risk
11924,54,3,105671.89000000001,2,1,1,4,At Risk
11925,13,9,317876.9,4,4,4,12,Medium Value
11926,7,3,28395.739999999998,5,1,1,7,Low Value
11927,37,11,238817.11,3,5,3,11,Medium Value
11928,65,10,348021.27999999997,2,4,4,10,Medium Value
11929,0,10,436315.27,5,4,5,14,High Value
11930,12,9,158857.14,4,4,1,9,Low Value
11931,6,8,203577.87,5,3,2,10,Medium Value
11932,43,6,146252.54,2,2,1,5,At Risk
11933,10,10,426562.83999999997,4,4,5,13,High Value
11934,93,9,267170.42,1,4,3,8,Low Value
11935,8,8,122750.04,5,3,1,9,Low Value
11936,68,6,90294.17,2,2,1,5,At Risk
11937,88,5,107690.71,1,1,1,3,At Risk
11938,49,5,179940.00999999998,2,1,2,5,At Risk
11939,80,3,59195.31,1,1,1,3,At Risk
11940,11,12,275691.44,4,5,3,12,Medium Value
11941,9,8,161541.51,4,3,1,8,Low Value
11942,16,10,292493.37,4,4,4,12,Medium Value
11943,19,7,187858.01,4,3,2,9,Low Value
11944,12,4,88781.05,4,1,1,6,At Risk
11945,31,8,379772.1,3,3,5,11,Medium Value
11946,40,7,183827.24,2,3,2,7,Low Value
11947,92,5,187239.81,1,1,2,4,At Risk
11948,165,5,156384.89,1,1,1,3,At Risk
11949,47,7,152338.81,2,3,1,6,At Risk
11950,40,13,319232.08,2,5,4,11,Medium Value
11951,22,11,316372.08999999997,3,5,4,12,Medium Value
11952,12,8,190683.32,4,3,2,9,Low Value
11953,5,9,190386.26,5,4,2,11,Medium Value
11954,53,5,210176.32,2,1,2,5,At Risk
11955,30,8,143642.52,3,3,1,7,Low Value
11956,0,11,341218.34,5,5,4,14,High Value
11957,34,6,186296.63999999998,3,2,2,7,Low Value
11958,16,5,152847.54,4,1,1,6,At Risk
11959,19,11,421420.51,4,5,5,14,High Value
11960,8,13,359933.47,5,5,4,14,High Value
11961,12,11,486881.94,4,5,5,14,High Value
11962,112,10,325812.12,1,4,4,9,Low Value
11963,166,4,75013.84,1,1,1,3,At Risk
11964,267,3,95700.7,1,1,1,3,At Risk
11965,70,8,236896.93,2,3,3,8,Low Value
11966,40,6,265861.48,2,2,3,7,Low Value
11967,25,4,234506.62,3,1,3,7,Low Value
11968,68,10,380651.79,2,4,5,11,Medium Value
11969,22,8,182155.36000000002,3,3,2,8,Low Value
11970,20,13,445952.61,4,5,5,14,High Value
11971,30,5,83042.33,3,1,1,5,At Risk
11972,22,11,210519.33000000002,3,5,2,10,Medium Value
11973,106,11,446501.86,1,5,5,11,Medium Value
11974,42,8,145839.35,2,3,1,6,At Risk
11975,20,14,451364.85,4,5,5,14,High Value
11976,12,9,429400.35,4,4,5,13,High Value
11977,19,8,146486.23,4,3,1,8,Low Value
11978,1,16,548362.61,5,5,5,15,High Value
11979,2,5,209706.49,5,1,2,8,Low Value
11980,188,7,121942.32,1,3,1,5,At Risk
11981,117,5,153141.16999999998,1,1,1,3,At Risk
11982,0,8,187403.51,5,3,2,10,Medium Value
11983,101,7,349954.46,1,3,4,8,Low Value
11984,35,10,251712.74,3,4,3,10,Medium Value
11985,34,5,131469.11,3,1,1,5,At Risk
11986,29,8,322479.88999999996,3,3,4,10,Medium Value
11987,7,10,354083.89,5,4,4,13,High Value
11988,199,4,230562.75999999998,1,1,3,5,At Risk
11989,5,11,274445.39999999997,5,5,3,13,High Value
11990,85,10,436053.36,1,4,5,10,Medium Value
11991,19,9,310815.57,4,4,4,12,Medium Value
11992,19,6,359079.22,4,2,4,10,Medium Value
11993,32,9,188130.94,3,4,2,9,Low Value
11994,26,8,277744.08999999997,3,3,3,9,Low Value
11995,4,14,315205.29,5,5,4,14,High Value
11996,3,9,264213.83,5,4,3,12,Medium Value
11997,27,8,163583.81,3,3,2,8,Low Value
11998,229,4,81037.08,1,1,1,3,At Risk
11999,16,11,281840.91,4,5,3,12,Medium Value
12000,76,10,417203.35,1,4,5,10,Medium Value
